"Format","MoTeC CSV File",,,"Workbook",""
"Venue","",,,"Worksheet",""
"Vehicle","",,,"Vehicle Desc",""
"Driver","",,,"Engine ID",""
"Device","ADL"
"Comment","",,,"Session",""
"Log Date","06/08/2026",,,"Origin Time","0.000","s"
"Log Time","16:13:07",,,"Start Time","0.000","s"
"Sample Rate","20.000","Hz",,"End Time","88.550","s"
"Duration","88.550","s",,"Start Distance","0","m"
"Range","entire outing",,,"End Distance","4586","m"
"Beacon Markers",""


"Time","AERO_V_SPEED","BRK_P_FA","BRK_P_RA","BRK_P_T","CAR_CORNERINV","CAR_D_DIST","CAR_G_AX","CAR_G_AXY","CAR_G_AY","CAR_V_SPEED","CAR_V_YAW","DRS_POS","ENG_V_RPM","GB_GEAR","LAPTIM","RHL_X_FA","RHL_X_RA","SPR_X_FL","SPR_X_FR","SPR_X_RL","SPR_X_RR","STR_A_H","STR_A_WHL","THR_X_THROTTLE_TGT","TYR_LOCK_FA","TYR_LOCK_RA","TYR_MUXFL","TYR_MUXFR","TYR_MUXRL","TYR_MUXRR","TYR_SLIP_FA","TYR_SLIP_RA","TYR_SPIN","WHL_F_FZFL","WHL_F_FZFR","WHL_F_FZRL","WHL_F_FZRR","WHL_V_FL","WHL_V_FR","WHL_V_RL","WHL_V_RR","CAR_V_USOS","CAR_A_USOS","TYR_MUX_FA","TYR_MUX_RA","TYR_X_FL","TYR_X_FR","TYR_X_RL","TYR_X_RR","BRK_T_FL","BRK_T_FR","BRK_T_RL","BRK_T_RR
"
"s","","","","","","","","","","","","","","","","","","","","","","","","","","","","","","","","","","","","","","","","","","","","","","","","","","","","",""


"0.000","248","-0","0","-0","-0","4597","0.3030","0","0.2000","251","2","100","7487","5","0","5","22","5","5","16","15","1","0","100","0","0","0","0","1","1","0","0","0","430","466","471","490","251","251","252","252","-0","-0","0","1","-17","-18","-15","-15","507","554","406","489"
"0.050","247","0","0","0","-0","4601","0.3130","0","0.2000","251","2","100","7510","5","0","4","22","5","5","15","16","1","0","100","0","0","0","0","1","1","0","0","0","435","462","475","492","251","251","253","253","-0","-0","0","1","-17","-18","-15","-15","506","553","406","489"
"0.100","246","0","0","0","-0","4604","0.3140","0","0.2100","252","2","100","7542","5","0","4","22","5","5","16","15","1","0","100","0","0","0","0","1","1","0","0","0","426","463","476","488","252","252","253","253","-0","0","0","1","-17","-18","-15","-15","504","554","406","489"
"0.150","248","0","0","0","-0","4607","0.3290","0","0.2350","252","2","100","7562","5","0","4","22","5","5","15","15","1","0","100","0","0","0","0","1","1","0","0","0","417","469","472","483","252","253","254","254","-0","-0","0","1","-16","-18","-15","-15","505","554","405","488"
"0.200","248","-0","0","-0","-0","2","0.3360","0","0.2570","253","2","100","7576","5","0","4","22","5","5","15","15","1","0","100","0","0","0","0","1","1","0","0","0","418","484","476","498","253","253","254","254","-1","-0","0","1","-16","-19","-15","-16","504","550","405","488"
"0.250","252","0","0","0","-0","6","0.3010","0","0.2470","254","2","100","7596","5","0","3","22","5","5","16","16","1","0","100","0","0","0","0","1","1","0","0","0","425","502","491","498","254","254","255","255","-1","-0","0","1","-17","-20","-15","-16","507","552","405","489"
"0.300","253","0","0","0","-0","9","0.3080","0","0.2460","254","2","100","7599","5","0","3","22","6","6","16","16","1","0","100","0","0","0","0","1","1","0","0","0","459","498","486","495","254","254","256","256","-1","-0","0","1","-18","-20","-15","-15","505","549","405","489"
"0.350","258","-0","0","-0","-0","13","0.2930","0","0.2270","255","2","100","7629","5","0","3","21","6","6","16","16","-0","-0","100","0","0","0","0","1","1","0","0","0","468","486","485","496","255","255","256","256","-2","-0","0","1","-19","-19","-15","-15","504","548","405","488"
"0.400","258","0","0","0","-0","16","0.2640","0","0.1660","255","1","101","7642","5","0","3","22","6","5","16","16","-1","-0","100","0","0","0","0","1","1","0","0","0","458","472","492","490","255","255","256","256","-2","-0","0","1","-18","-18","-15","-15","504","551","405","487"
"0.450","255","0","0","0","-0","20","0.3030","0","0.1050","256","0","100","7650","5","0","3","22","6","5","16","15","-1","-0","100","0","0","0","0","1","1","0","0","0","445","450","480","480","256","256","257","257","-2","-0","0","1","-18","-17","-15","-15","501","548","404","487"
"0.500","253","0","0","0","-0","23","0.2930","0","0.0680","256","0","100","7688","5","1","3","21","5","5","15","15","-1","-0","100","0","0","0","0","1","1","0","0","0","433","454","473","458","256","256","258","258","-2","-0","0","1","-17","-18","-15","-14","504","550","405","485"
"0.550","253","0","0","0","-0","27","0.3290","0","0.0610","257","0","100","7686","5","1","3","21","6","5","15","15","-0","-0","100","0","0","0","0","1","1","0","0","0","476","472","494","475","257","257","258","258","-1","-0","0","1","-19","-18","-15","-15","504","549","405","485"
"0.600","253","0","0","0","-0","30","0.3170","0","0.0650","258","1","100","7697","5","1","3","21","6","6","17","16","-0","-0","100","0","0","0","0","1","1","0","0","0","501","478","541","528","258","258","259","259","-1","-0","0","1","-20","-19","-17","-17","503","549","404","485"
"0.650","249","0","0","0","-0","34","0.2550","0","0.0400","258","1","100","7705","5","1","4","21","6","5","18","18","-1","-0","100","0","0","0","0","1","1","0","0","0","473","467","535","527","258","258","259","259","-2","-0","0","1","-19","-18","-17","-17","502","549","404","486"
"0.700","248","0","0","0","-0","37","0.3110","0","0.0160","258","0","100","7741","5","1","4","21","6","5","16","16","-1","-0","100","0","0","0","0","1","1","0","0","0","453","438","479","477","258","258","260","260","-2","-0","0","1","-18","-17","-15","-15","500","549","403","486"
"0.750","248","-0","0","0","-0","41","0.3070","0","0.0180","259","-0","100","7765","5","1","4","21","5","5","15","14","-1","-0","100","0","0","0","0","1","1","0","0","0","433","445","464","452","259","259","261","260","-1","-0","0","1","-17","-17","-14","-14","501","545","403","487"
"0.800","249","-0","0","-0","-0","45","0.2710","0","0.0210","260","0","100","7779","5","1","4","22","6","5","15","15","-0","-0","100","0","0","0","0","1","1","0","0","0","446","460","484","472","260","260","261","261","-1","-0","0","1","-18","-18","-15","-15","502","548","403","486"
"0.850","251","-0","0","-0","-0","48","0.2790","0","0.0380","260","1","100","7784","5","1","4","23","6","5","16","15","-0","-0","100","0","0","0","0","1","1","0","0","0","463","452","492","491","260","260","261","261","-1","-0","0","1","-18","-17","-15","-15","501","547","403","486"
"0.900","252","0","0","0","-0","52","0.2910","0","0.0810","261","1","100","7815","5","1","4","23","6","6","15","15","-0","-0","100","0","0","0","0","1","1","0","0","0","454","471","479","472","260","261","262","262","-1","-0","0","1","-18","-18","-15","-14","501","548","403","486"
"0.950","252","0","0","0","-0","56","0.2580","0","0.0980","261","1","100","7813","5","1","4","22","5","5","15","15","-0","-0","100","0","0","0","0","1","1","0","0","0","443","476","476","465","261","261","263","262","-1","-0","0","1","-17","-18","-15","-14","500","547","400","485"
"1.000","252","0","0","0","-0","59","0.2660","0","0.0840","262","1","100","7828","5","1","4","23","6","5","15","15","-1","-0","100","0","0","0","0","1","1","0","0","0","460","449","478","481","262","262","263","263","-2","-0","0","1","-18","-17","-15","-15","498","544","403","484"
"1.050","252","0","0","0","-0","63","0.2690","0","0.0630","262","0","100","7842","5","1","4","22","6","5","16","15","-1","-0","100","0","0","0","0","1","1","0","0","0","459","444","476","484","262","262","263","263","-1","-0","0","1","-18","-17","-15","-15","498","544","403","484"
"1.100","252","0","-0","0","-0","66","0.2660","0","0.0310","263","0","100","7851","5","1","4","22","6","5","16","15","-1","-0","100","0","0","0","0","1","1","0","0","0","438","458","477","476","263","263","264","264","-1","-0","0","1","-17","-18","-15","-15","499","545","403","484"
"1.150","253","0","0","0","-0","70","0.2910","0","0.0390","263","0","100","7874","5","1","4","22","6","5","16","15","-0","-0","100","0","0","0","0","1","1","0","0","0","448","484","496","482","263","263","265","265","-1","-0","0","1","-18","-19","-15","-15","499","544","401","484"
"1.200","252","0","0","0","-0","74","0.2640","0","0.0600","264","1","100","7858","5","1","4","22","6","5","16","16","-0","-0","100","0","0","0","0","1","1","0","0","0","467","486","515","496","264","264","265","265","-1","-0","0","1","-18","-19","-16","-15","498","545","401","484"
"1.250","252","-0","0","-0","-0","77","0.2650","0","0.0540","264","1","100","7912","5","1","4","22","6","5","16","16","-0","-0","100","0","0","0","0","1","1","0","0","0","477","468","510","492","264","264","265","265","-1","-0","0","1","-19","-18","-16","-15","499","544","401","484"
"1.300","250","0","0","0","-0","81","0.2800","0","0.0600","265","1","100","7904","5","1","3","21","6","5","16","16","-0","-0","100","0","0","0","0","1","1","0","0","0","467","449","492","485","264","265","266","266","-1","-0","0","1","-18","-17","-15","-15","496","542","400","485"
"1.350","252","0","0","0","-0","85","0.2670","0","0.0470","265","0","100","7902","5","1","3","21","6","5","16","15","-1","-0","100","0","0","0","0","1","1","0","0","0","457","449","473","483","265","265","266","266","-1","-0","0","1","-18","-17","-14","-15","498","543","400","484"
"1.400","254","0","0","0","-0","88","0.2540","0","0.0320","266","0","100","7930","5","1","3","22","6","5","16","15","-0","-0","100","0","0","0","0","1","1","0","0","0","459","466","477","486","266","266","267","267","-1","-0","0","1","-18","-18","-15","-15","495","541","401","483"
"1.450","258","-0","0","-0","-0","92","0.2550","0","0.0330","266","0","100","7957","5","1","3","22","6","5","16","15","-0","-0","100","0","0","0","0","1","1","0","0","0","452","470","488","491","266","266","267","267","-1","-0","0","1","-18","-18","-15","-15","497","542","400","482"
"1.500","260","-0","0","-0","-0","96","0.2350","0","0.0440","266","1","100","7961","5","2","3","22","6","5","16","15","0","0","100","0","0","0","0","1","1","0","0","0","448","478","478","475","266","266","268","268","-1","-0","0","1","-18","-18","-15","-15","496","543","400","481"
"1.550","264","-0","0","-0","-0","99","0.2570","0","0.0640","267","1","100","7980","5","2","3","21","6","6","15","15","0","0","100","0","0","0","0","1","1","0","0","0","446","496","478","469","267","267","268","268","-1","-0","0","1","-17","-19","-15","-14","496","543","400","481"
"1.600","264","0","0","0","-0","103","0.2110","0","0.0950","267","1","100","8001","5","2","3","21","6","5","16","15","0","0","100","0","0","0","0","1","1","0","0","0","445","494","493","490","267","267","269","269","-1","-0","0","1","-17","-19","-15","-15","494","539","400","481"
"1.650","260","-0","0","-0","-0","107","0.2620","0","0.1030","268","1","100","8011","5","2","3","22","6","6","16","15","-0","-0","100","0","0","0","0","1","1","0","0","0","459","501","500","499","268","268","269","269","-1","-0","0","1","-18","-19","-15","-15","494","538","400","481"
"1.700","258","-0","0","-0","-0","111","0.2530","0","0.0910","268","1","100","8020","5","2","3","21","6","6","17","16","-0","-0","100","0","0","0","0","1","1","0","0","0","466","508","502","498","268","268","270","270","-1","-0","0","1","-18","-20","-15","-15","495","541","399","481"
"1.750","260","0","0","0","-0","114","0.2430","0","0.1030","269","1","100","8053","5","2","3","21","6","6","16","16","-0","-0","100","0","0","0","0","1","1","0","0","0","461","502","487","491","269","269","270","270","-1","-0","0","1","-18","-19","-15","-15","494","540","399","480"
"1.800","261","-0","0","-0","-0","118","0.2450","0","0.1070","269","1","100","8050","5","2","3","20","6","6","16","15","0","0","100","0","0","0","0","1","1","0","0","0","490","515","479","488","269","269","270","270","-1","-0","0","1","-19","-20","-15","-15","491","541","399","480"
"1.850","261","0","0","0","-0","122","0.2870","0","0.0850","270","1","100","8056","5","2","3","20","6","6","16","16","0","0","100","0","0","0","0","1","1","0","0","0","509","525","508","520","270","270","271","271","-1","-0","0","1","-20","-20","-16","-16","493","539","399","480"
"1.900","257","-0","0","-0","-0","126","0.2210","0","0.0640","270","1","100","8076","5","2","3","21","6","6","18","18","0","0","100","0","0","0","0","1","1","0","0","0","475","499","528","547","270","270","271","271","-1","-0","0","1","-19","-19","-16","-17","492","537","399","480"
"1.950","258","0","0","0","-0","129","0.2060","0","0.0610","271","1","100","8089","5","2","3","21","6","5","17","17","-0","-0","100","0","0","0","0","1","1","0","0","0","442","463","496","508","271","270","272","272","-1","-0","0","1","-17","-18","-15","-16","492","538","398","480"
"2.000","259","0","-0","0","-0","133","0.2650","0","0.0660","271","1","100","8120","5","2","3","20","6","5","15","14","-0","-0","100","0","0","0","0","1","1","0","0","0","444","459","448","443","271","271","272","272","-1","-0","0","1","-17","-17","-14","-13","490","539","398","480"
"2.050","264","0","0","0","-0","137","0.2710","0","0.0690","272","1","100","8123","5","2","3","20","6","5","14","14","0","0","100","0","0","0","0","1","1","0","0","0","464","468","466","449","272","271","273","273","-1","-0","0","1","-18","-18","-14","-13","489","539","398","479"
"2.100","265","1","0","1","-0","141","0.2220","0","0.0640","272","1","100","8120","5","2","3","21","6","6","17","16","0","0","100","0","0","0","0","1","1","0","0","0","492","486","531","517","272","272","273","273","-1","-0","0","1","-19","-19","-16","-16","491","535","396","479"
"2.150","263","0","0","0","-0","144","0.2340","0","0.0750","272","1","100","8136","5","2","3","21","6","6","19","18","-0","-0","100","0","0","0","0","1","1","0","0","0","509","508","557","548","272","272","273","273","-1","-0","0","1","-20","-20","-17","-17","490","535","397","479"
"2.200","263","-0","0","0","-0","148","0.2020","0","0.0800","273","1","100","8144","5","2","3","21","6","5","18","17","0","0","100","0","0","0","0","1","1","0","0","0","484","499","510","507","273","273","274","274","-1","-0","0","1","-19","-19","-16","-16","490","537","395","479"
"2.250","264","0","0","0","-0","152","0.2410","0","0.0900","273","1","100","8168","5","2","2","20","6","5","15","15","0","0","100","0","0","0","0","1","1","0","0","0","458","485","453","457","273","273","275","275","-1","-0","0","1","-18","-19","-14","-14","489","536","397","478"
"2.300","268","-0","0","-0","-0","156","0.2190","0","0.1090","274","1","100","8183","5","2","2","19","6","6","15","14","0","0","100","0","0","0","0","1","1","0","0","0","466","494","468","465","274","274","275","275","-1","-0","0","1","-18","-19","-14","-14","488","535","397","478"
"2.350","270","0","0","0","-0","159","0.2210","0","0.1170","274","1","100","8174","5","2","2","20","6","6","17","16","0","0","100","0","0","0","0","1","1","0","0","0","492","510","535","516","274","274","275","275","-1","-0","0","1","-19","-20","-17","-16","488","533","396","478"
"2.400","268","0","0","0","-0","163","0.2020","0","0.1070","274","1","100","8193","5","2","2","19","6","6","19","18","0","0","100","0","0","0","0","1","1","0","0","0","512","518","561","552","274","274","276","276","-1","-0","0","1","-20","-20","-17","-17","489","536","395","477"
"2.450","268","0","0","0","-0","167","0.2220","0","0.0870","275","1","100","8169","5","2","1","19","6","6","18","18","-0","-0","100","0","0","0","0","1","1","0","0","0","521","529","533","545","275","275","276","276","-1","-0","0","1","-21","-20","-16","-17","488","535","395","477"
"2.500","269","0","0","0","-0","171","0.2220","0","0.0910","275","1","100","8217","5","3","1","19","6","6","18","17","-0","-0","100","0","0","0","0","1","1","0","0","0","504","504","521","525","275","275","276","276","-1","-0","0","1","-20","-19","-16","-16","485","535","395","476"
"2.550","271","0","-0","0","-0","175","0.1640","0","0.0850","276","1","100","8223","5","3","2","18","6","6","17","17","0","0","100","0","0","0","0","1","1","0","0","0","487","484","500","487","276","275","277","277","-0","-0","0","1","-19","-18","-15","-15","486","532","395","477"
"2.600","271","-0","0","-0","-0","179","0.2830","0","0.0670","276","1","100","8240","5","3","2","19","6","6","16","15","0","0","100","0","0","0","0","1","1","0","0","0","500","504","490","484","276","276","277","277","-0","-0","0","1","-20","-19","-15","-15","488","534","394","477"
"2.650","269","0","0","1","-0","182","0.1640","0","0.0730","276","1","100","8260","5","3","3","20","6","5","18","17","1","0","100","0","0","0","0","1","1","0","0","0","478","492","522","523","276","276","277","278","-0","-0","0","1","-19","-19","-16","-16","487","535","394","474"
"2.700","269","0","0","1","-0","186","0.2270","0","0.0870","277","1","100","8260","5","3","3","21","6","6","17","17","0","0","100","0","0","0","0","1","1","0","0","0","464","492","524","515","277","277","278","278","-0","-0","0","1","-18","-19","-16","-16","484","531","394","475"
"2.750","270","-0","0","-0","-0","190","0.1890","0","0.1120","277","1","100","8287","5","3","2","20","6","6","17","16","0","0","100","0","0","0","0","1","1","0","0","0","474","504","490","482","277","277","278","278","-0","-0","0","1","-18","-19","-15","-15","484","531","394","474"
"2.800","271","0","0","0","-0","194","0.2270","0","0.1150","278","1","100","8303","5","3","2","19","6","6","15","15","1","0","100","0","0","0","0","1","1","0","0","0","486","511","472","473","278","278","278","279","-0","-0","0","1","-19","-20","-14","-14","486","532","394","474"
"2.850","273","0","0","0","-0","198","0.2330","0","0.1160","278","1","100","8319","5","3","2","19","6","6","16","16","0","0","100","0","0","0","0","1","1","0","0","0","512","528","521","519","278","278","279","279","-1","-0","0","1","-20","-20","-16","-16","484","532","393","474"
"2.900","274","-0","0","-0","-0","202","0.1600","0","0.1100","278","1","100","8284","5","3","2","19","6","6","19","19","0","0","100","0","0","0","0","1","1","0","0","0","522","536","567","581","278","278","279","279","-1","-0","0","1","-21","-21","-18","-18","484","533","394","474"
"2.950","276","-0","0","-0","-0","205","0.1910","0","0.1180","278","1","100","8312","5","3","1","18","6","6","19","18","-0","-0","100","0","0","0","0","1","1","0","0","0","518","533","541","546","279","279","279","280","-1","-0","0","1","-20","-21","-17","-17","482","529","394","474"
"3.000","276","0","0","0","-0","209","0.1950","0","0.1130","279","1","100","8336","5","3","1","18","6","6","17","17","-0","-0","100","0","0","0","0","1","1","0","0","0","506","518","503","496","279","279","280","280","-1","-0","0","1","-20","-20","-15","-15","482","530","394","473"
"3.050","277","0","-0","0","-0","213","0.2010","0","0.0930","279","1","100","8342","5","3","1","18","6","6","17","16","-0","0","100","0","0","0","0","1","1","0","0","0","505","517","508","502","279","279","280","280","-1","-0","0","1","-20","-20","-16","-15","482","530","394","473"
"3.100","277","0","0","0","-0","217","0.1740","0","0.0820","280","1","100","8353","5","3","1","19","6","6","18","17","-0","-0","100","0","0","0","0","1","1","0","0","0","503","509","528","520","280","280","281","281","-1","-0","0","1","-20","-19","-16","-16","481","527","393","472"
"3.150","276","-0","0","-0","-0","221","0.1960","0","0.0740","280","1","100","8358","5","3","1","19","6","6","17","17","-0","-0","100","0","0","0","0","1","1","0","0","0","504","510","525","522","280","280","281","281","-1","-0","0","1","-20","-20","-16","-16","481","528","393","472"
"3.200","276","0","0","0","-0","225","0.2030","0","0.0710","280","1","101","8364","5","3","2","19","6","6","17","17","-0","-0","100","0","0","0","0","1","1","0","0","0","517","520","522","511","280","280","281","281","-1","-0","0","1","-20","-20","-16","-15","482","530","392","472"
"3.250","274","-0","0","-0","-0","229","0.1860","0","0.0450","281","0","100","8363","5","3","2","19","6","6","18","17","-0","-0","100","0","0","0","0","1","1","0","0","0","513","507","537","529","281","281","282","282","-1","-0","0","1","-20","-19","-17","-16","481","529","392","472"
"3.300","273","-0","0","-0","-0","233","0.1640","0","0.0330","281","0","100","8407","5","3","2","19","6","6","18","17","-0","-0","100","0","0","0","0","1","1","0","0","0","497","497","523","509","281","281","282","282","-1","-0","0","1","-19","-19","-16","-15","480","526","392","472"
"3.350","271","-0","0","0","-0","237","0.2460","0","0.0130","282","0","100","8390","5","3","2","20","6","6","16","15","-0","-0","100","0","0","0","0","1","1","0","0","0","497","505","492","475","282","281","283","283","-1","-0","0","1","-19","-19","-15","-14","478","527","392","471"
"3.400","271","0","0","0","-0","240","-0.4600","0","0.0260","281","0","100","7788","6","3","2","20","6","6","17","16","-0","-0","100","0","0","0","0","0","0","0","0","0","505","514","494","480","281","281","281","282","-1","-0","0","0","-20","-20","-15","-14","479","528","392","471"
"3.450","271","0","0","0","-0","244","0.1710","0","0.0630","281","1","100","7515","6","3","1","20","6","6","16","15","-0","0","100","0","0","0","0","1","1","0","0","0","522","528","487","472","281","281","276","276","-1","-0","0","1","-20","-20","-15","-14","478","528","391","471"
"3.500","273","0","0","0","-0","248","0.1630","0","0.0890","282","1","100","7521","6","4","1","20","6","6","17","16","0","0","100","0","0","0","0","1","1","0","0","0","526","529","510","497","282","282","278","279","-1","-0","0","1","-21","-20","-16","-15","478","527","390","471"
"3.550","276","0","0","0","-0","252","0.1490","0","0.1010","282","1","100","7526","6","4","1","19","6","6","18","17","0","0","100","0","0","0","0","1","1","0","0","0","518","535","541","538","282","282","280","280","-1","-0","0","1","-20","-21","-17","-16","478","524","389","471"
"3.600","276","-0","0","-0","-0","256","0.1870","0","0.0940","282","1","100","7542","6","4","1","19","6","6","18","18","0","0","100","0","0","0","0","1","1","0","0","0","542","552","537","547","282","282","281","281","-1","-0","0","1","-21","-21","-16","-17","477","526","389","471"
"3.650","274","0","0","0","-0","260","0.1270","0","0.0620","282","0","100","7552","6","4","1","18","6","6","18","18","-0","-0","100","0","0","0","0","1","1","0","0","0","534","544","532","530","282","282","282","282","-1","-0","0","1","-21","-21","-16","-16","475","524","389","469"
"3.700","271","0","0","0","-0","264","0.1670","0","0.0370","283","0","100","7573","6","4","1","18","6","6","18","17","0","0","100","0","0","0","0","1","1","0","0","0","511","530","530","521","283","282","283","283","-0","-0","0","1","-20","-20","-16","-16","477","526","389","470"
"3.750","271","0","0","0","-0","268","0.1130","0","0.0600","283","1","100","7588","6","4","1","18","6","6","18","17","1","0","100","0","0","0","0","1","1","0","0","0","498","522","521","512","283","283","283","283","-0","-0","0","1","-19","-20","-16","-15","476","524","388","469"
"3.800","273","0","0","0","-0","272","0.1840","0","0.0930","283","1","100","7586","6","4","1","19","6","6","17","16","1","0","100","0","0","0","0","1","1","0","0","0","504","540","509","502","283","283","284","284","-0","-0","0","1","-20","-21","-15","-15","474","523","387","469"
"3.850","273","0","0","0","-0","276","0.1340","0","0.1060","283","1","100","7591","6","4","2","20","6","6","18","17","0","0","100","0","0","0","0","1","1","0","0","0","503","528","527","520","283","283","284","284","-1","-0","0","1","-20","-20","-16","-16","474","522","388","469"
"3.900","275","-0","0","-0","-0","280","0.0760","0","0.1010","283","1","100","7575","6","4","2","21","6","6","17","17","-0","-0","100","0","0","0","0","1","1","0","0","0","476","500","500","502","283","283","284","284","-1","-0","0","1","-18","-19","-15","-15","476","524","388","469"
"3.950","277","-0","0","-0","-0","284","0.1580","0","0.1090","284","1","100","7610","6","4","2","20","6","6","15","15","-0","0","100","0","0","0","0","1","1","0","0","0","492","526","458","457","284","284","285","285","-1","-0","0","1","-19","-20","-14","-14","475","525","387","466"
"4.000","276","0","0","0","-0","287","0.1320","0","0.1430","284","1","100","7602","6","4","2","20","6","6","16","15","0","0","100","0","0","0","0","1","1","0","0","0","496","530","490","477","284","284","285","285","-1","-0","0","1","-19","-20","-15","-14","474","525","387","468"
"4.050","277","-0","0","-0","-0","291","0.1020","0","0.1490","284","1","100","7625","6","4","1","20","6","6","17","17","0","0","100","0","0","0","0","1","1","0","0","0","492","524","529","519","284","284","285","285","-1","-0","0","1","-19","-20","-16","-16","474","523","387","469"
"4.100","281","0","0","0","-0","295","0.1180","0","0.0900","284","1","100","7605","6","4","1","20","6","6","17","17","-1","-0","100","0","0","0","0","1","1","0","0","0","532","576","526","518","284","284","285","285","-2","-0","0","1","-21","-22","-16","-16","474","522","387","469"
"4.150","286","-0","-0","-0","-0","299","0.1210","0","0.0540","285","0","100","7626","6","4","1","19","6","6","18","17","-1","-0","100","0","0","0","0","1","1","0","0","0","533","561","546","526","285","285","286","286","-1","-0","0","1","-21","-22","-17","-16","471","522","387","469"
"4.200","286","0","0","0","-0","303","-0.0140","0","0.0260","285","0","100","7617","6","4","1","19","6","6","19","18","-1","-0","100","0","0","0","0","0","0","0","0","0","511","524","534","510","285","284","285","285","-1","-0","0","0","-20","-20","-16","-15","472","522","388","468"
"4.250","285","-0","0","-0","-0","307","0.1630","0","0.0150","285","0","100","7627","6","4","0","18","6","6","17","16","0","0","100","0","0","0","0","1","1","0","0","0","535","550","508","490","285","285","286","286","-1","-0","0","1","-21","-21","-15","-15","472","521","387","467"
"4.300","283","0","0","0","-0","311","0.0550","0","0.0460","285","1","100","7636","6","4","1","18","6","6","18","17","0","0","100","0","0","0","0","1","1","0","0","0","528","546","537","523","285","285","286","286","-1","-0","0","1","-21","-21","-16","-16","470","520","384","467"
"4.350","281","0","0","0","-0","315","0.1200","0","0.0660","285","1","100","7636","6","4","1","19","6","6","18","18","-0","-0","100","0","0","0","0","1","1","0","0","0","522","546","555","541","285","285","286","286","-1","-0","0","1","-20","-21","-17","-17","470","518","385","468"
"4.400","279","0","0","0","-0","319","0.1020","0","0.0710","286","1","100","7640","6","4","1","20","6","6","19","18","-0","-0","100","0","0","0","0","1","1","0","0","0","525","531","540","524","286","285","286","286","-1","-0","0","1","-20","-20","-16","-16","471","520","385","467"
"4.450","276","0","-0","-0","-0","323","0.1130","0","0.0680","286","1","100","7642","6","4","1","19","6","6","17","16","-0","-0","100","0","0","0","0","1","1","0","0","0","498","504","494","483","286","286","286","286","-1","-0","0","1","-19","-19","-15","-14","469","521","385","466"
"4.500","276","0","0","0","-0","327","0.1680","0","0.0880","286","1","100","7636","6","5","1","19","6","6","16","15","-0","-0","100","0","0","0","0","1","1","0","0","0","522","517","486","486","286","286","287","287","-1","-0","0","1","-20","-20","-14","-15","471","518","385","466"
"4.550","279","0","0","0","-0","331","0.1180","0","0.0570","286","1","100","7638","6","5","1","20","6","6","18","17","-1","-0","100","0","0","0","0","1","1","0","0","0","543","534","535","542","286","286","287","287","-1","-0","0","1","-21","-20","-16","-17","469","519","385","466"
"4.600","281","0","-0","0","-0","335","0.1050","0","0.0370","287","0","100","7679","6","5","1","20","6","6","19","18","-1","-0","100","0","0","0","0","1","1","0","0","0","532","535","558","546","287","286","287","287","-1","-0","0","1","-21","-20","-17","-17","464","520","385","466"
"4.650","282","0","0","0","-0","339","0.1290","0","0.0270","287","0","100","7667","6","5","1","20","6","6","17","16","-0","-0","100","0","0","0","0","1","1","0","0","0","514","511","504","486","287","287","288","288","-1","-0","0","1","-20","-19","-15","-15","468","518","385","466"
"4.700","282","-0","0","0","-0","343","0.1540","0","0.0090","287","0","100","7679","6","5","1","19","6","6","16","15","-0","0","100","0","0","0","0","1","1","0","0","0","512","514","480","464","287","287","288","288","-1","-0","0","1","-20","-19","-14","-14","468","518","385","465"
"4.750","283","-0","0","0","-0","347","0.0920","0","0.0550","287","1","100","7677","6","5","1","20","6","6","17","16","0","0","100","0","0","0","0","1","1","0","0","0","526","522","514","500","287","287","288","288","-1","-0","0","1","-20","-20","-15","-15","468","518","384","465"
"4.800","282","0","0","0","-0","351","0.1220","0","0.0530","287","1","100","7693","6","5","1","20","6","6","17","17","-0","-0","100","0","0","0","0","1","1","0","0","0","524","531","522","524","288","288","288","288","-1","-0","0","1","-20","-20","-16","-16","467","516","384","464"
"4.850","285","0","0","0","-0","355","0.1020","0","0.0470","288","0","100","7709","6","5","1","19","6","6","18","17","-1","-0","100","0","0","0","0","1","1","0","0","0","524","541","524","516","288","288","288","288","-1","-0","0","1","-20","-21","-16","-16","466","518","384","464"
"4.900","286","-0","-0","-0","-0","359","0.1350","0","0.0550","288","0","100","7696","6","5","1","19","6","6","17","16","-0","-0","100","0","0","0","0","1","1","0","0","0","524","538","526","509","288","288","289","289","-1","-0","0","1","-20","-20","-16","-15","466","518","382","463"
"4.950","285","-0","-0","-0","-0","363","0.1170","0","0.0760","288","1","100","7715","6","5","1","18","6","6","18","17","0","0","100","0","0","0","0","1","1","0","0","0","522","538","534","520","288","288","289","289","-1","-0","0","1","-20","-20","-16","-16","467","517","383","463"
"5.000","282","0","0","0","-0","367","0.1150","0","0.1210","288","2","100","7699","6","5","1","18","6","6","18","17","1","0","100","0","0","0","0","1","1","0","0","0","536","540","530","521","288","288","289","289","-1","-0","0","1","-21","-21","-16","-16","466","516","384","463"
"5.050","279","0","0","0","-0","371","0.1270","0","0.1360","289","2","100","7719","6","5","1","18","6","6","18","18","0","0","100","0","0","0","0","1","1","0","0","0","528","534","519","527","289","289","290","290","-1","-0","0","1","-21","-20","-16","-16","466","516","381","463"
"5.100","281","0","0","0","-0","375","0.1050","0","0.1150","289","1","100","7728","6","5","1","19","6","6","18","17","-0","-0","100","0","0","0","0","1","1","0","0","0","516","538","522","531","289","289","290","290","-1","-0","0","1","-20","-20","-16","-16","463","515","381","466"
"5.150","283","0","0","0","-0","379","0.1010","0","0.0930","289","1","100","7719","6","5","1","19","6","6","17","17","-0","-0","100","0","0","0","0","1","1","0","0","0","516","540","512","507","289","289","290","290","-1","-0","0","1","-20","-21","-15","-15","462","517","381","461"
"5.200","286","0","-0","0","-0","383","0.1190","0","0.0840","289","1","100","7721","6","5","1","19","6","6","17","16","-0","-0","100","0","0","0","0","1","1","0","0","0","511","525","495","496","289","289","290","290","-1","-0","0","1","-20","-20","-15","-15","464","516","381","462"
"5.250","288","-0","0","-0","-0","387","0.1140","0","0.0610","289","1","100","7738","6","5","1","19","6","6","16","16","0","0","100","0","0","0","0","1","1","0","0","0","538","536","488","495","290","290","290","291","-1","-0","0","1","-21","-20","-15","-15","462","514","382","461"
"5.300","292","0","0","0","-0","391","0.1170","0","0.0660","290","1","100","7762","6","5","1","20","6","6","17","17","-0","0","100","0","0","0","0","1","1","0","0","0","552","565","528","516","290","290","291","291","-1","-0","0","1","-22","-22","-16","-15","464","515","381","461"
"5.350","292","0","-0","0","-0","395","0.0400","0","0.1140","290","1","100","7741","6","5","1","19","6","6","19","18","-0","-0","100","0","0","0","0","1","1","0","0","0","523","549","553","541","290","290","291","291","-1","-0","0","1","-20","-21","-17","-16","465","514","381","461"
"5.400","292","0","0","0","-0","399","0.0910","0","0.1010","290","1","100","7760","6","5","0","19","6","6","18","17","-0","-0","100","0","0","0","0","1","1","0","0","0","537","545","512","509","290","290","291","291","-1","-0","0","1","-21","-21","-15","-15","462","512","381","460"
"5.450","288","-0","0","-0","-0","403","0.1390","0","0.0840","291","1","100","7768","6","5","0","18","6","6","17","16","-0","-0","100","0","0","0","0","1","1","0","0","0","546","549","520","510","291","291","291","291","-1","-0","0","1","-21","-21","-16","-15","462","512","380","461"
"5.500","287","0","0","0","-0","407","0.0480","0","0.0690","290","0","100","7782","6","6","1","18","6","6","19","18","-0","-0","100","0","0","0","0","1","1","0","0","0","509","534","551","538","290","290","291","291","-1","-0","0","1","-20","-20","-17","-16","463","514","379","460"
"5.550","284","0","0","0","-0","411","0.1310","0","0.0270","291","0","100","7789","6","6","1","19","6","6","18","17","-0","-0","100","0","0","0","0","1","1","0","0","0","519","542","528","527","291","291","292","292","-1","-0","0","1","-20","-21","-16","-16","459","512","381","460"
"5.600","283","-0","0","-0","-0","415","0.1250","0","0.0130","291","0","100","7787","6","6","1","18","6","6","18","17","-0","-0","100","0","0","0","0","1","1","0","0","0","535","518","526","520","291","291","292","292","-1","-0","0","1","-21","-20","-16","-16","461","512","383","460"
"5.650","280","0","0","0","-0","419","0.0890","0","0.0370","291","1","100","7767","6","6","1","19","6","6","17","17","-0","0","100","0","0","0","0","1","1","0","0","0","515","508","520","507","291","291","292","292","-1","-0","0","1","-20","-19","-16","-15","460","512","380","460"
"5.700","282","0","0","0","-0","423","0.1480","0","0.0570","292","1","100","7791","6","6","0","19","6","6","16","16","-0","-0","100","0","0","0","0","1","1","0","0","0","523","549","503","503","292","292","292","292","-1","-0","0","1","-20","-21","-15","-15","459","510","380","459"
"5.750","291","0","0","0","-0","427","0.0880","0","0.0880","292","1","100","7797","6","6","0","19","6","6","18","17","0","0","100","0","0","0","0","1","1","0","0","0","543","554","513","523","292","292","292","292","-1","-0","0","1","-21","-21","-15","-16","459","511","380","458"
"5.800","296","-0","0","-0","-0","431","0.0560","0","0.1450","292","2","100","7813","6","6","0","19","6","6","17","17","0","0","100","0","0","0","0","1","1","0","0","0","559","553","516","518","292","292","293","293","-1","-0","0","1","-22","-21","-15","-15","455","512","379","458"
"5.850","297","0","0","0","-0","435","0.0990","0","0.1510","292","2","100","7814","6","6","-0","18","6","6","17","17","0","0","100","0","0","0","0","1","1","0","0","0","564","587","524","512","292","292","293","293","-1","-0","0","1","-22","-22","-16","-15","457","509","378","458"
"5.900","296","0","0","0","-0","439","0.0620","0","0.1530","292","1","100","7824","6","6","-0","18","6","6","19","18","-0","-0","100","0","0","0","0","0","0","0","0","0","540","583","566","557","292","292","293","293","-2","-0","0","0","-21","-22","-17","-17","453","508","379","457"
"5.950","295","0","0","0","-0","443","0.0170","0","0.1190","292","1","100","7833","6","6","-0","18","6","6","19","19","-1","-0","100","0","0","0","0","0","0","0","0","0","538","546","550","552","292","292","293","293","-2","-0","0","0","-21","-21","-17","-17","459","510","379","460"
"6.000","295","-0","0","0","-0","447","0.1310","0","0.0810","293","0","100","7836","6","6","-0","17","6","6","17","16","-1","-0","100","0","0","0","0","1","1","0","0","0","577","547","502","500","293","293","294","294","-1","-0","0","1","-23","-21","-15","-15","457","511","378","455"
"6.050","294","0","0","0","-0","452","0.0880","0","0.0700","293","1","100","7842","6","6","-0","17","6","6","18","17","-0","-0","100","0","0","0","0","1","1","0","0","0","556","548","543","528","293","293","294","294","-1","-0","0","1","-22","-21","-16","-16","456","508","377","457"
"6.100","294","0","-0","0","-0","456","0.0180","0","0.0750","293","1","100","7847","6","6","-0","18","6","6","19","19","-0","-0","100","0","0","0","0","0","0","0","0","0","527","550","564","548","293","293","294","294","-1","-0","0","0","-21","-21","-17","-17","458","509","378","456"
"6.150","293","0","0","0","-0","460","0.1220","0","0.0550","293","1","100","7850","6","6","-1","17","6","6","18","17","-0","-0","100","0","0","0","0","1","1","0","0","0","564","572","524","520","293","293","294","294","-1","-0","0","1","-22","-22","-16","-16","457","509","377","456"
"6.200","296","0","0","0","-0","464","0.0720","0","0.0540","294","1","100","7839","6","6","-0","17","6","6","18","17","-1","-0","100","0","0","0","0","1","1","0","0","0","576","552","525","532","294","294","294","294","-1","-0","0","1","-23","-21","-16","-16","457","508","377","455"
"6.250","299","-0","0","-0","-0","468","0.0410","0","0.0470","294","1","100","7847","6","6","-0","17","6","6","19","18","-1","-0","100","0","0","0","0","1","1","0","0","0","566","551","547","548","294","294","295","295","-1","-0","0","1","-22","-21","-17","-17","455","509","377","456"
"6.300","302","-0","0","-0","-0","472","0.0660","0","0.0470","294","1","100","7854","6","6","-0","17","6","6","19","18","-0","-0","100","0","0","0","0","0","0","0","0","0","538","579","568","548","294","294","295","295","-1","-0","0","0","-21","-22","-17","-17","456","507","377","455"
"6.350","299","0","0","0","-0","476","0.0340","0","0.1220","294","1","100","7863","6","6","-0","16","6","6","19","18","0","0","100","0","0","0","0","1","1","0","0","0","540","584","550","527","294","294","295","295","-1","-0","0","1","-21","-22","-17","-16","456","507","376","455"
"6.400","298","-0","0","-0","-0","480","0.1110","0","0.1180","294","1","100","7859","6","6","-0","16","6","6","18","17","-0","0","100","0","0","0","0","1","1","0","0","0","561","584","535","531","294","294","295","295","-1","-0","0","1","-22","-22","-16","-16","453","506","376","455"
"6.450","295","0","0","0","-0","484","0.0360","0","0.1050","294","1","100","7870","6","6","-0","17","6","6","19","18","-1","-0","100","0","0","0","0","0","0","0","0","0","555","555","562","564","294","294","295","295","-2","-0","0","0","-22","-21","-17","-17","454","505","376","455"
"6.500","294","0","-0","0","-0","488","0.0820","0","0.0620","294","0","100","7880","6","7","-0","17","6","6","19","19","-1","-0","100","0","0","0","0","1","1","0","0","0","547","531","548","562","294","294","295","295","-2","-0","0","1","-21","-20","-17","-17","452","507","376","454"
"6.550","296","-0","0","-0","-0","492","0.0860","0","0.0090","295","-0","100","7900","6","7","-0","17","6","6","18","17","-1","-0","100","0","0","0","0","1","1","0","0","0","539","548","518","528","295","295","296","296","-1","-0","0","1","-21","-21","-16","-16","451","505","376","453"
"6.600","295","-0","0","-0","-0","496","0.0910","0","0.0100","295","0","100","7891","6","7","0","17","6","6","18","17","-1","-0","100","0","0","0","0","1","1","0","0","0","530","559","529","512","295","295","296","296","-1","-0","0","1","-21","-21","-16","-15","451","504","376","453"
"6.650","294","0","0","0","-0","500","0.0660","0","0.0090","295","0","100","7916","6","7","0","18","6","6","18","17","-0","-0","100","0","0","0","0","1","1","0","0","0","534","562","552","526","295","295","296","296","-1","-0","0","1","-21","-21","-17","-16","454","506","374","453"
"6.700","293","0","-0","0","-0","505","0.0740","0","0.0520","295","1","100","7903","6","7","0","18","6","6","19","18","0","0","100","0","0","0","0","1","1","0","0","0","550","563","555","530","295","295","296","296","-1","-0","0","1","-22","-21","-17","-16","452","503","378","453"
"6.750","292","-0","0","-0","-0","509","0.0850","0","0.0790","295","1","100","7895","6","7","0","17","6","6","18","18","-0","-0","100","0","0","0","0","1","1","0","0","0","556","558","544","534","295","295","296","296","-1","-0","0","1","-22","-21","-16","-16","451","503","372","454"
"6.800","292","0","0","0","-0","513","0.0950","0","0.0690","296","1","100","7908","6","7","-0","18","6","6","18","18","-1","-0","100","0","0","0","0","1","1","0","0","0","550","555","542","546","296","296","296","296","-2","-0","0","1","-22","-21","-16","-16","449","504","375","453"
"6.850","296","0","0","0","-0","517","0.0380","0","0.0670","296","1","100","7910","6","7","-0","18","6","6","19","18","-1","-0","100","0","0","0","0","1","1","0","0","0","536","557","542","546","296","296","297","296","-1","-0","0","1","-21","-21","-16","-16","450","502","375","452"
"6.900","298","0","0","0","-0","521","0.0790","0","0.0670","296","0","100","7917","6","7","-0","17","6","6","18","17","-0","-0","100","0","0","0","0","1","1","0","0","0","535","580","525","528","296","296","297","297","-1","-0","0","1","-21","-22","-16","-16","452","503","373","453"
"6.950","298","-0","0","-0","-0","525","0.0640","0","0.0680","296","1","100","7916","6","7","-0","16","6","6","18","17","-0","-0","100","0","0","0","0","1","1","0","0","0","544","589","530","527","296","296","297","297","-1","-0","0","1","-21","-22","-16","-16","449","503","374","452"
"7.000","296","0","0","0","-0","529","0.0550","0","0.0540","296","1","100","7928","6","7","-0","16","6","6","19","18","-0","-0","100","0","0","0","0","0","0","0","0","0","552","594","568","561","296","296","297","297","-1","-0","0","0","-21","-23","-17","-17","452","503","374","455"
"7.050","294","0","0","0","-0","533","0.0350","0","0.0850","296","1","100","7939","6","7","-0","17","6","6","20","20","-0","-0","100","0","0","0","0","0","0","0","0","0","567","592","586","568","296","296","297","297","-1","-0","0","0","-22","-23","-18","-17","450","502","373","451"
"7.100","292","0","0","0","-0","537","0.0670","0","0.0990","297","1","100","7928","6","7","-0","16","6","6","19","19","-0","-0","100","0","0","0","0","1","1","0","0","0","578","565","560","536","297","296","297","297","-1","-0","0","1","-23","-21","-17","-16","448","503","373","451"
"7.150","294","0","0","0","-0","542","0.0690","0","0.0610","297","1","100","7956","6","7","-0","16","6","6","18","18","-0","-0","100","0","0","0","0","1","1","0","0","0","563","554","528","513","297","297","298","298","-1","-0","0","1","-22","-21","-16","-15","448","501","371","450"
"7.200","294","0","0","0","-0","546","0.1010","0","0.0690","297","1","100","7952","6","7","-0","16","6","6","18","17","-0","-0","100","0","0","0","0","1","1","0","0","0","551","555","548","532","297","297","298","298","-1","-0","0","1","-21","-21","-17","-16","446","502","370","451"
"7.250","292","0","0","0","-0","550","0.0550","0","0.0700","297","1","100","7938","6","7","-0","17","6","6","20","19","-0","-0","100","0","0","0","0","0","0","0","0","0","536","544","583","568","297","297","298","298","-1","-0","0","0","-21","-20","-18","-17","446","502","370","449"
"7.300","290","-0","-0","-0","-0","554","0.0680","0","0.0870","297","1","100","7943","6","7","-0","17","6","6","20","19","0","0","100","0","0","0","0","1","1","0","0","0","532","540","560","550","297","297","298","298","-1","-0","0","1","-21","-20","-17","-16","448","501","370","449"
"7.350","287","0","0","0","-0","558","0.1200","0","0.0900","298","1","100","7959","6","7","-0","17","6","6","18","18","0","0","100","0","0","0","0","1","1","0","0","0","532","549","530","530","298","298","298","298","-1","-0","0","1","-21","-21","-16","-16","446","501","370","449"
"7.400","289","0","0","0","-0","562","0.0710","0","0.0490","298","1","100","7957","6","7","-0","16","6","6","18","18","-0","0","100","0","0","0","0","1","1","0","0","0","524","551","530","544","298","298","299","298","-1","-0","0","1","-20","-21","-16","-16","448","500","370","449"
"7.450","292","0","0","0","-0","566","0.0730","0","0.0490","298","1","100","7957","6","7","-0","17","6","6","18","18","-0","-0","100","0","0","0","0","1","1","0","0","0","555","576","530","544","298","298","299","299","-1","-0","0","1","-22","-22","-16","-16","446","500","372","449"
"7.500","295","-0","0","0","-0","570","0.0830","0","0.0580","298","1","100","7975","6","8","-0","17","6","6","19","18","-0","-0","100","0","0","0","0","1","1","0","0","0","575","592","540","553","298","298","299","299","-1","-0","0","1","-22","-22","-16","-17","446","497","369","449"
"7.550","294","-0","0","-0","-0","575","0.0290","0","0.0690","298","1","100","7955","6","8","-1","17","6","6","19","19","1","0","100","0","0","0","0","1","1","0","0","0","545","579","550","568","298","298","299","299","-1","-0","0","1","-21","-22","-17","-17","446","498","370","448"
"7.600","294","-0","0","-0","-0","579","0.0730","0","0.1260","298","2","100","7958","6","8","-1","16","6","6","19","18","1","0","100","0","0","0","0","1","1","0","0","0","534","584","537","550","298","298","299","299","-0","-0","0","1","-21","-22","-16","-16","444","499","367","448"
"7.650","294","-0","0","0","-0","583","0.0950","0","0.1620","299","2","100","7986","6","8","-1","16","6","6","18","18","1","0","100","0","0","0","0","1","1","0","0","0","558","606","539","553","299","299","299","299","-0","-0","0","1","-22","-23","-16","-17","444","499","368","448"
"7.700","296","-0","0","-0","-0","587","0.0380","0","0.1410","299","1","100","7966","6","8","-1","16","6","6","20","20","1","0","100","0","0","0","0","0","0","0","0","0","558","601","570","587","299","299","299","299","-0","-0","0","0","-22","-23","-17","-18","444","498","369","447"
"7.750","296","0","0","0","-0","591","0.0380","0","0.1260","299","1","100","7994","6","8","-1","15","6","6","20","19","0","0","100","0","0","0","0","0","0","0","0","0","579","596","560","574","299","299","300","299","-0","-0","0","0","-23","-23","-17","-17","443","496","370","448"
"7.800","300","0","0","0","-0","595","0.0580","0","0.0930","299","0","100","8014","6","8","-1","15","6","6","19","18","0","0","100","0","0","0","0","1","1","0","0","0","596","606","528","546","299","299","300","300","-0","0","0","1","-23","-23","-16","-16","444","496","370","448"
"7.850","308","0","-0","0","-0","599","0.0360","0","0.0630","299","0","100","7999","6","8","-0","14","6","6","19","18","0","0","100","0","0","0","0","0","0","0","0","0","587","601","550","563","299","299","300","300","0","0","0","0","-23","-23","-17","-17","442","496","369","447"
"7.900","309","-0","0","-0","-0","604","-0.0350","0","0.0670","299","1","100","8002","6","8","-1","15","6","6","20","20","1","0","100","0","0","0","0","0","0","0","0","0","589","594","585","600","299","299","300","300","0","0","0","0","-23","-23","-18","-18","443","496","369","447"
"7.950","304","-0","0","-0","-0","608","-0.0610","0","0.0750","299","1","100","8006","6","8","-1","15","6","6","21","21","1","0","100","0","0","0","0","0","0","0","0","0","558","577","574","598","299","299","300","300","0","0","0","0","-22","-22","-17","-18","443","496","369","446"
"8.000","303","-0","0","-0","-0","612","0.0590","0","0.1020","299","1","100","8000","6","8","-1","14","6","6","19","18","1","0","100","0","0","0","0","1","1","0","0","0","572","606","533","551","299","299","300","300","0","0","0","1","-22","-23","-16","-16","442","492","369","448"
"8.050","304","0","0","0","-0","616","0.0560","0","0.1400","299","1","100","8006","6","8","-1","14","6","6","19","19","1","0","100","0","0","0","0","1","1","0","0","0","606","630","560","568","300","300","300","300","0","0","0","1","-24","-24","-17","-17","442","494","367","443"
"8.100","308","-0","0","-0","-0","620","-0.0490","0","0.1150","299","1","100","8010","6","8","-1","15","6","6","21","21","1","0","100","0","0","0","0","0","0","0","0","0","578","595","603","617","299","299","300","300","1","0","0","0","-23","-23","-18","-19","440","492","367","446"
"8.150","309","0","0","0","-0","624","-0.0170","0","0.0910","299","1","100","7988","6","8","-1","14","6","6","20","19","1","0","100","0","0","0","0","0","0","0","0","0","587","605","549","561","299","299","300","300","1","0","0","0","-23","-23","-16","-17","441","492","367","445"
"8.200","308","0","0","0","-0","628","0.1070","0","0.0750","300","1","100","8019","6","8","-1","14","6","6","18","17","1","0","100","0","0","0","0","1","1","0","0","0","609","618","535","537","300","300","300","300","1","0","0","1","-24","-24","-16","-16","441","494","367","445"
"8.250","302","0","0","0","-0","633","-0.0410","0","0.0570","300","1","100","8027","6","8","-1","14","6","6","21","20","1","0","100","0","0","0","0","0","0","0","0","0","578","580","604","608","300","300","300","300","1","0","0","0","-23","-22","-18","-18","439","489","367","446"
"8.300","301","-0","0","-0","-0","637","0.0200","0","0.0560","300","1","100","8013","6","8","-1","15","6","6","21","20","1","0","100","0","0","0","0","0","0","0","0","0","561","575","594","602","300","300","300","300","1","0","0","0","-22","-22","-18","-18","441","492","367","445"
"8.350","301","-0","0","-0","-0","641","0.0550","0","0.0710","300","1","100","8005","6","8","-1","14","6","6","19","19","1","0","100","0","0","0","0","1","1","0","0","0","570","595","538","547","300","300","300","300","1","0","0","1","-22","-23","-16","-16","439","492","366","444"
"8.400","300","-0","0","-0","-0","645","0.0370","0","0.1060","300","1","100","8010","6","8","-0","14","6","6","19","19","1","0","100","0","0","0","0","1","1","0","0","0","568","597","541","552","300","300","300","300","1","0","0","1","-22","-23","-16","-16","439","491","365","444"
"8.450","298","0","0","0","-0","649","0.0450","0","0.1210","300","1","100","7996","6","8","-1","15","6","6","19","19","2","0","100","0","0","0","0","0","0","0","0","0","570","603","562","579","300","300","301","300","1","0","0","0","-22","-23","-17","-17","440","491","365","444"
"8.500","298","0","0","0","-0","653","0.0350","0","0.1820","300","2","100","8008","6","9","-1","15","6","6","20","20","2","0","100","0","0","0","0","0","0","0","0","0","570","598","568","591","300","300","301","301","1","0","0","0","-22","-23","-17","-18","439","491","366","444"
"8.550","299","0","0","0","-0","658","0.0190","0","0.2380","300","2","100","8027","6","9","-1","14","6","6","20","20","2","0","100","0","0","0","0","0","0","0","0","0","557","592","553","582","300","300","301","300","0","0","0","0","-22","-23","-17","-18","438","489","366","443"
"8.600","296","0","0","0","-0","662","0.0370","0","0.2420","300","2","101","8008","6","9","-1","14","6","6","19","19","1","0","100","0","0","0","0","1","1","0","0","0","553","585","540","571","300","300","301","301","0","0","0","1","-21","-22","-16","-17","438","489","365","443"
"8.650","294","-0","0","-0","-0","666","0.0600","0","0.1970","300","1","100","8021","6","9","-1","15","6","6","19","19","1","0","100","0","0","0","0","0","0","0","0","0","544","569","558","579","300","300","301","301","0","0","0","0","-21","-22","-17","-17","437","487","365","443"
"8.700","293","-0","0","-0","-0","670","0.0040","0","0.1600","300","1","100","8035","6","9","-2","15","6","6","20","19","1","0","100","0","0","0","0","0","0","0","0","0","544","578","545","561","300","300","301","301","1","0","0","0","-21","-22","-16","-17","438","489","366","443"
"8.750","296","-0","0","-0","-0","674","0.0760","0","0.1480","300","1","100","8022","6","9","-1","15","6","6","18","18","1","0","100","0","0","0","0","1","1","0","0","0","549","580","530","543","300","300","301","301","1","0","0","1","-21","-22","-16","-16","436","486","365","443"
"8.800","296","0","0","0","-0","678","0.0190","0","0.1730","300","2","100","8052","6","9","-1","15","6","6","19","18","2","0","100","0","0","0","0","0","1","0","0","0","539","580","553","557","300","300","301","301","1","0","0","0","-21","-22","-17","-17","435","484","365","443"
"8.850","297","-0","0","-0","-0","683","0.0220","0","0.2060","300","2","100","8039","6","9","-2","16","6","6","19","19","2","0","100","0","0","0","0","0","0","0","0","0","531","590","562","567","301","301","301","301","1","0","0","0","-20","-22","-17","-17","436","486","366","443"
"8.900","294","0","0","0","-0","687","0.0340","0","0.2330","301","2","100","8027","6","9","-1","16","6","6","19","19","2","0","100","0","0","0","0","1","1","0","0","0","530","589","546","562","301","301","301","301","0","0","0","1","-20","-22","-16","-17","436","486","363","442"
"8.950","291","-0","0","-0","-0","691","0.0540","0","0.2490","301","2","100","8040","6","9","-2","16","6","6","18","18","1","0","100","0","0","0","0","1","1","0","0","0","541","585","538","547","301","301","301","301","-0","0","0","1","-21","-22","-16","-16","436","486","367","441"
"9.000","289","0","0","0","-0","695","0.0480","0","0.2150","301","1","100","8043","6","9","-2","16","6","6","18","18","0","0","100","0","0","0","0","1","1","0","0","0","543","577","548","542","301","301","302","302","-0","-0","0","1","-21","-22","-16","-16","434","483","363","441"
"9.050","291","1","0","1","-0","699","0.0370","0","0.1820","301","1","100","8050","6","9","-2","16","6","6","18","18","-0","-0","100","0","0","0","0","1","1","0","0","0","549","584","540","528","301","301","302","302","-1","-0","0","1","-21","-22","-16","-16","434","484","364","442"
"9.100","295","0","0","0","-0","703","0.0700","0","0.1180","301","0","100","8076","6","9","-1","16","6","6","18","18","-1","-0","100","0","0","0","0","1","1","0","0","0","567","598","536","521","301","301","302","302","-1","-0","0","1","-22","-23","-16","-15","435","484","363","442"
"9.150","299","0","0","0","-0","708","0.0350","0","0.0800","301","0","100","8068","6","9","-1","16","6","6","19","18","-1","-0","100","0","0","0","0","1","1","0","0","0","566","575","571","540","301","301","302","302","-2","-0","0","1","-22","-22","-17","-16","434","486","363","441"
"9.200","295","0","0","0","-0","712","0.0130","0","0.0370","301","-0","100","8066","6","9","-1","16","6","6","20","19","-2","-0","100","0","0","0","0","0","0","0","0","0","563","551","577","540","301","301","302","302","-1","-0","0","0","-22","-21","-17","-16","434","485","363","441"
"9.250","295","-0","0","-0","0","716","0.0910","0","-0.0590","302","-1","100","8079","6","9","-1","15","6","6","19","18","-2","-0","100","0","0","0","0","1","1","-0","-0","0","578","546","558","528","302","301","302","302","1","0","0","1","-22","-20","-17","-16","432","481","363","443"
"9.300","293","-0","0","-0","0","720","0.0390","0","-0.1310","302","-1","81","8067","6","9","-0","14","6","6","19","18","-2","-0","100","0","0","0","0","1","1","-0","-0","0","572","538","567","540","302","302","302","302","2","0","0","1","-22","-20","-17","-16","433","482","361","440"
"9.350","292","13","6","20","0","724","-0.0460","0","-0.1720","301","-1","22","8059","6","9","-1","15","6","6","20","19","-3","-0","100","0","0","0","0","0","0","-0","-0","0","543","504","606","578","301","301","302","302","2","0","0","0","-21","-19","-18","-17","433","483","361","441"
"9.400","290","38","23","61","0","729","-0.7660","1","-0.1670","299","-1","0","8026","6","9","-2","16","6","6","22","21","-2","-0","57","0","0","-0","-0","-0","-0","-0","-0","0","524","493","616","597","299","299","301","301","2","0","-0","-0","-20","-18","-19","-18","432","481","362","439"
"9.450","289","89","55","144","0","733","-2.2980","2","-0.0970","294","0","-0","7342","6","9","-3","19","6","6","21","20","0","0","0","0","0","-1","-1","-0","-0","-0","-0","0","535","539","530","515","294","293","291","289","1","0","-1","-0","-21","-20","-16","-15","461","499","364","445"
"9.500","288","114","70","184","0","737","-3.8440","4","-0.0590","288","1","-0","7771","6","10","-4","20","6","6","16","16","1","0","0","0","0","-1","-1","-1","-1","-0","-0","0","574","605","392","382","287","288","286","286","1","0","-1","-1","-22","-23","-11","-11","540","562","383","464"
"9.550","285","120","74","193","0","741","-4.1270","4","0.0100","281","1","-0","7003","6","10","-5","23","6","6","14","14","-1","-0","0","0","0","-1","-1","-2","-2","0","0","0","604","622","352","346","281","281","270","272","1","0","-1","-2","-24","-24","-10","-10","609","637","435","513"
"9.600","280","124","75","198","0","745","-4.3210","4","-0.0490","274","-1","-0","7455","6","10","-6","25","6","6","16","15","-3","-0","0","0","0","-1","-1","-1","-1","-0","-0","0","619","598","395","388","274","274","268","269","2","0","-1","-1","-25","-23","-12","-11","650","670","480","568"
"9.650","269","120","73","194","0","748","-3.9400","4","-0.1950","266","-3","0","6773","6","10","-6","27","6","6","16","16","-3","-0","0","0","0","-1","-1","-1","-1","-0","-0","0","601","590","400","380","266","266","263","264","2","0","-1","-1","-24","-23","-12","-11","703","720","550","636"
"9.700","260","117","70","187","0","752","-3.7310","4","-0.2100","261","-3","-0","6795","6","10","-5","27","6","6","15","13","-3","-0","0","0","0","-1","-1","-1","-1","-0","-0","0","604","585","370","340","261","260","256","255","0","0","-1","-1","-24","-23","-11","-10","718","725","582","667"
"9.750","247","117","70","186","0","756","-3.6790","4","-0.2240","254","-2","-0","6683","6","10","-5","27","6","6","15","13","-1","-0","0","0","0","-1","-1","-1","-1","-0","-0","0","619","570","376","344","254","253","248","247","-0","-0","-1","-1","-25","-22","-11","-10","737","743","621","703"
"9.800","243","115","69","185","0","759","-3.5250","4","-0.1560","248","0","0","6808","6","10","-5","29","6","6","15","14","0","0","0","0","0","-1","-1","-1","-1","-0","-0","0","631","570","384","349","248","247","245","244","0","0","-1","-1","-26","-22","-12","-10","745","754","638","719"
"9.850","238","117","69","186","0","762","-3.4180","3","-0.0700","242","2","-0","7277","5","10","-4","30","6","6","14","13","0","0","0","0","0","-1","-1","-1","-1","-0","-0","0","604","584","361","338","242","242","238","239","1","0","-1","-1","-25","-23","-11","-10","787","768","657","739"
"9.900","234","114","69","183","0","766","-3.3780","3","0.0020","235","2","-0","6550","5","10","-4","31","6","6","13","12","-0","-0","0","0","0","-1","-1","-1","-1","0","0","0","598","594","340","322","235","235","230","231","-0","-0","-1","-1","-24","-24","-10","-10","802","788","673","754"
"9.950","226","114","67","181","0","769","-3.4200","3","0.0160","231","1","-0","6786","5","10","-4","33","6","6","12","11","-2","-0","0","0","0","-1","-1","-1","-1","0","0","0","567","587","342","324","230","231","222","223","-3","-0","-1","-1","-23","-24","-10","-10","830","805","689","769"
"10.000","222","110","65","176","0","772","-3.2330","3","-0.0010","223","0","0","6485","5","10","-3","34","6","6","12","11","-3","-0","0","0","0","-1","-1","-1","-1","-0","0","0","542","562","310","298","223","223","219","219","1","0","-1","-1","-22","-23","-9","-9","838","823","695","786"
"10.050","217","109","64","173","0","775","-3.0370","3","-0.0400","220","-1","0","6028","5","10","-3","35","6","6","9","8","-6","-0","0","0","0","-1","-1","-2","-2","-0","-0","0","576","554","287","263","220","219","208","208","5","0","-1","-2","-24","-22","-9","-8","862","852","709","800"
"10.100","212","108","63","172","0","778","-3.2960","3","-0.1450","213","-2","0","6158","5","10","-3","36","6","6","10","10","-7","-0","0","0","0","-1","-1","-1","-1","-0","-0","0","544","515","324","296","213","213","206","206","5","0","-1","-1","-22","-21","-10","-9","871","867","711","802"
"10.150","207","100","61","161","0","781","-3.0200","3","-0.2720","208","-5","0","6003","5","10","-2","37","6","6","11","10","-8","-0","0","0","0","-1","-1","-1","-1","-1","-0","0","545","485","328","303","208","207","205","205","4","0","-1","-1","-22","-19","-10","-9","900","886","720","811"
"10.200","203","96","57","153","0","784","-2.8140","3","-0.4240","204","-6","-0","5814","5","10","-1","37","6","6","10","8","-9","-1","0","0","0","-1","-1","-1","-1","-1","-1","0","577","485","314","275","204","203","198","197","3","0","-1","-1","-24","-20","-10","-8","895","892","726","817"
"10.250","197","88","51","139","0","787","-2.7590","3","-0.5370","199","-7","-0","5741","5","10","0","36","6","5","11","8","-9","-1","0","0","0","-1","-1","-1","-1","-1","-1","0","562","421","337","266","199","197","195","195","3","0","-1","-1","-23","-17","-11","-8","907","905","727","823"
"10.300","190","76","45","121","0","790","-2.4830","3","-0.6530","195","-7","-0","6572","4","10","1","37","6","5","11","8","-9","-1","0","0","0","-1","-1","-1","-1","-1","-1","0","551","374","346","270","195","192","192","190","2","0","-1","-1","-23","-15","-11","-8","908","910","726","826"
"10.350","182","69","42","111","0","792","-2.0810","2","-0.7580","191","-8","-0","6522","4","10","2","37","6","5","11","8","-10","-1","0","0","0","-1","-1","-1","-1","-1","-1","0","545","354","344","281","191","189","189","189","2","0","-1","-1","-23","-14","-11","-9","901","918","726","825"
"10.400","177","66","40","105","0","795","-2.1950","2","-0.8300","187","-9","-0","6003","4","10","3","38","6","5","11","8","-12","-1","0","0","0","-1","-1","-1","-1","-1","-1","0","545","333","333","265","187","184","182","181","2","0","-1","-1","-23","-13","-11","-8","905","919","721","825"
"10.450","175","64","37","101","0","798","-2.1210","2","-0.9010","183","-11","-0","6388","4","10","4","40","6","5","9","6","-14","-1","0","0","0","-1","-1","-1","-1","-2","-1","0","524","318","321","236","184","181","183","182","2","0","-1","-1","-22","-13","-10","-7","902","925","714","822"
"10.500","176","57","33","89","0","800","-1.8740","2","-0.8880","180","-13","0","5943","4","11","4","41","5","5","9","5","-15","-1","0","0","0","-1","-1","-1","-1","-2","-2","0","484","277","307","196","180","176","176","174","0","0","-1","-1","-20","-11","-10","-6","909","927","711","817"
"10.550","178","52","30","82","0","803","-1.7340","2","-1.0050","176","-18","-0","5999","4","11","4","42","5","5","6","2","-15","-1","0","0","0","-1","-1","-1","-1","-2","-2","0","505","271","271","162","177","172","174","171","-3","-0","-1","-1","-21","-11","-9","-5","889","913","713","813"
"10.600","175","44","27","71","0","805","-1.6480","2","-1.1920","174","-19","0","5930","4","11","5","42","5","5","6","1","-16","-1","0","0","0","-1","-1","-1","-1","-2","-2","0","540","246","312","170","175","171","168","166","-4","-0","-1","-1","-23","-10","-10","-5","890","916","704","809"
"10.650","168","38","22","60","0","807","-1.5240","2","-1.3280","172","-14","0","5807","4","11","6","42","5","4","10","3","-16","-1","0","0","0","-1","-1","-1","-1","-2","-2","0","560","208","386","209","172","163","172","168","-1","-0","-1","-1","-24","-8","-13","-6","886","911","699","803"
"10.700","164","33","19","52","0","810","-1.3600","2","-1.4860","169","-12","0","7602","3","11","6","42","5","5","10","4","-17","-1","0","0","0","-0","-1","-1","-1","-3","-2","0","540","203","395","233","170","162","168","166","3","0","-1","-1","-23","-8","-13","-7","874","904","694","798"
"10.750","158","29","17","46","0","812","-1.1180","2","-1.4070","166","-14","-0","7056","3","11","7","41","5","4","10","5","-26","-2","0","0","0","-0","-1","-1","-1","-3","-3","0","499","171","368","211","167","161","166","164","7","0","-1","-1","-21","-6","-12","-7","867","901","686","794"
"10.800","154","29","17","46","0","814","-1.1170","2","-1.4800","165","-19","-0","6521","3","11","8","41","5","4","8","2","-36","-2","0","0","0","-0","-1","-1","-1","-3","-3","0","488","151","324","172","165","157","162","160","9","1","-1","-1","-21","-6","-11","-5","861","890","683","785"
"10.850","151","29","17","46","0","817","-1.2810","2","-1.7240","162","-29","-0","7034","3","11","9","42","5","4","7","1","-43","-3","0","0","0","-0","-2","-1","-1","-4","-3","0","505","143","335","149","164","155","163","158","7","1","-1","-1","-21","-5","-11","-4","857","896","667","782"
"10.900","150","28","16","43","0","819","-1.0930","2","-1.8170","160","-31","-0","6655","3","11","9","43","5","4","9","0","-43","-2","0","0","0","-0","-2","-1","-1","-4","-3","0","522","123","380","139","162","149","158","154","4","0","-1","-1","-21","-4","-12","-4","847","886","667","775"
"10.950","147","27","15","41","0","821","-1.0880","2","-1.8930","158","-30","-0","6787","3","11","9","44","5","4","9","-0","-39","-2","0","0","0","-0","-2","-1","-1","-4","-4","0","522","110","370","130","159","141","160","154","2","0","-1","-1","-21","-4","-12","-4","846","893","661","770"
"11.000","146","24","14","38","0","823","-0.9600","2","-1.9040","156","-30","-0","6537","3","11","9","44","5","4","8","-1","-37","-2","0","0","0","-0","-2","-1","-1","-4","-4","0","521","103","358","126","158","135","154","150","1","0","-1","-1","-21","-4","-12","-4","836","881","659","768"
"11.050","145","22","12","34","0","826","-0.9630","2","-1.9660","154","-30","0","6613","3","11","9","44","5","4","8","-1","-41","-2","0","0","0","-0","-2","-1","-1","-4","-4","0","522","91","368","125","156","129","154","150","3","0","-1","-1","-22","-3","-12","-4","827","884","652","760"
"11.100","146","20","12","32","0","828","-0.8740","2","-2.0410","153","-30","-0","6461","3","11","9","44","5","4","9","-1","-49","-3","0","1","0","-0","-2","-1","-1","-5","-4","0","537","86","387","116","154","121","152","148","9","1","-0","-1","-22","-3","-13","-3","825","873","651","756"
"11.150","144","19","11","31","0","830","-0.8950","2","-2.1380","151","-31","-0","6409","3","11","9","44","5","4","9","-1","-64","-4","0","3","0","-0","-2","-1","-1","-5","-4","0","545","97","394","119","152","113","151","147","16","1","-0","-1","-23","-3","-13","-3","824","875","647","754"
"11.200","143","18","10","29","0","832","-0.8990","2","-2.2910","149","-34","-0","6372","3","11","9","43","5","4","9","-1","-74","-4","1","6","0","-0","-1","-0","-0","-6","-4","0","556","100","402","123","150","108","148","145","21","2","-0","-0","-23","-3","-13","-4","808","863","642","745"
"11.250","141","12","7","19","0","834","-0.8080","2","-2.3250","147","-35","-0","6302","3","11","8","42","5","4","11","-1","-79","-5","2","8","0","-0","-1","-0","-0","-6","-4","0","547","96","447","111","149","108","148","144","24","2","-0","-0","-23","-3","-15","-3","809","858","638","743"
"11.300","139","8","3","12","0","836","-0.7380","2","-2.3850","145","-34","-0","6303","3","11","9","40","5","4","13","-1","-77","-4","6","9","0","-0","-1","-0","-0","-6","-4","0","548","102","503","114","147","114","147","143","23","2","-0","-0","-23","-4","-17","-3","796","846","635","740"
"11.350","138","4","1","5","0","838","-0.5280","3","-2.5950","145","-35","-0","6249","3","11","9","39","5","4","13","0","-70","-4","10","9","0","0","0","-0","-0","-6","-4","0","594","87","517","155","147","124","146","143","20","2","0","-0","-25","-3","-17","-5","780","830","631","733"
"11.400","138","4","2","6","0","840","-0.4580","3","-2.5660","145","-34","-0","6259","3","11","9","38","5","4","14","1","-70","-4","11","9","0","0","0","-0","-0","-6","-4","0","583","52","517","184","147","136","145","142","20","2","0","-0","-24","-1","-17","-6","767","816","625","729"
"11.450","140","6","2","8","0","842","-0.4040","3","-2.4810","143","-28","-0","6290","3","11","9","37","5","4","14","3","-76","-4","0","9","0","-0","-1","-0","-0","-6","-5","0","555","47","507","166","144","134","146","142","25","2","-0","-0","-23","-1","-17","-5","757","811","616","718"
"11.500","139","5","2","8","0","844","-0.3350","3","-2.5390","142","-30","-0","6247","3","12","9","37","5","4","13","1","-78","-5","0","9","0","-0","-0","-0","-0","-7","-5","0","578","73","484","147","144","134","143","141","26","2","-0","-0","-24","-2","-16","-4","754","806","611","712"
"11.550","135","5","2","7","0","846","-0.3450","2","-2.4010","142","-34","-0","6063","3","12","10","37","5","4","13","1","-79","-5","0","9","0","0","0","-0","-0","-6","-4","0","563","63","502","167","143","136","143","140","25","2","0","-0","-23","-2","-17","-5","747","796","605","706"
"11.600","132","5","3","8","0","848","-0.3940","2","-2.3580","141","-33","-0","5776","3","12","9","37","5","4","13","2","-82","-5","0","9","0","-0","-1","-0","-0","-6","-4","0","552","56","490","169","142","133","142","138","25","2","-0","-0","-23","-2","-16","-5","746","804","603","701"
"11.650","130","6","2","8","0","850","-0.5580","3","-2.4890","140","-35","-0","6188","3","12","9","37","5","4","13","1","-83","-5","0","9","0","-0","-1","-0","-0","-6","-4","0","581","68","491","165","142","132","140","136","25","2","-0","-0","-24","-2","-16","-5","740","794","596","697"
"11.700","129","4","2","6","0","852","-0.4180","2","-2.4460","139","-36","-0","5830","3","12","9","37","5","4","14","2","-84","-5","0","9","0","0","0","-0","-0","-6","-4","0","569","63","527","174","140","132","140","136","25","2","0","-0","-24","-2","-18","-5","734","785","595","693"
"11.750","129","3","1","4","0","854","-0.4950","2","-2.4180","138","-36","-0","6034","3","12","10","38","5","4","13","1","-86","-5","0","9","0","0","0","-0","-0","-6","-4","0","554","66","501","165","139","131","138","136","25","2","0","-0","-23","-2","-17","-5","725","780","588","687"
"11.800","129","2","1","3","0","856","-0.3620","2","-2.3810","137","-37","-0","5791","3","12","9","38","5","4","12","1","-87","-5","0","9","0","0","0","-0","-0","-6","-4","0","555","59","489","152","139","131","138","134","25","2","0","-0","-23","-2","-16","-5","724","768","587","688"
"11.850","128","1","0","1","0","858","-0.4290","2","-2.2750","136","-36","-0","5944","3","12","9","38","5","4","13","1","-91","-5","9","9","0","0","0","-0","-0","-6","-4","0","537","34","495","149","138","131","137","134","27","2","0","-0","-22","-1","-17","-5","717","765","583","682"
"11.900","127","2","-0","2","0","860","-0.3510","2","-2.3240","134","-35","0","5746","3","12","10","38","5","3","12","1","-94","-5","28","9","0","0","0","-0","-0","-7","-4","0","533","38","449","157","136","130","136","133","28","2","0","-0","-22","-1","-15","-5","714","755","581","683"
"11.950","128","1","-0","1","0","862","-0.2360","3","-2.6010","134","-40","-0","5906","3","12","13","38","5","4","11","0","-89","-5","34","9","0","0","0","-0","-0","-7","-5","0","567","76","457","154","136","130","136","132","24","2","0","-0","-23","-3","-15","-5","705","756","580","678"
"12.000","128","0","0","0","0","864","-0.2360","2","-2.4630","134","-43","-0","6025","3","12","14","38","5","4","15","0","-84","-5","40","9","0","0","0","-0","-0","-6","-4","0","540","78","529","134","136","130","136","132","20","2","0","-0","-22","-3","-17","-4","702","757","576","671"
"12.050","129","-0","0","-0","0","865","-0.0350","2","-2.2160","133","-36","-0","6340","3","12","14","38","4","3","14","0","-94","-5","55","9","0","0","0","0","0","-6","-4","0","433","78","535","148","134","129","139","136","25","2","0","0","-18","-3","-18","-5","697","752","574","671"
"12.100","129","0","0","0","0","867","-0.0280","2","-2.2750","132","-33","-0","5464","3","12","16","38","4","3","14","0","-101","-6","52","9","0","0","0","0","0","-7","-4","0","444","82","523","138","133","129","134","134","31","3","0","0","-18","-3","-17","-4","697","742","570","666"
"12.150","130","0","-0","-0","0","869","-0.1360","2","-2.3140","132","-37","-0","6405","3","12","16","37","5","4","14","0","-92","-5","58","9","0","0","0","0","0","-7","-4","0","509","66","526","136","134","128","135","132","29","2","0","0","-21","-2","-17","-4","691","738","569","664"
"12.200","131","-0","0","-0","0","871","0.1680","2","-2.2600","132","-36","-0","5833","3","12","16","37","4","3","14","3","-89","-5","59","9","0","0","0","0","0","-6","-4","0","488","40","512","210","134","128","137","136","27","2","0","0","-20","-1","-17","-7","684","735","567","664"
"12.250","133","0","0","0","0","873","0.1820","2","-2.3050","132","-33","-0","5790","3","12","14","37","4","3","14","2","-95","-6","63","9","0","0","0","0","0","-7","-4","0","502","48","509","199","133","128","136","136","29","2","0","0","-20","-1","-17","-6","679","727","564","659"
"12.300","134","0","0","0","0","875","0.2630","2","-2.4790","132","-36","-0","5903","3","12","13","36","5","3","14","1","-93","-5","68","9","0","0","0","0","0","-7","-4","0","530","70","547","176","134","128","136","136","28","2","0","0","-22","-2","-18","-6","683","735","563","657"
"12.350","136","0","0","0","0","877","0.2020","2","-2.3250","133","-34","-0","5928","3","12","13","35","4","3","16","3","-88","-5","82","9","0","0","0","0","0","-6","-4","0","505","47","576","195","134","129","135","135","27","2","0","0","-21","-1","-19","-6","679","732","559","655"
"12.400","138","0","0","0","0","878","0.3450","2","-2.2290","132","-32","0","6034","3","12","12","34","4","3","14","2","-90","-5","88","9","0","0","0","1","1","-6","-4","0","474","43","544","184","134","129","137","137","28","2","0","1","-19","-1","-18","-6","674","725","557","653"
"12.450","141","0","0","0","0","880","0.4690","2","-2.2730","132","-34","-0","5898","3","12","12","33","4","3","14","2","-86","-5","90","9","0","0","0","1","1","-6","-4","2","479","50","536","182","134","130","138","138","25","2","0","1","-19","-2","-18","-6","670","722","555","650"
"12.500","141","0","0","0","0","882","0.4220","2","-2.3070","134","-37","-0","5994","3","13","13","33","4","3","15","3","-77","-4","88","9","0","0","0","1","1","-5","-4","3","510","50","560","196","136","130","138","138","18","2","0","1","-21","-2","-19","-6","662","718","554","648"
"12.550","141","0","0","0","0","884","0.4520","2","-2.3150","134","-35","-0","6014","3","13","13","33","4","3","16","4","-68","-4","89","9","0","0","0","1","1","-5","-4","3","505","42","578","216","136","131","138","138","14","1","0","1","-21","-1","-19","-7","659","716","551","646"
"12.600","143","0","0","0","0","886","0.4880","2","-2.2880","135","-32","-0","6095","3","13","12","32","4","3","16","5","-64","-4","90","9","0","0","0","1","1","-5","-4","3","484","44","581","216","136","131","139","139","11","1","0","1","-20","-1","-19","-7","666","716","551","644"
"12.650","143","0","0","0","0","888","0.6210","2","-2.2500","135","-33","-0","6116","3","13","13","31","4","3","16","4","-49","-3","91","9","0","0","0","1","1","-4","-4","3","475","66","572","209","137","132","140","140","4","0","0","1","-19","-2","-19","-7","663","714","549","643"
"12.700","142","-0","0","-0","0","890","0.6630","2","-2.0880","136","-32","-0","6227","3","13","14","31","4","3","16","4","-38","-2","92","9","0","0","0","1","1","-4","-4","4","445","75","580","234","138","134","142","142","-1","-0","0","1","-18","-3","-19","-7","658","717","544","641"
"12.750","139","0","0","0","0","892","0.6660","2","-2.0090","137","-26","-0","6186","3","13","14","31","4","3","17","5","-42","-2","98","9","0","0","0","1","1","-4","-3","5","421","65","582","261","138","134","142","142","2","0","0","1","-17","-2","-19","-8","655","711","547","639"
"12.800","138","0","0","0","0","893","0.7210","2","-2.0280","138","-25","-0","6261","3","13","15","32","4","3","16","5","-47","-3","100","9","0","0","0","1","1","-4","-4","5","433","68","555","238","139","135","143","143","7","1","0","1","-17","-2","-18","-8","649","710","545","637"
"12.850","138","0","0","0","0","895","0.8270","2","-1.9520","139","-27","-0","6308","3","13","16","32","4","3","15","4","-48","-3","100","9","0","0","0","1","1","-4","-4","6","405","67","531","216","141","137","145","145","7","1","0","1","-16","-2","-17","-7","647","708","544","637"
"12.900","138","0","0","0","0","897","0.7670","2","-1.8340","140","-28","-1","6390","3","13","18","32","3","2","15","4","-47","-3","100","9","0","0","0","1","1","-4","-3","7","359","52","529","214","142","138","146","146","5","0","0","1","-14","-2","-17","-7","648","704","544","635"
"12.950","138","0","0","0","0","899","0.8900","2","-1.8230","141","-29","-0","6446","3","13","18","33","3","2","14","3","-40","-2","100","9","0","0","0","1","1","-4","-3","9","366","58","523","217","143","138","148","148","1","0","0","1","-15","-2","-17","-7","646","704","541","632"
"13.000","137","0","0","0","0","901","0.8880","2","-1.7430","143","-28","-0","6479","3","13","19","34","3","2","15","4","-32","-2","100","9","0","0","0","1","1","-3","-3","11","357","53","539","227","144","140","150","150","-3","-0","0","1","-14","-2","-18","-7","647","702","540","632"
"13.050","136","0","0","0","0","903","0.8360","2","-1.6400","144","-23","-0","6534","3","13","20","34","2","2","15","4","-23","-1","100","9","0","0","0","1","1","-3","-4","13","342","49","520","222","145","140","150","150","-6","-0","0","1","-14","-1","-17","-7","647","696","537","631"
"13.100","137","-0","-0","-0","0","905","0.9460","2","-1.5710","146","-21","-0","6661","3","13","19","33","3","2","12","3","-14","-1","100","9","0","0","0","1","1","-3","-4","14","349","83","478","215","147","143","153","153","-11","-1","0","1","-14","-3","-16","-7","644","704","537","632"
"13.150","141","0","0","0","0","907","0.9790","2","-1.3180","148","-14","-0","6607","3","13","19","33","3","2","14","4","6","0","100","9","0","0","0","1","1","-3","-4","16","330","106","500","254","148","146","154","154","-16","-1","0","1","-13","-4","-16","-8","641","692","535","629"
"13.200","145","0","0","0","0","909","0.8600","1","-0.8320","149","-3","-0","6682","3","13","18","33","3","2","14","6","21","1","100","9","0","0","0","1","1","-2","-3","16","296","159","508","308","149","148","153","153","-17","-1","0","1","-12","-6","-17","-10","638","701","536","629"
"13.250","147","-0","0","-0","0","912","0.8810","1","-0.0820","150","14","-0","6692","3","13","18","32","3","3","13","9","36","2","100","9","0","0","0","1","1","-0","-0","16","227","252","434","361","150","151","154","154","-4","-0","0","1","-9","-10","-14","-12","634","702","534","626"
"13.300","147","1","0","1","-0","914","0.8200","1","0.6790","152","20","-0","6773","3","13","18","31","2","3","10","11","41","2","100","9","0","0","0","1","1","2","1","16","131","318","352","419","151","153","156","156","9","1","0","1","-5","-13","-11","-14","632","699","532","626"
"13.350","147","0","0","1","-0","916","0.7780","1","1.2490","153","24","-0","6870","3","13","17","31","2","3","8","12","48","3","100","9","0","0","0","1","1","3","2","16","71","370","302","447","152","154","157","157","13","1","0","1","-2","-15","-9","-15","636","693","531","625"
"13.400","148","0","0","0","-0","918","0.7900","2","1.6380","155","26","-0","6914","3","13","18","31","2","3","7","12","54","3","100","9","0","0","0","1","1","4","3","16","40","415","278","470","152","156","159","159","16","1","0","1","-1","-17","-9","-15","630","693","531","622"
"13.450","152","1","0","1","-0","920","0.7400","2","1.9550","156","31","-0","6994","3","13","17","32","2","3","6","13","64","4","100","9","0","0","0","1","1","5","3","16","25","455","269","492","152","158","160","160","18","1","0","1","-0","-18","-8","-16","632","694","532","621"
"13.500","154","1","0","1","-0","922","0.7430","2","2.1120","158","34","-0","7078","3","14","17","32","2","4","6","13","64","4","98","9","0","0","0","1","1","5","4","16","15","474","261","516","152","159","163","163","17","1","0","1","0","-19","-8","-17","627","687","531","620"
"13.550","156","0","-0","0","-0","924","0.7140","2","2.1340","159","33","-0","7118","3","14","16","32","2","4","6","15","58","3","91","9","0","0","0","1","1","5","4","16","6","467","260","528","152","160","164","164","17","1","0","1","1","-19","-8","-17","630","692","530","620"
"13.600","157","0","0","1","-0","927","0.6880","2","2.1940","160","32","-0","7189","3","14","15","31","2","4","6","14","63","4","87","9","0","0","0","1","1","5","4","16","5","481","248","518","151","162","166","166","22","2","0","1","1","-19","-8","-17","625","684","526","621"
"13.650","157","1","0","1","-0","929","0.6430","2","2.2780","161","32","-0","7209","3","14","15","31","3","4","6","14","85","5","71","9","0","0","0","1","1","6","4","16","5","506","249","523","151","162","166","166","32","2","0","1","1","-20","-8","-17","628","685","527","618"
"13.700","157","1","0","2","-0","931","0.4940","2","2.3110","161","31","-0","7224","3","14","14","31","3","4","6","15","93","5","69","9","0","0","0","1","1","7","4","16","15","522","259","539","150","163","166","166","41","3","0","1","0","-21","-8","-18","624","682","525","616"
"13.750","156","1","1","1","-0","933","0.4410","2","2.4080","162","28","-0","7263","3","14","13","30","3","4","7","15","79","5","66","9","0","0","0","1","1","7","4","16","30","530","264","539","149","163","167","167","39","3","0","1","-0","-21","-8","-18","626","680","525","617"
"13.800","154","2","1","2","-0","936","0.4370","3","2.5070","163","28","-0","7288","3","14","12","29","3","4","7","15","65","4","66","9","0","0","0","1","1","6","4","16","40","555","265","548","154","164","167","167","30","2","0","1","-1","-22","-8","-18","623","677","525","616"
"13.850","154","1","1","2","-0","938","0.4840","3","2.5160","164","30","-0","7300","3","14","11","28","3","5","7","16","60","3","65","9","0","0","0","1","1","5","4","16","45","569","273","584","158","166","168","168","24","2","0","1","-1","-23","-8","-19","624","678","522","616"
"13.900","155","1","0","2","-0","940","0.4250","3","2.6310","165","31","0","7300","3","14","11","27","4","5","8","17","64","4","65","9","0","0","0","1","1","5","4","16","64","579","275","618","160","166","168","168","23","2","0","1","-2","-23","-9","-20","624","675","525","616"
"13.950","157","2","1","2","-0","943","0.4120","3","2.7410","166","34","-0","7370","3","14","11","27","4","5","8","19","66","4","66","9","0","0","0","1","1","5","4","16","85","590","265","645","162","167","169","169","22","1","0","1","-3","-24","-8","-21","623","674","523","613"
"14.000","158","1","0","2","-0","945","0.3740","3","2.7480","166","36","-0","7363","3","14","11","27","4","5","8","19","64","4","66","9","0","0","0","1","1","5","4","16","87","582","251","655","163","168","169","169","19","1","0","1","-3","-23","-8","-21","621","674","523","611"
"14.050","158","1","1","2","-0","947","0.3720","3","2.6330","167","37","-0","7442","3","14","11","28","4","5","6","19","60","4","67","9","0","0","0","1","1","5","4","16","68","558","234","633","163","168","171","171","16","1","0","1","-2","-22","-7","-21","623","674","521","614"
"14.100","158","1","0","1","-0","950","0.3970","3","2.5270","167","35","-0","7405","3","14","11","28","4","5","7","18","57","3","68","9","0","0","0","1","1","5","4","16","50","521","232","602","163","168","171","171","15","1","0","1","-1","-21","-7","-20","620","672","521","611"
"14.150","158","0","0","1","-0","952","0.3570","3","2.5290","167","32","-0","7487","3","14","11","28","3","4","6","17","51","3","70","9","0","0","0","1","1","5","4","16","58","525","222","578","163","169","172","172","11","1","0","1","-2","-21","-7","-19","617","673","521","611"
"14.200","158","0","0","0","-0","954","0.4190","3","2.5500","168","33","0","7501","3","14","11","28","4","5","5","16","41","2","70","9","0","0","0","1","1","4","4","16","75","550","213","569","164","169","173","173","4","0","0","1","-2","-22","-6","-18","620","670","519","610"
"14.250","160","2","0","2","-0","957","0.4470","3","2.5340","169","31","-0","7502","3","14","11","29","4","5","5","17","31","2","70","9","0","0","0","1","1","4","4","16","74","554","239","615","166","170","173","173","-0","-0","0","1","-2","-22","-7","-20","618","669","520","608"
"14.300","161","0","0","0","-0","959","0.3580","3","2.5150","169","25","0","7508","3","14","11","29","4","5","7","19","35","2","71","9","0","0","0","1","1","4","4","16","65","546","260","649","166","170","172","172","6","0","0","1","-2","-22","-8","-21","617","668","519","609"
"14.350","161","-0","0","-0","-0","961","0.4080","3","2.5840","169","23","-0","7566","3","14","11","28","4","5","7","18","48","3","84","9","0","0","0","1","1","5","4","16","72","547","236","603","166","170","173","173","15","1","0","1","-2","-22","-7","-20","611","671","517","607"
"14.400","160","0","-0","0","-0","964","0.5590","3","2.5420","170","28","-0","7627","3","14","12","28","4","5","5","16","53","3","93","9","0","0","0","1","1","5","4","16","70","529","224","574","168","171","175","175","18","1","0","1","-2","-21","-7","-19","611","669","515","605"
"14.450","161","0","0","0","-0","966","0.5710","3","2.4610","171","31","-0","7567","3","14","11","29","3","4","6","17","59","3","100","9","0","0","0","1","1","5","4","16","45","492","236","592","168","172","175","175","19","1","0","1","-1","-20","-7","-19","613","664","520","604"
"14.500","162","0","0","0","-0","969","0.5080","3","2.5930","172","33","-0","7732","3","15","12","29","3","4","6","17","61","4","100","9","0","0","0","1","1","5","4","16","51","524","237","607","168","173","176","176","18","1","0","1","-1","-21","-7","-20","609","669","518","604"
"14.550","162","1","0","1","-0","971","0.6070","3","2.7520","172","37","-0","7734","3","15","12","28","4","5","6","18","51","3","100","9","0","0","0","1","1","5","4","16","64","565","238","624","169","174","177","177","11","1","0","1","-2","-23","-7","-20","611","658","517","603"
"14.600","164","-0","0","-0","-0","973","0.6090","3","2.6660","173","36","-0","7736","3","15","12","28","4","5","7","19","42","2","100","9","0","0","0","1","1","4","4","16","52","533","250","648","170","175","178","178","5","0","0","1","-1","-21","-8","-21","611","662","516","604"
"14.650","166","0","0","0","-0","976","0.6130","3","2.5990","174","31","-0","7776","3","15","12","28","3","5","7","19","36","2","100","9","0","0","0","1","1","4","4","16","68","531","244","639","171","176","179","179","3","0","0","1","-2","-21","-7","-21","612","658","515","601"
"14.700","168","0","0","0","-0","978","0.6530","3","2.5670","175","29","-0","7866","3","15","12","28","4","5","6","18","36","2","100","9","0","0","0","1","1","4","4","16","73","539","228","616","172","176","181","181","4","0","0","1","-2","-22","-7","-20","609","663","516","602"
"14.750","169","0","-0","0","-0","981","0.6360","3","2.4660","176","28","-0","7921","3","15","12","28","3","4","5","17","37","2","100","9","0","0","0","1","1","4","4","16","45","491","215","597","172","177","181","181","4","0","0","1","-1","-20","-6","-19","610","655","514","601"
"14.800","170","0","0","0","-0","983","0.6860","3","2.4700","177","29","-0","7977","3","15","13","28","3","4","5","16","35","2","100","9","0","0","0","1","1","4","4","16","41","489","213","591","173","178","183","183","3","0","0","1","-1","-19","-6","-19","608","656","514","601"
"14.850","174","0","0","0","-0","986","0.7710","3","2.5240","178","28","-0","7976","3","15","13","27","4","5","6","17","31","2","100","9","0","0","0","1","1","4","4","16","48","530","258","624","174","179","184","184","2","0","0","1","-1","-21","-8","-20","604","658","512","601"
"14.900","178","-0","0","-0","-0","988","0.7170","3","2.5150","179","23","-0","7961","3","15","13","28","4","5","9","20","34","2","100","9","0","0","0","1","1","4","4","16","42","520","294","675","176","180","183","183","9","1","0","1","-1","-20","-9","-22","605","654","512","599"
"14.950","180","-0","-0","-0","-0","991","0.6570","3","2.5110","180","21","-0","8008","3","15","13","27","3","4","9","19","44","3","100","9","0","0","0","1","1","5","4","16","44","498","268","648","176","181","184","184","16","1","0","1","-1","-19","-8","-21","604","656","511","597"
"15.000","181","0","0","0","-0","993","0.7310","3","2.5110","181","26","-0","8105","3","15","13","26","4","5","7","17","47","3","100","9","0","0","0","1","1","5","4","16","58","512","245","581","178","182","186","186","17","1","0","1","-1","-20","-7","-19","602","656","511","600"
"15.050","182","0","0","0","-0","996","0.7020","3","2.4250","182","30","-0","8124","3","15","13","25","3","4","7","17","47","3","100","9","0","0","0","1","1","5","4","16","54","499","266","612","179","184","187","187","15","1","0","1","-1","-19","-8","-20","606","658","511","595"
"15.100","182","-0","-0","-0","-0","998","0.6390","3","2.4580","183","29","-0","8161","3","15","13","26","3","4","8","19","46","3","100","9","0","0","0","1","1","4","4","16","52","519","286","640","179","184","187","187","14","1","0","1","-1","-20","-9","-21","604","658","509","594"
"15.150","182","0","0","0","-0","1001","0.7310","3","2.5320","184","28","-0","8206","3","15","13","27","4","5","8","18","42","2","100","9","0","0","0","1","1","4","4","16","56","558","293","616","181","186","189","189","13","1","0","1","-1","-22","-9","-20","600","648","509","595"
"15.200","182","-0","0","-0","-0","1003","0.6590","2","2.3900","185","26","0","8210","3","15","14","27","3","4","8","19","40","2","100","9","0","0","0","1","1","4","4","16","44","511","280","605","182","186","189","189","13","1","0","1","-1","-20","-9","-19","600","649","509","594"
"15.250","184","-0","0","-0","-0","1006","0.6540","2","2.3050","186","24","-0","8340","3","15","14","27","3","4","7","17","38","2","100","9","0","0","0","1","1","5","4","16","51","483","249","564","182","187","191","191","12","1","0","1","-1","-19","-7","-18","602","652","508","593"
"15.300","185","0","-0","0","-0","1009","0.7160","2","2.2740","187","25","0","8359","3","15","13","29","3","4","6","16","37","2","100","9","0","0","0","1","1","4","4","16","59","482","255","559","184","188","192","192","13","1","0","1","-1","-19","-8","-18","601","651","508","593"
"15.350","185","-0","0","0","-0","1011","0.3670","2","2.2410","188","23","-0","7294","3","15","13","30","3","4","7","18","40","2","100","9","0","0","0","1","1","4","4","16","72","467","253","582","185","189","187","186","14","1","0","1","-2","-18","-8","-19","597","650","508","593"
"15.400","184","-0","0","0","-0","1014","-0.3040","2","2.3720","188","25","-0","6645","4","15","13","30","4","5","4","15","38","2","100","9","0","0","0","0","0","4","4","16","121","533","190","533","186","189","188","190","12","1","0","0","-4","-21","-5","-17","598","652","507","593"
"15.450","180","-0","-0","-0","-0","1016","-0.1480","2","2.3070","188","29","-0","7667","4","15","14","29","4","5","3","14","34","2","100","9","0","0","0","0","0","4","4","16","97","533","177","533","186","189","188","191","8","0","0","0","-3","-21","-5","-17","599","647","508","592"
"15.500","180","0","-0","0","-0","1019","0.5800","2","2.1420","187","28","0","6999","4","16","13","28","3","4","4","16","35","2","100","9","0","0","0","1","1","4","4","20","30","462","208","558","185","189","192","191","6","0","0","1","-0","-18","-6","-18","599","646","506","592"
"15.550","182","0","-0","0","-0","1022","0.5810","2","2.3020","188","29","0","6829","4","16","12","27","3","4","4","15","34","2","100","9","0","0","0","1","1","4","4","21","25","501","229","552","185","190","194","194","4","0","0","1","0","-19","-7","-18","598","648","505","590"
"15.600","184","0","-0","0","-0","1024","0.5850","3","2.5090","190","29","0","6751","4","16","13","26","3","5","7","16","29","2","100","9","0","0","0","1","1","4","4","21","47","556","266","616","186","191","193","194","1","0","0","1","-1","-22","-8","-20","597","646","505","589"
"15.650","184","-0","-0","-0","-0","1027","0.5640","2","2.3880","191","19","-0","6780","4","16","12","25","4","5","8","20","20","1","100","9","0","0","0","1","1","4","3","21","80","586","291","646","188","192","194","194","2","0","0","1","-2","-23","-9","-21","592","644","504","588"
"15.700","185","0","0","0","-0","1030","0.5880","2","2.1880","191","14","-0","6824","4","16","12","25","4","5","9","17","16","1","100","9","0","0","0","1","1","4","3","21","111","547","303","588","190","192","194","194","3","0","0","1","-4","-21","-9","-19","591","646","504","588"
"15.750","189","-0","0","-0","-0","1032","0.5090","2","1.8350","192","11","-0","6880","4","16","11","24","4","5","9","17","14","1","100","9","0","0","0","1","1","3","3","21","137","463","311","542","191","192","195","195","2","0","0","1","-5","-18","-10","-17","597","645","504","588"
"15.800","191","0","0","0","-0","1035","0.5120","2","1.4430","192","10","0","6891","4","16","11","25","4","4","9","16","11","1","100","9","0","0","0","1","1","2","3","21","181","436","328","522","192","193","195","195","-0","-0","0","1","-7","-17","-10","-16","594","644","504","588"
"15.850","191","0","0","0","-0","1038","0.5680","1","1.1030","194","8","-0","6890","4","16","12","25","4","5","10","15","0","0","100","9","0","0","0","1","1","2","2","21","218","419","367","520","193","194","196","196","-6","-0","0","1","-8","-16","-12","-16","592","646","503","587"
"15.900","191","0","0","0","-0","1040","0.5230","1","0.5420","194","3","-0","6908","4","16","12","25","4","4","12","15","-11","-1","100","9","0","0","0","1","1","1","1","21","256","366","408","492","194","194","196","196","-9","-1","0","1","-10","-14","-13","-16","592","644","505","586"
"15.950","190","0","0","1","0","1043","0.5680","1","-0.2590","195","-11","0","6943","4","16","11","24","5","4","14","14","-32","-2","100","9","0","0","0","1","1","-1","-0","21","365","292","469","427","196","195","197","197","5","0","0","1","-14","-11","-15","-13","591","642","501","587"
"16.000","188","1","0","1","0","1046","0.4950","1","-1.1560","196","-22","0","6976","4","16","11","23","5","4","18","13","-43","-3","100","9","0","0","0","1","1","-3","-2","21","476","208","567","392","197","195","198","198","18","1","0","1","-19","-7","-18","-12","590","642","500","586"
"16.050","188","1","0","1","0","1048","0.4320","2","-1.7690","197","-29","-0","7017","4","16","11","24","5","4","19","12","-46","-3","100","9","0","0","0","1","1","-3","-2","21","546","138","621","364","198","195","199","199","18","1","0","1","-22","-4","-20","-11","586","643","500","586"
"16.100","190","1","0","1","0","1051","0.4570","2","-2.0810","198","-29","-0","7064","4","16","11","24","5","4","19","11","-46","-3","100","9","0","0","0","1","1","-4","-3","21","562","95","609","328","199","195","200","200","19","1","0","1","-23","-3","-20","-10","590","641","500","583"
"16.150","196","0","0","1","0","1054","0.3830","2","-2.2000","198","-26","-0","7110","4","16","11","24","5","4","19","9","-47","-3","100","9","0","0","0","1","1","-4","-3","21","536","72","584","284","199","195","201","201","21","1","0","1","-22","-2","-19","-8","588","639","501","584"
"16.200","196","0","0","1","0","1057","0.4590","2","-2.3330","198","-28","-0","7164","4","16","11","24","5","4","17","7","-48","-3","100","9","0","0","0","1","1","-5","-4","21","553","68","565","247","200","196","203","203","20","1","0","1","-23","-1","-18","-7","587","639","500","583"
"16.250","191","1","0","1","0","1059","0.5160","3","-2.4810","200","-31","-0","7142","4","16","11","24","5","4","17","6","-48","-3","100","9","0","0","0","1","1","-5","-4","21","589","64","613","269","201","196","204","204","19","1","0","1","-24","-1","-20","-8","585","639","500","582"
"16.300","190","0","0","1","0","1062","0.4160","3","-2.5870","200","-29","-0","7183","4","16","11","25","5","4","21","9","-50","-3","100","9","0","0","0","1","1","-5","-3","21","604","56","692","306","202","196","204","204","23","1","0","1","-25","-1","-23","-9","587","640","500","581"
"16.350","190","0","0","1","0","1065","0.4250","3","-2.6210","201","-24","-0","7196","4","16","11","26","5","4","21","10","-53","-3","100","9","0","0","0","1","1","-5","-3","21","596","53","686","300","202","196","204","204","28","2","0","1","-24","-1","-23","-9","585","638","499","582"
"16.400","191","1","0","1","0","1068","0.4560","3","-2.5720","201","-25","-0","7229","4","16","10","25","5","4","19","7","-55","-3","100","9","0","0","0","1","1","-5","-4","21","565","57","608","254","202","197","205","205","30","2","0","1","-23","-1","-20","-7","585","638","498","581"
"16.450","193","1","0","1","0","1071","0.5060","3","-2.5940","201","-31","-0","7269","4","16","10","24","5","4","17","5","-52","-3","95","9","0","0","0","1","1","-5","-4","21","564","68","582","229","203","198","207","207","25","1","0","1","-23","-1","-19","-6","585","640","499","580"
"16.500","194","1","0","1","0","1073","0.4750","3","-2.6760","202","-33","0","7285","4","17","9","24","5","4","19","7","-49","-3","89","9","0","0","0","1","1","-5","-4","21","605","67","662","264","204","198","207","207","20","1","0","1","-25","-1","-22","-8","583","634","499","580"
"16.550","195","1","1","2","0","1076","0.4260","3","-2.8250","203","-30","0","7275","4","17","9","24","5","4","22","9","-48","-3","85","9","0","0","0","1","1","-5","-4","21","645","65","721","297","204","199","207","207","19","1","0","1","-27","-1","-24","-9","582","635","500","579"
"16.600","194","0","1","1","0","1079","0.4060","3","-2.9250","203","-29","-0","7262","4","17","9","24","5","4","22","9","-46","-3","82","9","0","0","0","1","1","-5","-4","21","646","74","704","283","205","199","207","207","19","1","0","1","-27","-2","-23","-8","578","635","497","578"
"16.650","195","1","0","1","0","1082","0.3670","3","-2.7880","204","-27","-0","7312","4","17","9","24","5","4","21","8","-41","-2","70","9","0","0","0","1","1","-5","-4","21","596","77","670","255","205","200","208","208","17","1","0","1","-24","-2","-22","-7","580","631","497","578"
"16.700","196","1","0","2","0","1085","0.2930","3","-2.6270","203","-25","-0","7307","4","17","9","24","5","4","19","7","-37","-2","68","9","0","0","0","1","1","-5","-4","21","567","79","624","231","204","200","207","207","13","1","0","1","-23","-2","-20","-7","579","632","499","577"
"16.750","198","1","0","1","0","1088","0.3670","3","-2.6300","204","-26","-0","7321","4","17","9","25","5","4","18","5","-31","-2","61","9","0","0","0","1","1","-4","-4","21","602","87","618","233","205","201","208","208","9","1","0","1","-25","-2","-20","-7","577","633","496","578"
"16.800","198","1","1","2","0","1090","0.2640","3","-2.6370","204","-24","-0","7287","4","17","9","25","5","4","20","7","-30","-2","58","9","0","0","0","1","1","-4","-4","21","610","90","673","264","205","202","207","207","10","1","0","1","-25","-2","-22","-8","580","636","497","577"
"16.850","201","1","0","2","0","1093","0.2330","3","-2.6490","204","-21","-0","7293","4","17","8","26","5","4","20","7","-39","-2","58","9","0","0","0","1","1","-5","-4","21","612","99","665","257","205","202","207","207","17","1","0","1","-25","-3","-22","-7","576","632","497","576"
"16.900","203","2","0","2","0","1096","0.2690","3","-2.6860","204","-24","-0","7312","4","17","8","26","5","4","18","6","-45","-3","54","9","0","0","0","1","1","-5","-4","21","636","99","619","238","206","202","208","208","21","1","0","1","-25","-3","-20","-7","580","628","497","576"
"16.950","205","2","1","3","0","1099","0.1710","3","-2.6660","204","-28","-0","7290","4","17","8","25","5","4","19","6","-48","-3","53","9","0","0","0","0","0","-5","-4","21","622","81","623","238","206","202","207","207","22","1","0","0","-25","-2","-20","-7","578","632","495","577"
"17.000","206","1","1","2","0","1102","0.1440","3","-2.7350","204","-29","-0","7288","4","17","7","26","5","4","19","6","-48","-3","52","9","0","0","0","0","0","-5","-4","21","637","87","647","245","206","201","207","207","21","1","0","0","-25","-2","-21","-7","577","630","497","576"
"17.050","206","1","2","3","0","1105","0.1160","3","-2.8110","205","-29","-0","7288","4","17","7","26","5","4","20","7","-46","-3","52","9","0","0","0","0","0","-5","-4","21","666","100","669","253","206","201","207","207","21","1","0","0","-27","-3","-21","-7","576","629","499","575"
"17.100","206","1","1","2","0","1108","0.1000","3","-2.7910","204","-29","-0","7284","4","17","7","26","5","4","20","7","-46","-3","52","9","0","0","0","0","0","-5","-4","21","651","98","666","243","206","201","207","207","20","1","0","0","-26","-3","-21","-7","572","629","498","575"
"17.150","206","1","1","2","0","1110","0.1030","3","-2.8070","204","-29","-0","7287","4","17","7","24","5","4","19","6","-46","-3","52","9","0","0","0","0","0","-5","-4","21","644","94","640","232","206","201","207","207","20","1","0","0","-26","-3","-20","-7","575","626","496","574"
"17.200","206","2","1","3","0","1113","0.1050","3","-2.8420","204","-30","-0","7258","4","17","7","24","5","4","19","6","-45","-3","53","9","0","0","0","0","0","-5","-4","21","659","103","656","239","206","201","207","207","18","1","0","0","-26","-3","-21","-7","575","629","495","574"
"17.250","205","1","1","2","0","1116","0.0750","3","-2.8570","204","-28","-0","7259","4","17","7","25","5","4","21","7","-44","-3","53","9","0","0","0","0","0","-5","-4","21","662","97","700","261","206","201","207","206","18","1","0","0","-26","-3","-22","-8","572","631","495","575"
"17.300","204","1","1","2","0","1119","0.0650","3","-2.8380","204","-26","0","7250","4","17","7","25","5","4","21","8","-43","-3","54","9","0","0","0","0","0","-5","-4","21","648","92","689","258","205","201","206","206","20","1","0","0","-26","-3","-22","-8","570","630","495","573"
"17.350","204","1","0","2","0","1122","0.1080","3","-2.7790","204","-26","-0","7243","4","17","7","25","5","4","19","6","-44","-3","54","9","0","0","0","0","0","-5","-4","21","637","100","639","236","205","201","206","206","21","1","0","0","-25","-3","-20","-7","575","626","497","571"
"17.400","205","2","0","2","0","1125","0.0720","3","-2.7180","203","-27","-0","7238","4","17","7","25","5","4","19","6","-45","-3","54","9","0","0","0","0","0","-5","-4","21","626","90","629","236","205","200","206","206","21","1","0","0","-25","-2","-20","-7","574","627","497","571"
"17.450","204","2","1","2","0","1128","0.0790","3","-2.7410","203","-27","-0","7233","4","17","7","25","5","4","19","6","-47","-3","54","9","0","0","0","0","0","-5","-4","21","624","94","647","242","204","200","206","206","22","1","0","0","-25","-3","-21","-7","570","627","497","572"
"17.500","202","1","1","2","0","1130","0.0940","3","-2.7890","203","-27","-0","7219","4","18","8","26","5","4","19","6","-47","-3","54","9","0","0","0","0","0","-5","-4","21","629","101","651","244","204","200","206","205","22","1","0","0","-25","-3","-21","-7","570","627","497","571"
"17.550","200","2","0","2","0","1133","0.0750","3","-2.7630","203","-27","-0","7213","4","18","8","26","5","4","20","6","-47","-3","54","9","0","0","0","0","0","-5","-4","21","632","94","646","243","204","200","205","205","22","1","0","0","-25","-3","-21","-7","572","626","496","570"
"17.600","199","1","0","2","0","1136","0.0800","3","-2.7060","202","-27","-0","7201","4","18","8","26","5","4","20","6","-47","-3","54","9","0","0","0","0","0","-5","-4","21","622","86","645","239","204","200","205","205","23","1","0","0","-25","-2","-21","-7","572","626","495","570"
"17.650","198","2","1","3","0","1139","0.0840","3","-2.6820","202","-26","-0","7192","4","18","8","26","5","4","19","6","-48","-3","54","9","0","0","0","0","0","-5","-4","21","612","83","631","234","204","199","205","205","23","1","0","0","-24","-2","-20","-7","568","622","494","569"
"17.700","198","1","1","2","0","1142","0.1040","3","-2.6930","202","-28","-0","7204","4","18","8","27","5","4","18","5","-48","-3","55","9","0","0","0","0","0","-5","-4","21","614","84","609","228","204","199","205","205","23","1","0","0","-24","-2","-19","-7","570","621","493","569"
"17.750","198","1","0","1","0","1144","0.0930","3","-2.6990","202","-28","-0","7200","4","18","8","27","5","4","19","5","-48","-3","58","9","0","0","0","0","0","-5","-4","21","611","86","624","230","204","199","205","205","22","1","0","0","-24","-2","-20","-7","568","624","493","567"
"17.800","198","1","0","2","0","1147","0.1060","3","-2.7190","202","-28","-0","7196","4","18","8","27","5","4","19","6","-48","-3","61","9","0","0","0","0","0","-5","-4","21","621","85","639","235","203","199","205","205","22","1","0","0","-25","-2","-20","-7","570","624","493","569"
"17.850","198","1","0","2","0","1150","0.1430","3","-2.7560","202","-28","-0","7200","4","18","8","27","5","4","19","6","-48","-3","66","9","0","0","0","0","0","-5","-4","21","634","80","630","233","203","199","205","205","22","1","0","0","-25","-2","-20","-7","568","620","493","567"
"17.900","198","1","0","2","0","1153","0.1630","3","-2.7430","202","-28","-0","7208","4","18","8","26","5","4","19","6","-48","-3","69","9","0","0","0","0","0","-5","-4","21","629","79","640","236","203","199","205","205","22","1","0","0","-25","-2","-20","-7","568","621","494","567"
"17.950","197","1","0","1","0","1156","0.1650","3","-2.7320","202","-27","-0","7204","4","18","8","26","5","4","19","6","-48","-3","75","9","0","0","0","0","0","-5","-4","21","616","78","646","240","203","199","205","205","23","1","0","0","-24","-2","-21","-7","568","622","493","566"
"18.000","195","1","0","1","0","1159","0.2260","3","-2.7250","202","-27","-0","7207","4","18","8","27","5","4","19","6","-48","-3","76","9","0","0","0","0","0","-5","-4","21","601","77","640","238","203","199","205","205","23","1","0","0","-24","-2","-20","-7","566","624","493","566"
"18.050","195","1","0","1","0","1161","0.1960","3","-2.6890","202","-27","-0","7211","4","18","9","26","5","4","19","6","-49","-3","77","9","0","0","0","1","1","-5","-4","21","595","74","630","238","203","199","205","205","24","1","0","1","-24","-2","-20","-7","566","621","490","566"
"18.100","195","1","0","1","0","1164","0.2530","3","-2.7400","202","-28","-0","7236","4","18","9","26","5","4","19","5","-49","-3","78","9","0","0","0","1","1","-5","-4","21","610","71","630","228","203","199","206","206","23","1","0","1","-24","-2","-20","-7","562","618","490","566"
"18.150","196","1","0","1","0","1167","0.2490","3","-2.7430","202","-29","-0","7233","4","18","10","26","5","4","19","6","-48","-3","80","9","0","0","0","1","1","-5","-4","21","607","68","654","237","204","199","206","206","22","1","0","1","-24","-2","-21","-7","564","622","490","565"
"18.200","197","1","0","1","0","1170","0.2390","3","-2.7000","202","-27","-0","7250","4","18","10","26","5","4","19","6","-48","-3","81","9","0","0","0","1","1","-5","-4","21","607","63","644","245","203","198","206","206","23","1","0","1","-24","-1","-21","-7","564","621","490","565"
"18.250","199","0","0","1","0","1173","0.2840","3","-2.7160","202","-27","-0","7270","4","18","9","26","5","4","19","6","-48","-3","82","9","0","0","0","1","1","-5","-4","21","614","61","629","238","204","199","206","206","23","1","0","1","-24","-1","-20","-7","561","618","489","563"
"18.300","200","0","0","1","0","1175","0.2900","3","-2.7340","202","-27","-0","7261","4","18","9","26","5","4","19","6","-48","-3","83","9","0","0","0","1","1","-5","-4","21","596","69","633","231","204","199","207","207","22","1","0","1","-24","-2","-20","-7","564","620","489","563"
"18.350","202","1","0","1","0","1178","0.3210","3","-2.7830","202","-29","-0","7275","4","18","9","26","5","4","19","5","-47","-3","85","9","0","0","0","1","1","-5","-4","21","601","80","642","231","204","199","207","207","21","1","0","1","-24","-2","-20","-7","561","617","488","564"
"18.400","202","1","0","1","0","1181","0.3030","3","-2.7920","203","-29","-0","7291","4","18","8","25","5","4","20","6","-47","-3","86","9","0","0","0","1","1","-5","-4","21","612","78","679","245","204","200","207","207","20","1","0","1","-24","-2","-22","-7","564","621","487","563"
"18.450","201","0","0","1","0","1184","0.3420","3","-2.8050","203","-29","-0","7338","4","18","8","25","5","4","20","7","-46","-3","89","9","0","0","0","1","1","-5","-4","21","614","71","682","251","204","200","208","208","19","1","0","1","-24","-2","-22","-7","562","621","487","561"
"18.500","201","0","0","0","0","1187","0.4170","3","-2.8170","204","-29","-0","7326","4","19","8","25","5","4","20","6","-44","-3","89","9","0","0","0","1","1","-5","-4","21","606","61","666","249","205","200","208","208","18","1","0","1","-24","-1","-21","-7","562","620","487","561"
"18.550","200","1","0","1","0","1190","0.3490","3","-2.7610","204","-27","-0","7329","4","19","8","24","5","4","21","7","-42","-2","78","9","0","0","0","1","1","-5","-4","21","599","58","672","249","205","200","208","208","17","1","0","1","-24","-1","-21","-7","563","614","486","561"
"18.600","201","1","0","1","0","1192","0.3630","3","-2.7780","204","-27","-0","7329","4","19","9","24","5","4","20","7","-42","-2","77","9","0","0","0","1","1","-5","-4","21","615","65","663","249","205","200","209","209","18","1","0","1","-24","-1","-21","-7","558","617","486","561"
"18.650","200","1","0","1","0","1195","0.3200","3","-2.8080","205","-27","-0","7335","4","19","9","24","5","4","20","6","-43","-2","82","9","0","0","0","1","1","-5","-4","21","625","64","660","250","206","201","209","209","18","1","0","1","-25","-1","-21","-7","561","616","486","561"
"18.700","201","1","0","1","0","1198","0.3450","3","-2.7760","204","-26","-0","7382","4","19","9","24","5","4","20","7","-43","-3","87","9","0","0","0","1","1","-5","-4","21","605","67","671","252","206","201","209","209","19","1","0","1","-24","-1","-21","-7","560","618","486","561"
"18.750","204","1","0","1","0","1201","0.3860","3","-2.7880","205","-26","-0","7391","4","19","9","24","5","4","20","7","-44","-3","87","9","0","0","0","1","1","-5","-4","21","600","74","663","250","206","201","210","210","19","1","0","1","-24","-2","-21","-7","556","616","487","560"
"18.800","207","1","0","1","0","1204","0.4060","3","-2.8090","205","-28","-0","7404","4","19","10","24","5","4","20","6","-42","-2","90","9","0","0","0","1","1","-5","-4","21","618","75","658","250","207","202","210","210","18","1","0","1","-24","-2","-21","-7","555","616","487","559"
"18.850","207","1","0","1","0","1207","0.4190","3","-2.8330","206","-28","-0","7402","4","19","10","24","5","4","20","7","-42","-2","93","9","0","0","0","1","1","-5","-4","21","628","73","679","260","207","202","211","211","17","1","0","1","-25","-2","-22","-8","559","616","486","559"
"18.900","206","1","0","1","0","1210","0.4010","3","-2.8700","206","-27","-0","7408","4","19","10","24","5","4","21","8","-43","-3","94","9","0","0","0","1","1","-5","-4","21","628","69","697","266","208","202","211","211","19","1","0","1","-25","-2","-22","-8","559","612","486","559"
"18.950","204","1","0","1","0","1212","0.3980","3","-2.8420","207","-27","-0","7440","4","19","9","24","5","4","21","7","-45","-3","98","9","0","0","0","1","1","-5","-4","21","619","65","685","258","208","203","211","211","20","1","0","1","-24","-1","-22","-7","555","616","484","558"
"19.000","206","1","0","1","0","1215","0.4150","3","-2.8100","207","-28","-0","7450","4","19","9","24","5","4","20","7","-43","-3","100","9","0","0","0","1","1","-5","-4","21","602","68","671","248","208","203","212","212","18","1","0","1","-24","-1","-21","-7","555","616","485","558"
"19.050","207","0","-0","-0","0","1218","0.4280","3","-2.8430","207","-28","-0","7468","4","19","9","24","5","4","20","7","-40","-2","100","9","0","0","0","1","1","-5","-4","21","607","73","669","251","209","203","212","212","16","1","0","1","-24","-2","-21","-7","558","614","485","558"
"19.100","207","0","0","0","0","1221","0.4450","3","-2.8610","208","-29","-0","7475","4","19","9","24","5","4","20","7","-39","-2","100","9","0","0","0","1","1","-5","-4","21","628","69","681","258","209","204","212","212","14","1","0","1","-25","-1","-22","-7","557","611","485","558"
"19.150","206","0","0","0","0","1224","0.4440","3","-2.8850","208","-27","-0","7492","4","19","9","23","5","4","21","8","-39","-2","100","9","0","0","0","1","1","-5","-4","21","642","71","699","269","210","205","213","213","14","1","0","1","-25","-2","-22","-8","556","610","483","559"
"19.200","205","0","0","0","0","1227","0.4450","3","-2.8810","209","-26","-0","7490","4","19","9","23","5","4","21","8","-38","-2","100","9","0","0","0","1","1","-5","-4","21","647","70","698","273","210","205","213","213","15","1","0","1","-26","-1","-22","-8","555","609","483","557"
"19.250","206","-0","0","-0","0","1230","0.4470","3","-2.8270","209","-24","-0","7518","4","19","9","22","5","4","21","8","-36","-2","100","9","0","0","0","1","1","-5","-4","21","623","70","692","268","210","206","214","214","15","1","0","1","-25","-1","-22","-8","554","612","482","556"
"19.300","207","-0","0","-0","0","1233","0.4750","3","-2.7860","210","-24","-0","7533","4","19","9","22","5","4","21","8","-35","-2","100","9","0","0","0","1","1","-5","-4","21","621","82","687","272","211","207","214","214","15","1","0","1","-24","-2","-22","-8","553","614","482","556"
"19.350","208","0","0","0","0","1236","0.4700","3","-2.7380","210","-23","-0","7530","4","19","9","22","5","4","21","8","-37","-2","100","9","0","0","0","1","1","-5","-4","21","632","85","699","288","212","207","214","214","17","1","0","1","-25","-2","-22","-8","552","608","482","555"
"19.400","208","0","0","0","0","1239","0.4410","3","-2.7140","211","-22","-0","7532","4","19","9","22","5","4","22","9","-39","-2","100","9","0","0","0","1","1","-5","-4","21","614","86","709","300","212","208","214","214","20","1","0","1","-24","-2","-23","-9","554","611","482","555"
"19.450","207","-0","0","-0","0","1242","0.4640","3","-2.6560","211","-22","-0","7555","4","19","10","23","5","4","21","9","-42","-2","100","9","0","0","0","1","1","-5","-4","21","606","90","682","290","212","209","215","215","22","1","0","1","-24","-2","-22","-9","552","613","482","555"
"19.500","208","1","0","1","0","1245","0.4630","3","-2.5630","212","-24","-0","7567","4","20","10","23","5","4","20","8","-43","-3","100","9","0","0","0","1","1","-5","-4","21","587","76","651","276","213","209","216","216","23","1","0","1","-23","-2","-21","-8","550","607","481","555"
"19.550","210","-0","0","-0","0","1248","0.4450","3","-2.5730","212","-26","-0","7641","4","20","10","23","5","4","20","8","-45","-3","100","9","0","0","0","1","1","-5","-4","21","578","72","643","263","213","209","216","216","23","1","0","1","-23","-2","-20","-8","552","609","482","553"
"19.600","211","1","0","1","0","1250","0.4980","3","-2.6630","213","-28","-0","7641","4","20","10","23","5","4","20","7","-44","-3","100","9","0","0","0","1","1","-5","-4","21","600","81","667","270","214","210","217","217","21","1","0","1","-24","-2","-21","-8","551","611","480","553"
"19.650","214","-0","0","-0","0","1253","0.4360","3","-2.6950","214","-27","-0","7655","4","20","10","23","5","4","21","8","-43","-2","100","9","0","0","0","1","1","-5","-3","21","621","77","702","283","215","211","218","218","20","1","0","1","-24","-2","-22","-8","551","609","480","553"
"19.700","213","1","0","1","0","1256","0.4410","3","-2.7290","214","-26","-0","7684","4","20","10","23","5","4","22","9","-42","-2","100","9","0","0","0","1","1","-5","-3","21","630","90","699","285","216","211","218","218","20","1","0","1","-25","-2","-22","-8","551","608","481","553"
"19.750","213","-0","0","-0","0","1259","0.4580","3","-2.7090","215","-26","-0","7689","4","20","9","23","5","4","21","8","-42","-2","100","9","0","0","0","1","1","-5","-4","21","611","82","683","274","216","212","219","219","21","1","0","1","-24","-2","-22","-8","546","605","479","553"
"19.800","212","-0","0","-0","0","1262","0.4510","3","-2.6710","215","-25","-0","7727","4","20","9","22","5","4","21","8","-42","-2","100","9","0","0","0","1","1","-5","-4","21","613","65","682","268","216","212","219","219","22","1","0","1","-24","-1","-22","-8","547","606","479","549"
"19.850","212","1","0","1","0","1265","0.4540","3","-2.7080","216","-24","-0","7743","4","20","9","22","5","4","21","8","-42","-2","100","9","0","0","0","1","1","-5","-4","21","618","74","680","284","217","212","220","220","22","1","0","1","-24","-2","-22","-8","550","608","479","551"
"19.900","212","-0","0","-0","0","1268","0.4440","3","-2.7450","216","-25","-0","7780","4","20","9","22","5","4","21","8","-42","-2","100","9","0","0","0","1","1","-5","-4","21","624","74","683","282","218","213","220","220","21","1","0","1","-25","-2","-22","-8","549","606","478","553"
"19.950","212","0","0","0","0","1271","0.4600","3","-2.7510","217","-25","-0","7769","4","20","8","22","5","4","21","9","-40","-2","100","9","0","0","0","1","1","-5","-4","21","651","85","703","291","218","214","221","221","20","1","0","1","-26","-2","-22","-8","549","607","478","551"
"20.000","213","0","0","0","0","1274","0.4280","3","-2.7010","218","-24","-0","7784","4","20","8","21","5","4","22","9","-39","-2","100","9","0","0","0","1","1","-4","-3","21","639","96","701","303","219","215","221","221","20","1","0","1","-25","-2","-22","-9","548","608","478","551"
"20.050","214","0","0","0","0","1278","0.4180","3","-2.6490","218","-23","-0","7801","4","20","8","21","5","4","21","9","-38","-2","100","9","0","0","0","1","1","-5","-4","21","614","93","671","287","219","215","222","222","20","1","0","1","-24","-2","-21","-8","547","603","478","550"
"20.100","215","0","0","0","0","1281","0.4860","3","-2.6440","219","-24","-1","7819","4","20","8","22","5","4","20","8","-38","-2","100","9","0","0","0","1","1","-4","-4","21","614","93","669","277","220","216","223","223","19","1","0","1","-24","-2","-21","-8","546","606","478","550"
"20.150","217","-0","0","-0","0","1284","0.3810","3","-2.6160","219","-24","-0","7853","4","20","8","21","5","4","21","9","-37","-2","100","9","0","0","0","1","1","-4","-3","21","628","99","674","275","220","216","223","223","18","1","0","1","-25","-3","-21","-8","548","605","477","549"
"20.200","218","0","0","0","0","1287","0.4580","3","-2.6350","220","-25","-0","7865","4","20","8","22","5","4","20","8","-35","-2","100","9","0","0","0","1","1","-4","-3","21","641","111","668","281","221","217","224","224","15","1","0","1","-25","-3","-21","-8","543","604","477","549"
"20.250","218","0","0","0","0","1290","0.4330","3","-2.6170","220","-23","-0","7891","4","20","8","21","5","4","21","9","-31","-2","100","9","0","0","0","1","1","-4","-3","21","623","108","685","305","221","218","224","224","13","1","0","1","-24","-3","-22","-9","545","606","476","549"
"20.300","218","0","0","0","0","1293","0.4020","3","-2.5380","221","-21","-0","7882","4","20","8","21","5","4","22","9","-30","-2","100","9","0","0","0","1","1","-4","-3","21","605","91","682","311","222","218","224","224","14","1","0","1","-24","-2","-22","-9","546","601","476","548"
"20.350","220","1","0","1","0","1296","0.4840","3","-2.5740","221","-21","-0","7893","4","20","7","21","5","4","20","9","-33","-2","100","9","0","0","0","1","1","-4","-3","21","615","103","672","310","222","219","225","225","16","1","0","1","-24","-3","-21","-9","545","606","475","548"
"20.400","222","0","0","0","0","1299","0.4020","3","-2.5500","222","-21","-0","7922","4","20","7","21","5","4","22","10","-35","-2","100","9","0","0","0","1","1","-4","-3","21","615","119","702","322","223","220","225","225","19","1","0","1","-24","-3","-22","-9","546","604","476","548"
"20.450","226","0","0","0","0","1302","0.3870","3","-2.5530","222","-22","-0","7938","4","20","8","21","5","4","22","10","-38","-2","100","9","0","0","0","1","1","-4","-3","21","626","124","693","306","223","220","226","226","20","1","0","1","-25","-4","-22","-9","544","603","476","547"
"20.500","226","-0","0","-0","0","1305","0.4360","3","-2.5870","223","-24","-0","7970","4","21","7","21","5","4","21","9","-38","-2","100","9","0","0","0","1","1","-4","-3","21","640","126","676","288","224","221","227","227","19","1","0","1","-25","-4","-21","-8","541","603","475","547"
"20.550","226","-0","0","-0","0","1308","0.3710","3","-2.5500","224","-25","-0","7997","4","21","7","20","5","4","21","10","-38","-2","100","9","0","0","0","1","1","-4","-3","21","638","116","699","296","225","221","227","227","19","1","0","1","-25","-3","-22","-9","540","602","475","548"
"20.600","224","-0","0","-0","0","1311","0.4020","3","-2.5950","224","-24","-0","8020","4","21","7","20","5","4","21","10","-37","-2","100","9","0","0","0","1","1","-4","-3","21","649","117","705","297","225","221","228","228","19","1","0","1","-25","-3","-22","-9","540","601","476","547"
"20.650","222","-0","-0","-0","0","1315","0.4280","3","-2.6650","225","-24","-0","8018","4","21","7","20","6","4","22","10","-37","-2","100","9","0","0","0","1","1","-4","-3","21","662","130","714","305","226","222","228","228","19","1","0","1","-26","-4","-23","-9","543","600","474","545"
"20.700","223","-0","0","0","0","1318","0.3790","3","-2.6700","225","-24","-0","8032","4","21","7","20","5","4","22","11","-36","-2","100","9","0","0","0","1","1","-4","-3","21","675","140","733","316","226","223","228","228","19","1","0","1","-27","-4","-23","-9","538","601","474","545"
"20.750","226","0","0","0","0","1321","0.4010","3","-2.6720","226","-23","-0","8040","4","21","7","20","5","4","23","10","-36","-2","100","9","0","0","0","1","1","-4","-3","21","672","142","725","309","227","223","229","229","19","1","0","1","-26","-4","-23","-9","541","602","473","545"
"20.800","227","-0","0","-0","0","1324","0.3940","3","-2.6360","226","-23","-0","8071","4","21","7","19","5","4","21","10","-36","-2","100","9","0","0","0","1","1","-4","-3","21","655","137","694","294","227","224","230","230","18","1","0","1","-26","-4","-22","-8","541","599","474","545"
"20.850","228","1","0","1","0","1327","0.4210","3","-2.6420","226","-25","-0","8114","4","21","7","19","5","4","21","9","-34","-2","100","9","0","0","0","1","1","-4","-3","21","650","130","688","308","228","224","230","230","16","1","0","1","-25","-4","-22","-9","541","598","473","545"
"20.900","228","0","0","0","0","1330","0.4010","3","-2.6610","227","-23","-0","8095","4","21","6","19","6","4","23","11","-32","-2","100","9","0","0","0","1","1","-4","-3","21","657","126","727","353","228","225","230","230","15","1","0","1","-26","-4","-23","-10","540","601","472","544"
"20.950","230","0","0","0","0","1333","0.3290","3","-2.5780","227","-19","-0","8131","4","21","6","19","6","4","24","12","-29","-2","100","9","0","0","0","1","1","-4","-3","21","649","123","727","356","228","225","230","230","15","1","0","1","-26","-3","-23","-11","540","600","473","544"
"21.000","230","0","0","0","0","1337","0.4270","2","-2.4650","228","-19","-0","8146","4","21","6","19","6","4","21","11","-28","-2","100","9","0","0","0","1","1","-4","-3","21","640","129","663","322","229","226","231","231","15","1","0","1","-25","-4","-21","-9","540","596","472","544"
"21.050","229","0","0","0","0","1340","0.4060","2","-2.3840","228","-20","-0","8154","4","21","6","18","5","4","21","10","-29","-2","100","9","0","0","0","1","1","-4","-3","21","642","135","666","327","229","227","232","232","14","1","0","1","-25","-4","-21","-10","536","599","472","543"
"21.100","229","0","0","0","0","1343","0.3590","2","-2.3830","229","-20","-0","8167","4","21","6","18","6","4","22","12","-29","-2","100","9","0","0","0","1","1","-4","-3","21","663","147","714","352","230","227","232","232","14","1","0","1","-26","-4","-23","-10","538","598","472","542"
"21.150","231","0","0","0","0","1346","0.3950","2","-2.4010","230","-19","-1","8169","4","21","6","19","6","5","23","12","-28","-2","100","9","0","0","0","1","1","-4","-3","21","670","176","711","366","230","228","232","232","15","1","0","1","-26","-6","-23","-11","535","600","471","542"
"21.200","232","0","0","0","0","1349","0.3720","2","-2.3030","230","-19","-0","8203","4","21","7","18","6","5","22","13","-28","-2","100","9","0","0","0","1","1","-3","-3","21","627","172","686","370","231","228","233","233","15","1","0","1","-25","-5","-22","-11","535","598","471","542"
"21.250","232","-0","0","-0","0","1353","0.3450","2","-2.1840","230","-19","-0","8209","4","21","6","19","5","4","21","12","-28","-2","100","9","0","0","0","1","1","-3","-3","21","600","147","672","345","231","229","233","233","14","1","0","1","-23","-4","-21","-10","538","597","470","542"
"21.300","232","-0","0","-0","0","1356","0.3890","2","-2.1850","231","-20","-0","8215","4","21","6","18","5","4","21","11","-27","-2","100","9","0","0","0","1","1","-3","-3","21","614","151","664","330","232","229","234","234","13","1","0","1","-24","-5","-21","-10","535","597","470","541"
"21.350","230","0","0","1","0","1359","0.3900","2","-2.2200","231","-20","-0","8258","4","21","6","18","6","4","21","11","-25","-1","100","9","0","0","0","1","1","-3","-3","21","632","178","669","346","232","230","235","235","10","1","0","1","-25","-6","-21","-10","535","596","468","541"
"21.400","229","0","0","0","0","1362","0.3920","2","-2.2180","232","-19","-0","8262","4","21","6","19","6","5","22","12","-23","-1","100","9","0","0","0","1","1","-3","-3","21","626","186","710","379","233","231","235","235","9","0","0","1","-24","-6","-23","-11","536","595","469","541"
"21.450","228","-0","0","-0","0","1365","0.3590","2","-2.1670","232","-16","-0","8275","4","21","6","19","6","5","23","14","-20","-1","100","9","0","0","0","1","1","-3","-3","21","625","184","723","392","233","231","235","235","9","0","0","1","-24","-6","-23","-12","536","594","469","541"
"21.500","227","0","0","0","0","1369","0.3940","2","-2.0190","233","-14","-0","8279","4","22","6","18","6","5","22","13","-19","-1","100","9","0","0","0","1","1","-3","-3","21","593","185","670","378","234","232","236","236","9","0","0","1","-23","-6","-21","-11","532","597","470","542"
"21.550","226","0","0","0","0","1372","0.3810","2","-1.8390","233","-14","-0","8339","4","22","6","18","5","4","20","12","-19","-1","100","9","0","0","0","1","1","-3","-2","21","548","186","617","356","234","232","236","236","9","0","0","1","-21","-6","-19","-10","535","594","468","540"
"21.600","225","-0","0","-0","0","1375","0.4420","2","-1.7860","234","-15","-0","8330","4","22","6","17","5","5","20","11","-18","-1","100","9","0","0","0","1","1","-3","-2","21","557","208","623","364","235","233","237","237","7","0","0","1","-22","-7","-20","-11","532","595","468","539"
"21.650","226","0","0","0","0","1378","0.3930","2","-1.7910","235","-15","-0","8356","4","22","6","17","5","5","22","13","-17","-1","100","9","0","0","0","1","1","-2","-2","21","582","226","673","412","236","234","237","237","6","0","0","1","-23","-8","-21","-12","535","593","468","539"
"21.700","227","-0","0","-0","0","1382","0.3910","2","-1.7720","236","-13","-0","8366","4","22","7","18","6","5","22","15","-16","-1","100","9","0","0","0","1","1","-2","-2","21","607","218","693","433","236","235","238","238","7","0","0","1","-24","-7","-22","-13","532","594","468","539"
"21.750","228","0","-0","0","0","1385","0.3830","2","-1.6930","236","-13","-0","8397","4","22","7","18","6","5","22","14","-17","-1","100","9","0","0","0","1","1","-2","-2","21","593","213","653","417","237","235","238","238","8","0","0","1","-23","-7","-21","-13","534","592","468","539"
"21.800","228","0","0","0","0","1388","0.3730","2","-1.6070","236","-13","-0","8409","4","22","7","17","5","4","20","13","-18","-1","100","9","0","0","0","1","1","-2","-2","21","542","202","604","382","237","236","239","239","8","0","0","1","-21","-7","-19","-11","533","591","468","538"
"21.850","228","0","0","0","0","1392","0.3910","2","-1.6230","237","-15","-0","8440","4","22","6","18","5","5","19","12","-18","-1","100","9","0","0","0","1","1","-2","-2","21","538","211","597","367","238","236","240","240","7","0","0","1","-21","-7","-19","-11","533","591","468","538"
"21.900","226","0","0","0","0","1395","0.1880","2","-1.6930","238","-15","-0","7527","4","22","7","18","6","5","20","12","-17","-1","100","9","0","0","0","0","0","-2","-2","21","589","238","640","386","239","237","234","234","6","0","0","0","-23","-8","-20","-11","530","592","467","537"
"21.950","225","0","0","0","0","1398","-0.3150","2","-1.7430","238","-13","-0","7628","5","22","8","19","6","5","21","13","-16","-1","100","9","0","0","0","0","0","-2","-2","21","640","250","657","402","238","237","240","239","6","0","0","0","-25","-9","-21","-12","532","590","467","537"
"22.000","226","0","0","0","0","1401","0.2690","2","-1.6630","238","-13","-1","7324","5","22","7","19","5","5","21","13","-16","-1","100","9","0","0","0","0","0","-2","-2","21","583","230","624","391","238","237","236","236","7","0","0","0","-23","-8","-20","-12","531","590","467","537"
"22.050","228","0","0","0","0","1405","0.3060","2","-1.5530","238","-13","-0","7250","5","22","6","18","5","4","19","12","-17","-1","100","9","0","0","0","1","1","-2","-2","21","509","200","587","362","238","237","238","238","7","0","0","1","-20","-7","-18","-11","531","589","467","537"
"22.100","228","0","0","0","0","1408","0.3890","2","-1.5940","238","-14","-0","7191","5","22","6","18","5","4","19","11","-18","-1","100","9","0","0","0","1","1","-2","-2","21","533","211","597","367","239","237","239","239","7","0","0","1","-21","-7","-19","-11","531","591","467","537"
"22.150","225","0","0","0","0","1411","0.3360","2","-1.7130","239","-15","-0","7174","5","22","7","19","5","5","21","13","-18","-1","100","9","0","0","0","1","1","-2","-2","21","572","231","656","404","240","238","240","240","7","0","0","1","-22","-8","-21","-12","531","588","466","534"
"22.200","225","0","-0","0","0","1415","0.3350","2","-1.7530","239","-15","-1","7170","5","22","6","19","6","5","22","14","-18","-1","100","9","0","0","0","1","1","-2","-2","21","588","235","676","411","240","238","241","241","7","0","0","1","-23","-8","-21","-12","529","590","466","534"
"22.250","227","0","0","0","0","1418","0.3070","2","-1.7130","240","-14","-0","7185","5","22","5","19","6","5","21","14","-17","-1","100","9","0","0","0","1","1","-2","-2","21","592","228","645","393","240","239","242","242","7","0","0","1","-23","-8","-20","-12","530","587","465","534"
"22.300","228","0","0","0","0","1421","0.3130","2","-1.6590","240","-14","-0","7205","5","22","5","19","5","5","20","13","-16","-1","100","9","0","0","0","1","1","-2","-2","21","575","219","617","384","241","239","242","242","7","0","0","1","-22","-7","-19","-11","529","587","465","534"
"22.350","230","0","0","0","0","1425","0.2720","2","-1.6270","240","-13","-0","7211","5","22","5","19","5","5","20","13","-16","-1","100","9","0","0","0","1","1","-2","-2","21","544","217","611","384","241","240","242","242","6","0","0","1","-21","-7","-19","-11","528","585","465","534"
"22.400","233","0","0","0","0","1428","0.2840","2","-1.6370","241","-13","-0","7238","5","22","5","19","5","5","20","12","-16","-1","100","9","0","0","0","1","1","-2","-2","21","556","237","609","376","241","240","243","243","6","0","0","1","-22","-8","-19","-11","528","588","465","533"
"22.450","238","0","0","0","0","1431","0.3130","2","-1.6480","242","-14","-0","7233","5","22","5","18","6","5","20","12","-15","-1","100","9","0","0","0","1","1","-2","-2","21","598","263","625","386","242","241","244","244","5","0","0","1","-23","-9","-20","-11","529","586","465","533"
"22.500","240","0","0","0","0","1435","0.2600","2","-1.6280","242","-13","-0","7251","5","23","5","18","6","5","22","14","-14","-1","100","9","0","0","0","1","1","-2","-2","21","619","262","671","432","243","241","244","244","5","0","0","1","-24","-9","-21","-13","526","586","462","533"
"22.550","241","0","0","0","0","1438","0.2200","2","-1.5900","242","-11","-0","7239","5","23","5","18","6","5","23","16","-14","-1","100","9","0","0","0","0","0","-2","-2","21","602","250","677","451","243","242","244","244","6","0","0","0","-24","-9","-21","-14","526","587","464","532"
"22.600","240","0","0","0","0","1441","0.2380","2","-1.4970","242","-11","-0","7264","5","23","5","18","6","5","21","14","-14","-1","100","9","0","0","0","1","1","-2","-2","21","570","250","622","414","243","242","244","244","6","0","0","1","-22","-9","-19","-12","524","584","464","531"
"22.650","239","0","0","0","0","1445","0.2770","1","-1.4390","243","-12","-0","7281","5","23","5","17","6","5","19","13","-13","-1","100","9","0","0","0","1","1","-2","-2","21","555","255","582","383","243","242","245","245","5","0","0","1","-22","-9","-18","-11","526","586","463","531"
"22.700","236","0","0","0","0","1448","0.2510","1","-1.4270","243","-12","-0","7302","5","23","5","17","6","5","20","13","-12","-1","100","9","0","0","0","1","1","-2","-2","21","567","260","606","399","244","242","245","245","3","0","0","1","-22","-9","-19","-12","521","581","463","531"
"22.750","232","0","0","0","0","1452","0.2860","1","-1.4080","244","-11","-0","7292","5","23","5","18","6","5","21","14","-10","-1","100","9","0","0","0","1","1","-2","-2","21","584","277","646","437","244","243","246","246","3","0","0","1","-23","-10","-20","-13","525","582","463","531"
"22.800","230","0","0","0","0","1455","0.2580","1","-1.3120","244","-9","-0","7305","5","23","5","18","6","5","22","16","-9","-1","100","9","0","0","0","1","1","-2","-1","21","580","293","658","476","245","244","246","246","3","0","0","1","-23","-10","-21","-14","522","579","463","531"
"22.850","235","-0","0","-0","0","1458","0.2430","1","-1.1730","244","-7","-0","7327","5","23","5","18","6","5","21","16","-8","-0","100","9","0","0","0","1","1","-2","-1","21","532","296","622","465","245","244","246","246","3","0","0","1","-21","-10","-19","-14","522","581","462","530"
"22.900","239","0","0","0","0","1462","0.2580","1","-1.0430","244","-7","-0","7332","5","23","5","17","5","5","19","14","-8","-0","100","9","0","0","0","1","1","-1","-1","21","490","295","547","408","245","244","246","247","2","0","0","1","-19","-10","-17","-12","522","578","462","530"
"22.950","242","0","0","0","0","1465","0.3140","1","-0.9720","245","-8","-0","7357","5","23","5","17","5","5","17","13","-7","-0","100","9","0","0","0","1","1","-1","-1","21","504","309","541","406","246","245","247","247","1","0","0","1","-19","-11","-17","-12","521","578","461","529"
"23.000","242","-0","0","-0","0","1469","0.2700","1","-0.9410","246","-7","-0","7363","5","23","5","17","6","5","20","15","-6","-0","100","9","0","0","0","1","1","-1","-1","21","533","339","611","475","246","245","247","247","1","0","0","1","-21","-12","-19","-14","523","579","460","530"
"23.050","241","0","0","0","0","1472","0.2560","1","-0.8180","246","-4","-0","7364","5","23","6","17","6","5","22","18","-4","-0","100","9","0","0","0","1","1","-1","-1","21","539","370","643","523","246","246","247","247","1","0","0","1","-21","-14","-20","-16","522","577","460","529"
"23.100","241","0","-0","0","0","1475","0.2890","1","-0.6690","246","-3","-0","7385","5","23","6","17","6","5","21","18","-3","-0","100","9","0","0","0","1","1","-1","-1","21","498","366","611","514","247","246","248","248","2","0","0","1","-19","-13","-19","-16","520","576","460","528"
"23.150","238","-0","0","0","0","1479","0.2360","1","-0.5250","247","-3","-0","7399","5","23","6","16","5","5","19","17","-4","-0","100","9","0","0","0","1","1","-1","-1","21","435","331","548","474","247","246","248","248","2","0","0","1","-16","-12","-17","-14","519","578","461","528"
"23.200","236","-0","0","0","0","1482","0.3120","1","-0.4680","247","-3","-0","7420","5","23","6","17","5","5","17","14","-4","-0","100","9","0","0","0","1","1","-1","-1","21","423","339","516","447","247","247","249","249","2","0","0","1","-16","-12","-16","-13","522","578","460","529"
"23.250","235","-0","0","-0","0","1486","0.3110","1","-0.4140","248","-3","-0","7420","5","23","7","18","5","5","18","16","-3","-0","100","9","0","0","0","1","1","-1","-1","21","456","367","555","488","248","248","249","249","1","0","0","1","-17","-13","-17","-15","519","575","459","529"
"23.300","239","-0","0","-0","0","1489","0.2830","0","-0.3850","248","-3","-0","7440","5","23","6","18","5","5","20","17","-3","-0","100","9","0","0","0","1","1","-1","-0","21","464","378","593","529","248","248","250","250","1","0","0","1","-18","-14","-18","-16","522","578","460","528"
"23.350","244","0","0","0","0","1493","0.2440","0","-0.3490","249","-2","-0","7447","5","23","6","18","5","5","20","17","-2","-0","100","9","0","0","0","1","1","-0","-0","21","450","376","556","498","249","248","250","250","1","0","0","1","-17","-14","-17","-15","522","577","459","527"
"23.400","243","-0","0","0","0","1496","0.3340","0","-0.2580","249","-2","-0","7469","5","23","5","17","5","5","17","15","-1","-0","100","9","0","0","0","1","1","-0","-0","21","453","390","519","472","249","249","251","251","0","0","0","1","-17","-14","-16","-14","520","578","459","527"
"23.450","243","0","0","0","0","1499","0.2650","0","-0.2020","250","-0","-0","7484","5","23","6","16","5","5","19","17","-0","-0","100","9","0","0","0","1","1","-0","-0","21","446","398","562","516","250","250","251","251","0","0","0","1","-17","-15","-17","-16","521","577","458","527"
"23.500","244","0","0","0","0","1503","0.2360","0","-0.1290","250","0","-0","7503","5","24","6","16","6","5","20","18","-0","-0","100","9","0","0","0","1","1","-0","-0","21","459","430","578","544","250","250","251","251","1","0","0","1","-17","-16","-18","-17","517","575","458","526"
"23.550","246","0","0","0","0","1506","0.3090","0","-0.0680","251","1","-0","7513","5","24","5","16","6","5","20","18","-1","-0","100","9","0","0","0","1","1","-0","-0","21","456","452","570","550","251","251","252","252","1","0","0","1","-17","-17","-18","-17","518","576","459","526"
"23.600","246","-0","0","0","0","1510","0.2150","0","-0.0140","251","1","-0","7527","5","24","5","16","5","5","20","19","-1","-0","100","9","0","0","0","1","1","-0","-0","21","421","416","561","548","251","251","252","252","1","0","0","1","-16","-15","-17","-17","517","571","458","527"
"23.650","246","0","0","0","0","1513","0.2830","0","0.0140","251","0","-0","7528","5","24","5","16","5","5","18","18","-1","-0","100","9","0","0","0","1","1","0","0","21","432","424","535","527","251","251","253","253","-1","-0","0","1","-16","-16","-16","-16","516","572","458","526"
"23.700","248","0","0","0","-0","1517","0.2620","0","0.0180","252","0","-0","7559","5","24","5","16","5","5","18","18","-1","-0","100","9","0","0","0","1","1","0","0","21","445","427","541","531","252","252","253","253","-1","-0","0","1","-17","-16","-17","-16","518","572","459","526"
"23.750","252","0","0","0","-0","1520","0.2440","0","0.0280","252","0","-0","7534","5","24","4","17","5","5","19","18","-0","-0","100","9","0","0","0","1","1","0","0","21","451","429","545","532","252","252","254","254","-1","-0","0","1","-17","-16","-17","-16","517","570","457","525"
"23.800","252","0","0","0","-0","1524","0.2430","0","0.0490","252","1","-0","7543","5","24","4","17","5","5","19","18","0","0","100","9","0","0","0","1","1","0","0","21","434","439","543","535","252","253","254","254","-1","-0","0","1","-16","-16","-17","-16","518","573","457","525"
"23.850","250","0","0","0","-0","1527","0.2300","0","0.0970","253","2","-0","7568","5","24","4","16","5","5","18","18","1","0","100","9","0","0","0","1","1","0","0","21","427","440","538","540","253","253","255","255","-1","-0","0","1","-16","-16","-16","-17","517","572","456","527"
"23.900","248","0","0","0","-0","1531","0.2580","0","0.1670","253","2","-0","7585","5","24","4","16","5","5","19","18","1","0","100","9","0","0","0","1","1","0","0","21","428","460","540","543","253","254","255","255","-1","-0","0","1","-16","-17","-17","-17","518","573","456","521"
"23.950","249","-0","0","-0","-0","1534","0.2410","0","0.1940","254","2","-1","7614","5","24","5","15","5","5","19","19","1","0","100","9","0","0","0","1","1","0","0","21","421","481","556","567","254","254","255","255","-1","-0","0","1","-16","-18","-17","-18","518","573","455","521"
"24.000","250","0","0","0","-0","1538","0.2530","0","0.2070","254","2","-0","7616","5","24","5","14","5","5","19","19","1","0","100","9","0","0","0","1","1","0","0","21","420","482","560","585","254","254","256","256","-1","-0","0","1","-16","-18","-17","-18","515","568","455","524"
"24.050","249","0","0","0","-0","1541","0.2480","0","0.2000","255","2","-0","7614","5","24","5","14","6","5","20","20","1","0","100","9","0","0","0","1","1","0","0","21","431","478","573","593","255","255","256","256","-1","-0","0","1","-16","-18","-18","-18","515","569","455","522"
"24.100","254","0","0","0","-0","1545","0.1860","0","0.2040","255","2","-0","7624","5","24","5","14","5","5","20","20","1","0","100","9","0","0","0","0","0","0","0","21","430","453","571","593","255","255","256","256","-0","-0","0","0","-16","-17","-18","-18","513","568","455","524"
"24.150","253","0","0","0","-0","1549","0.2180","0","0.2190","255","2","-0","7653","5","24","5","14","5","5","18","19","1","0","100","9","0","0","0","1","1","0","0","21","426","447","517","543","255","255","257","257","-0","0","0","1","-16","-17","-16","-17","515","570","455","523"
"24.200","254","0","-0","0","-0","1552","0.2860","0","0.2030","256","2","-0","7668","5","24","4","14","5","5","17","18","1","0","100","9","0","0","0","1","1","0","0","21","424","450","518","534","256","256","258","258","-0","-0","0","1","-16","-17","-16","-16","514","568","455","523"
"24.250","252","0","-0","0","-0","1556","0.1760","0","0.1970","256","2","-0","7668","5","24","4","14","5","5","19","19","1","0","100","9","0","0","0","1","1","0","0","21","414","451","558","579","256","256","258","258","-0","-0","0","1","-16","-17","-17","-18","512","565","454","523"
"24.300","255","0","0","0","-0","1559","0.2590","0","0.1740","256","1","-0","7672","5","24","4","14","6","6","19","19","1","0","100","9","0","0","0","1","1","0","0","21","438","490","570","581","256","257","258","258","-0","-0","0","1","-17","-19","-18","-18","514","570","454","522"
"24.350","254","-0","0","-0","-0","1563","0.2090","0","0.1650","257","1","-0","7680","5","24","4","14","6","5","20","20","0","0","100","9","0","0","0","1","1","0","0","21","450","491","572","585","257","257","258","258","-1","-0","0","1","-17","-19","-18","-18","512","567","453","521"
"24.400","251","-0","0","-0","-0","1566","0.2020","0","0.1770","257","1","-0","7705","5","24","5","14","5","5","19","19","0","0","100","9","0","0","0","1","1","0","0","21","426","449","564","574","257","257","259","259","-1","-0","0","1","-16","-17","-17","-18","513","568","453","520"
"24.450","250","0","-0","0","-0","1570","0.2310","0","0.1610","258","1","-0","7735","5","24","4","14","5","5","19","19","1","0","100","9","0","0","0","1","1","0","0","21","418","440","548","548","258","258","259","259","-1","-0","0","1","-16","-16","-17","-17","512","567","453","520"
"24.500","251","0","-0","-0","-0","1573","0.2290","0","0.1470","258","1","-0","7714","5","25","7","14","6","5","19","19","1","0","100","9","0","0","0","1","1","0","0","21","448","477","547","560","258","258","259","259","-0","-0","0","1","-17","-18","-17","-17","512","567","453","519"
"24.550","252","0","0","0","-0","1577","0.2000","0","0.1390","258","1","-1","7728","5","25","7","14","5","5","20","19","0","0","100","9","0","0","0","1","1","0","0","21","432","470","563","568","258","258","260","260","-1","-0","0","1","-16","-18","-17","-17","509","562","452","520"
"24.600","252","0","0","0","-0","1581","0.2070","0","0.1460","258","1","-0","7735","5","25","6","14","5","5","19","19","0","0","100","9","0","0","0","1","1","0","0","21","415","460","542","549","258","259","260","260","-1","-0","0","1","-16","-17","-17","-17","512","565","452","520"
"24.650","252","0","0","0","-0","1584","0.2540","0","0.1910","259","2","-0","7750","5","25","6","13","6","5","19","19","1","0","100","9","0","0","0","1","1","0","0","21","457","482","544","566","259","259","260","261","-1","-0","0","1","-17","-18","-17","-17","511","565","452","519"
"24.700","252","0","0","0","-0","1588","0.1800","0","0.1710","259","2","-0","7764","5","25","6","13","5","5","20","20","1","0","100","9","0","0","0","0","0","0","0","21","458","479","589","595","259","259","261","261","-1","-0","0","0","-17","-18","-18","-18","512","566","452","519"
"24.750","253","-0","0","-0","-0","1591","0.2340","0","0.1530","260","1","-0","7765","5","25","6","13","6","6","20","20","1","0","100","9","0","0","0","1","1","0","0","21","438","483","578","583","260","260","261","261","-0","0","0","1","-17","-18","-18","-18","511","565","452","517"
"24.800","252","-0","-0","-0","-0","1595","0.2120","0","0.1910","260","1","-0","7766","5","25","4","13","6","5","20","20","1","0","100","9","0","0","0","1","1","0","0","21","437","482","556","581","260","260","262","261","0","0","0","1","-17","-18","-17","-18","509","561","451","517"
"24.850","250","0","0","1","-0","1599","0.2050","0","0.2190","260","2","-0","7786","5","25","3","14","5","5","19","20","2","0","100","9","0","0","0","1","1","0","0","21","426","460","547","575","260","260","262","262","0","0","0","1","-16","-17","-17","-18","510","564","450","518"
"24.900","250","0","0","0","-0","1602","0.2280","0","0.2480","261","3","-0","7808","5","25","4","15","5","5","19","19","2","0","100","9","0","0","0","1","1","0","0","21","421","461","533","556","261","261","262","262","0","0","0","1","-16","-17","-16","-17","509","561","450","518"
"24.950","253","0","0","0","-0","1606","0.2100","0","0.3040","261","3","-0","7817","5","25","4","15","5","5","18","19","2","0","100","9","0","0","0","1","1","0","0","21","407","479","533","556","261","261","263","263","-0","0","0","1","-15","-18","-16","-17","509","561","450","517"
"25.000","255","0","0","0","-0","1609","0.2010","0","0.3520","261","3","-0","7819","5","25","4","16","5","5","18","18","2","0","100","9","0","0","0","1","1","0","0","21","398","492","523","554","261","262","263","263","-1","-0","0","1","-15","-18","-16","-17","507","560","450","516"
"25.050","256","3","2","5","-0","1613","0.2030","0","0.3480","262","3","-0","7833","5","25","3","16","5","5","18","19","-0","-0","100","9","0","0","0","1","1","0","1","21","423","494","512","554","262","262","263","263","-3","-0","0","1","-16","-19","-15","-17","508","561","450","516"
"25.100","257","22","14","36","-0","1617","-0.1790","0","0.2220","261","1","-0","7829","5","25","1","17","6","6","19","19","-2","-0","55","9","0","0","0","0","0","0","0","21","446","494","559","574","260","261","263","263","-4","-0","0","0","-17","-19","-17","-18","508","560","450","515"
"25.150","254","51","31","82","0","1620","-1.4400","1","-0.0440","258","-3","-0","6993","5","25","1","20","5","5","21","20","-5","-0","0","9","0","-0","-0","-0","-0","-0","-0","21","464","497","563","535","258","258","253","252","-1","-0","-0","-0","-18","-19","-17","-16","538","606","451","518"
"25.200","250","68","42","111","0","1624","-2.7550","3","-0.2840","253","-6","-0","7811","5","25","-0","22","6","6","18","17","-6","-0","0","9","0","-1","-1","-1","-1","-0","-0","21","537","501","461","406","253","252","256","256","1","0","-1","-1","-21","-19","-14","-12","580","643","460","528"
"25.250","242","80","48","128","0","1627","-2.6220","3","-0.4140","248","-9","-0","6993","5","25","-2","24","6","6","14","11","-4","-0","0","9","0","-1","-1","-1","-1","-0","-1","21","600","497","364","310","248","248","242","242","-4","-0","-1","-1","-24","-19","-11","-9","641","711","500","565"
"25.300","236","80","49","129","0","1631","-3.0070","3","-0.4450","241","-9","-0","7111","5","25","-3","26","6","6","13","11","0","0","0","9","0","-1","-1","-1","-1","-1","-1","21","589","483","334","314","241","242","233","235","-8","-0","-1","-1","-23","-18","-10","-9","676","747","531","599"
"25.350","231","83","50","133","0","1634","-2.6940","3","-0.4140","238","-4","-0","6777","5","25","-3","29","6","6","13","11","5","0","0","9","0","-1","-1","-1","-1","-0","-1","21","589","538","393","349","238","239","231","235","-9","-0","-1","-1","-23","-21","-12","-10","714","783","572","634"
"25.400","230","88","53","141","0","1637","-2.9710","3","-0.3790","233","1","-0","6985","5","25","-2","30","6","6","16","14","6","0","0","9","0","-1","-1","-1","-1","-0","-1","21","614","554","429","363","231","233","229","232","-6","-0","-1","-1","-24","-22","-13","-11","727","806","590","654"
"25.450","227","85","50","135","0","1641","-2.6750","3","-0.3350","228","1","-0","6453","5","25","-2","31","6","6","14","13","1","0","0","9","0","-1","-1","-1","-1","-1","-1","21","627","509","384","358","228","228","220","225","-1","-0","-1","-1","-25","-20","-12","-11","769","850","617","675"
"25.500","228","82","49","131","0","1644","-2.7330","3","-0.3650","223","-1","-0","6494","5","26","-1","31","6","6","13","13","-6","-0","0","9","0","-1","-1","-1","-1","-1","-1","21","556","472","365","324","221","223","217","224","4","0","-1","-1","-22","-18","-11","-10","784","860","631","693"
"25.550","228","79","46","125","0","1647","-2.4360","2","-0.5690","218","-9","-0","6356","5","26","-0","31","6","6","11","9","-14","-1","0","9","0","-1","-1","-1","-1","-1","-1","21","560","449","330","282","219","218","213","214","5","0","-1","-1","-22","-17","-10","-8","803","888","646","711"
"25.600","225","74","43","117","0","1650","-2.4720","3","-0.8310","214","-14","-0","5850","5","26","1","32","6","5","13","9","-14","-1","1","9","0","-1","-1","-1","-1","-1","-1","21","628","427","364","286","215","214","210","212","2","0","-1","-1","-25","-16","-11","-8","811","895","651","718"
"25.650","222","62","37","99","0","1653","-2.1740","2","-1.0820","211","-16","-0","7541","4","26","1","32","6","5","14","10","-13","-1","4","9","0","-1","-1","-1","-1","-1","-1","21","647","387","440","294","212","209","209","209","-2","-0","-1","-1","-26","-15","-14","-9","824","901","661","725"
"25.700","220","61","37","98","0","1656","-2.0080","2","-1.3670","208","-17","-0","6839","4","26","0","32","6","5","15","9","-12","-1","4","9","0","-1","-1","-1","-1","-2","-2","21","668","349","450","273","209","205","205","204","-5","-0","-1","-1","-27","-13","-14","-8","828","906","667","729"
"25.750","219","60","34","94","0","1659","-2.1140","3","-1.5460","205","-18","-0","7307","4","26","1","32","6","5","15","8","-10","-1","6","9","0","-1","-1","-1","-1","-2","-2","21","665","317","450","247","206","201","200","199","-7","-0","-1","-1","-27","-12","-14","-7","823","905","669","727"
"25.800","215","56","32","88","0","1661","-1.8410","2","-1.5550","201","-16","-0","6701","4","26","1","32","6","5","15","8","-8","-0","3","9","0","-1","-1","-1","-1","-2","-2","21","656","291","452","244","202","197","198","196","-7","-0","-1","-1","-27","-11","-14","-7","828","904","670","727"
"25.850","209","50","29","79","0","1664","-1.8280","2","-1.5310","198","-11","-1","6918","4","26","2","33","6","5","14","7","-8","-0","3","9","0","-1","-1","-1","-1","-2","-2","21","628","272","436","252","199","192","198","196","-3","-0","-1","-1","-26","-10","-14","-7","831","908","670","730"
"25.900","207","50","29","79","0","1667","-1.7300","2","-1.5120","194","-10","-0","6660","4","26","2","33","6","5","13","7","-12","-1","3","9","0","-1","-1","-1","-1","-2","-2","21","637","276","397","241","195","190","191","190","2","0","-1","-1","-25","-10","-12","-7","829","907","669","726"
"25.950","200","49","28","77","0","1670","-1.6390","2","-1.5260","192","-15","-0","6607","4","26","3","34","6","5","12","6","-22","-1","4","9","0","-1","-1","-1","-1","-3","-2","21","636","269","396","235","192","187","190","189","6","0","-1","-1","-25","-10","-12","-7","823","901","667","726"
"26.000","195","48","29","76","0","1672","-1.6800","2","-1.5980","188","-18","-0","6554","4","26","4","35","6","5","13","6","-27","-2","6","9","0","-1","-1","-1","-1","-3","-2","21","600","228","417","237","189","182","187","185","8","0","-1","-1","-24","-8","-13","-7","826","895","665","724"
"26.050","189","43","26","69","0","1675","-1.5870","2","-1.6990","185","-21","-0","6378","4","26","4","36","6","5","13","6","-31","-2","9","9","0","-1","-1","-1","-1","-3","-3","21","591","207","418","209","186","176","184","182","8","0","-1","-1","-24","-7","-13","-6","828","899","665","723"
"26.100","187","44","26","70","0","1677","-1.5010","2","-1.7860","183","-25","-0","6264","4","26","5","37","6","5","12","4","-33","-2","9","9","0","-0","-1","-1","-1","-3","-3","21","594","204","405","178","184","175","182","178","6","0","-1","-1","-24","-7","-13","-5","827","895","663","725"
"26.150","186","39","23","62","0","1680","-1.4240","2","-1.9150","180","-29","-1","6195","4","26","5","37","6","5","11","2","-33","-2","10","9","0","-0","-1","-1","-1","-3","-3","21","614","193","393","169","182","170","179","175","3","0","-1","-1","-25","-7","-12","-5","820","895","664","723"
"26.200","185","37","21","58","0","1683","-1.3160","2","-2.0490","178","-29","-0","6132","4","26","5","38","6","4","11","2","-33","-2","12","9","0","-0","-2","-1","-1","-3","-3","21","625","165","414","166","179","166","177","172","1","0","-1","-1","-25","-6","-13","-5","817","894","665","721"
"26.250","182","31","18","49","0","1685","-1.1800","2","-2.1330","175","-27","-0","6320","4","26","6","38","6","4","12","3","-33","-2","11","9","0","-0","-2","-1","-1","-4","-3","21","623","132","434","172","177","159","176","171","3","0","-1","-1","-25","-4","-14","-5","810","876","662","719"
"26.300","181","28","16","44","0","1687","-0.7850","2","-2.1610","173","-24","-0","5850","4","26","6","38","5","4","13","3","-33","-2","10","9","0","-0","-1","-0","-0","-4","-4","21","602","106","456","180","175","155","176","174","6","0","-0","-0","-24","-3","-15","-5","804","872","659","714"
"26.350","180","25","14","40","0","1690","-0.8800","2","-2.1310","172","-21","-0","6177","4","26","6","36","5","4","13","3","-38","-2","7","9","0","-0","-1","-0","-0","-4","-4","21","574","102","473","172","173","150","172","170","11","1","-0","-0","-23","-3","-15","-5","790","862","659","713"
"26.400","180","27","15","42","0","1692","-0.9060","2","-2.2350","170","-23","-0","5915","4","26","6","35","5","4","12","2","-43","-2","7","9","0","-0","-1","-0","-0","-4","-4","21","628","138","471","154","171","146","169","168","13","1","-0","-0","-25","-5","-15","-4","791","854","651","709"
"26.450","178","25","15","40","0","1695","-0.9270","3","-2.3730","168","-28","-0","5815","4","26","6","34","6","5","14","3","-46","-3","0","9","0","-0","-1","-0","-0","-4","-4","21","655","158","516","170","170","158","169","166","12","1","-0","-0","-26","-6","-17","-5","785","849","649","705"
"26.500","180","24","14","39","0","1697","-0.9490","3","-2.4260","167","-29","-0","5788","4","27","6","34","5","4","16","4","-48","-3","2","9","0","-0","-1","-0","-0","-4","-4","21","645","146","539","196","168","157","168","164","12","1","-0","-0","-26","-5","-18","-6","783","844","647","703"
"26.550","181","23","13","36","0","1699","-0.8850","3","-2.4620","165","-30","-0","5726","4","27","5","34","6","5","16","4","-50","-3","0","9","0","-0","-1","-0","-0","-4","-4","21","658","146","519","196","166","156","166","162","12","1","-0","-0","-27","-5","-17","-6","771","843","643","702"
"26.600","181","24","15","39","0","1702","-0.9280","3","-2.4640","163","-32","-0","5621","4","27","5","33","5","4","16","4","-51","-3","0","9","0","-0","-1","-0","-0","-4","-4","21","641","138","522","198","165","154","164","160","12","1","-0","-0","-26","-5","-17","-6","773","833","643","700"
"26.650","178","23","12","36","0","1704","-0.9010","3","-2.4520","161","-32","-0","5357","4","27","5","33","5","4","15","4","-54","-3","0","9","0","-0","-1","-0","-0","-4","-4","21","641","132","516","185","163","151","162","158","12","1","-0","-0","-26","-5","-17","-5","771","837","643","696"
"26.700","176","23","14","37","0","1706","-1.0750","3","-2.5400","160","-34","-0","5744","4","27","5","33","6","4","15","3","-54","-3","0","9","0","-0","-1","-0","-0","-4","-4","21","658","145","510","175","161","150","159","155","11","1","-0","-0","-27","-5","-17","-5","762","826","641","694"
"26.750","171","20","10","30","0","1708","-0.8090","3","-2.5340","158","-35","-0","5321","4","27","6","34","6","4","15","3","-54","-3","1","9","0","-0","-1","-0","-0","-4","-4","21","646","131","523","179","160","150","159","154","10","1","-0","-0","-26","-5","-17","-5","762","827","637","692"
"26.800","166","17","10","27","0","1711","-0.8910","3","-2.4740","156","-34","-0","5554","4","27","6","34","5","4","15","3","-55","-3","2","9","0","-0","-1","-0","-0","-5","-4","21","620","102","516","173","158","146","156","153","10","1","-0","-0","-25","-3","-17","-5","751","816","637","691"
"26.850","161","13","7","20","0","1713","-0.6420","3","-2.4720","154","-32","-0","5120","4","27","6","34","5","4","15","3","-55","-3","4","9","0","-0","-1","-0","-0","-5","-4","21","606","91","510","176","156","144","155","152","11","1","-0","-0","-25","-3","-17","-5","744","809","634","687"
"26.900","160","12","8","20","0","1715","-0.6890","3","-2.4480","153","-32","-0","6524","3","27","7","34","5","4","15","3","-55","-3","5","9","0","-0","-1","-0","-0","-5","-4","21","587","88","504","172","155","144","155","150","12","1","-0","-0","-23","-3","-16","-5","734","800","633","683"
"26.950","159","12","6","18","0","1717","-0.5410","2","-2.4420","152","-32","-0","6453","3","27","7","35","5","4","14","2","-55","-3","8","9","0","-0","-1","-0","-0","-5","-4","21","585","92","501","167","153","144","153","150","11","1","-0","-0","-23","-3","-16","-5","727","797","625","680"
"27.000","159","12","8","19","0","1719","-0.6440","2","-2.4180","151","-33","-0","6014","3","27","7","35","5","4","14","2","-56","-3","3","9","0","-0","-1","-0","-0","-5","-4","21","586","99","494","160","152","143","149","146","11","1","-0","-0","-23","-3","-16","-5","723","787","622","673"
"27.050","158","13","8","21","0","1721","-0.8020","3","-2.4980","149","-36","-0","6542","3","27","7","36","5","4","13","1","-58","-3","3","9","0","-0","-1","-0","-0","-5","-4","21","603","100","475","154","151","141","150","146","9","1","-0","-0","-24","-3","-15","-5","725","784","619","673"
"27.100","155","13","8","21","0","1723","-0.6340","3","-2.5150","148","-38","-0","6105","3","27","7","36","5","4","14","1","-59","-3","4","9","0","-0","-1","-0","-0","-5","-4","21","618","88","478","144","150","140","147","143","9","1","-0","-0","-24","-3","-15","-4","718","776","612","670"
"27.150","150","12","8","19","0","1725","-0.7600","3","-2.4870","146","-37","-0","6340","3","27","7","37","5","4","14","1","-64","-4","8","9","0","-0","-1","-0","-0","-5","-4","21","597","83","498","140","148","136","147","143","10","1","-0","-0","-24","-3","-16","-4","713","771","615","670"
"27.200","149","12","7","19","0","1727","-0.6550","3","-2.5140","144","-37","0","6117","3","27","8","37","5","4","14","1","-66","-4","10","9","0","-0","-1","-0","-0","-5","-4","21","579","86","498","142","146","134","144","140","12","1","-0","-0","-23","-3","-16","-4","712","770","611","667"
"27.250","147","8","3","11","0","1729","-0.6060","3","-2.5320","143","-39","-0","6172","3","27","8","37","5","4","13","1","-67","-4","14","9","0","-0","-1","-0","-0","-5","-4","21","570","85","481","147","145","133","144","140","11","1","-0","-0","-23","-3","-16","-4","706","762","609","663"
"27.300","145","6","4","10","0","1731","-0.4910","3","-2.5230","142","-40","-0","6123","3","27","9","37","5","4","13","0","-67","-4","17","9","0","-0","-1","-0","-0","-5","-4","21","558","70","476","144","144","134","143","139","10","1","-0","-0","-22","-2","-15","-4","701","751","607","664"
"27.350","140","4","2","6","0","1733","-0.4500","3","-2.5330","141","-40","-0","6286","3","27","10","37","5","4","13","0","-67","-4","20","9","0","0","0","-0","-0","-5","-4","21","555","56","488","149","143","133","141","138","9","1","0","-0","-22","-2","-16","-4","692","747","604","659"
"27.400","137","3","1","4","0","1735","-0.1990","2","-2.4950","140","-40","-0","6547","3","27","11","37","5","4","13","1","-68","-4","20","9","0","0","0","-0","-0","-5","-4","21","551","46","508","156","142","133","145","141","11","1","0","-0","-22","-1","-17","-5","687","746","602","655"
"27.450","135","1","0","1","0","1737","-0.0260","2","-2.4000","139","-35","-0","6206","3","27","11","36","5","3","14","1","-77","-4","20","9","0","0","0","0","0","-6","-4","21","520","32","536","170","141","133","142","142","18","1","0","0","-21","-1","-17","-5","681","739","594","651"
"27.500","136","0","0","1","0","1739","0.0120","2","-2.4330","138","-32","-0","6057","3","28","12","36","4","3","14","1","-87","-5","22","9","0","0","0","0","0","-7","-4","21","510","39","528","168","140","131","142","142","27","2","0","0","-20","-1","-17","-5","676","740","595","647"
"27.550","137","3","1","4","0","1741","0.0000","2","-2.4610","138","-32","-0","6119","3","28","12","36","5","3","14","1","-95","-6","14","9","0","0","0","0","0","-7","-5","21","512","45","507","169","139","132","141","141","33","3","0","0","-20","-1","-17","-5","672","738","590","643"
"27.600","138","4","1","5","0","1743","-0.0760","2","-2.4380","137","-32","-0","6080","3","28","12","37","5","3","14","1","-94","-6","7","9","0","0","0","0","0","-8","-5","21","506","46","495","174","139","131","140","140","35","3","0","0","-20","-1","-16","-5","668","729","586","640"
"27.650","136","5","3","8","0","1745","-0.1970","2","-2.4310","137","-32","-0","5873","3","28","11","38","5","3","13","1","-92","-5","0","9","0","0","0","-0","-0","-7","-5","21","508","52","483","162","138","130","138","138","34","3","0","-0","-20","-2","-16","-5","665","727","584","636"
"27.700","134","5","3","7","0","1747","-0.3650","2","-2.4320","136","-33","-1","5773","3","28","11","38","5","3","13","1","-91","-5","0","9","0","-0","-0","-0","-0","-7","-5","21","521","58","484","150","138","128","138","135","32","3","-0","-0","-21","-2","-16","-5","669","724","581","636"
"27.750","131","3","1","4","0","1749","-0.3880","2","-2.4010","136","-34","-0","5595","3","28","11","39","5","3","13","0","-91","-5","0","9","0","0","0","-0","-0","-7","-4","21","528","59","494","142","137","128","137","133","30","2","0","-0","-21","-2","-16","-4","661","722","580","635"
"27.800","130","3","1","4","0","1751","-0.4610","2","-2.3910","135","-36","-0","5943","3","28","11","39","5","3","12","0","-91","-5","1","9","0","0","0","-0","-0","-7","-4","21","526","53","474","134","136","128","136","133","28","2","0","-0","-21","-2","-15","-4","657","721","581","633"
"27.850","130","2","0","2","0","1753","-0.3520","2","-2.3920","134","-38","-0","5672","3","28","11","40","5","3","12","-1","-91","-5","13","9","0","0","0","-0","-0","-7","-4","21","520","48","461","130","136","129","134","131","26","2","0","-0","-21","-1","-15","-4","655","725","577","631"
"27.900","130","1","0","2","0","1755","-0.3860","2","-2.3930","133","-39","-0","5908","3","28","11","40","5","3","12","-1","-91","-5","16","9","0","0","0","-0","-0","-7","-4","21","509","50","463","134","135","129","134","132","24","2","0","-0","-20","-2","-15","-4","658","718","575","629"
"27.950","134","1","0","1","0","1756","-0.2540","2","-2.3900","132","-40","-0","5631","3","28","12","40","5","3","12","-1","-91","-5","16","9","0","0","0","-0","-0","-6","-4","21","507","47","471","142","134","128","134","131","23","2","0","-0","-20","-1","-15","-4","654","716","573","625"
"28.000","136","1","0","1","0","1758","-0.2550","2","-2.3640","131","-40","-0","6166","3","28","12","40","5","3","12","-1","-91","-5","20","9","0","0","0","-0","-0","-6","-4","21","504","43","481","139","133","127","133","130","22","2","0","-0","-20","-1","-16","-4","654","712","571","625"
"28.050","140","0","-0","-0","0","1760","0.0440","2","-2.3410","131","-39","-0","5644","3","28","12","39","4","3","12","-0","-91","-5","37","9","0","0","0","0","0","-6","-4","21","497","40","489","143","133","126","136","134","22","2","0","0","-20","-1","-16","-4","648","709","570","621"
"28.100","141","1","0","1","0","1762","0.0870","2","-2.3710","130","-39","-0","5838","3","28","12","38","4","3","12","0","-90","-5","54","9","0","0","0","0","0","-6","-4","21","507","37","501","152","132","126","134","134","22","2","0","0","-20","-1","-16","-5","648","714","569","621"
"28.150","142","1","0","1","0","1764","0.1780","2","-2.4000","130","-38","-0","5994","3","28","12","37","4","3","13","0","-89","-5","64","9","0","0","0","0","0","-6","-4","21","520","29","521","154","132","126","135","135","22","2","0","0","-21","-1","-17","-5","640","705","566","620"
"28.200","141","0","-0","-0","0","1766","0.2360","2","-2.3790","130","-36","0","5893","3","28","12","37","4","3","14","1","-89","-5","62","9","0","0","0","0","0","-6","-4","22","506","19","531","167","132","126","135","135","24","2","0","0","-20","-0","-17","-5","641","708","566","617"
"28.250","142","-0","0","-0","0","1767","0.2040","2","-2.3810","130","-33","-0","5817","3","28","13","36","4","3","14","2","-88","-5","73","9","0","0","0","0","0","-7","-4","22","489","26","509","168","132","126","134","134","24","2","0","0","-19","-1","-17","-5","638","706","561","617"
"28.300","144","-0","0","-0","0","1769","0.2930","2","-2.3960","130","-35","-0","5940","3","28","13","36","4","3","14","1","-82","-5","77","9","0","0","0","1","1","-6","-5","23","493","42","490","160","132","126","136","136","21","2","0","1","-19","-1","-16","-5","633","702","559","614"
"28.350","147","0","0","0","0","1771","0.3440","2","-2.3280","131","-35","-0","5871","3","28","14","36","4","3","14","1","-71","-4","76","9","0","0","0","1","1","-6","-4","25","484","40","505","173","132","127","136","136","15","1","0","1","-19","-1","-16","-5","632","700","560","615"
"28.400","147","1","0","1","0","1773","0.3410","2","-2.2870","131","-33","-0","5891","3","28","14","36","4","3","14","2","-63","-4","81","9","0","0","0","1","1","-5","-4","25","474","43","523","192","133","127","136","136","11","1","0","1","-19","-1","-17","-6","634","704","559","613"
"28.450","143","-0","0","-0","0","1775","0.4080","2","-2.2900","132","-31","-0","5955","3","28","15","35","4","3","14","2","-57","-3","84","9","0","0","0","1","1","-5","-4","25","467","55","526","202","133","128","136","136","9","1","0","1","-18","-2","-17","-6","636","694","554","614"
"28.500","142","0","0","0","0","1777","0.4900","2","-2.2010","132","-31","-0","6059","3","29","15","35","4","3","14","2","-57","-3","88","9","0","0","0","1","1","-5","-4","26","451","52","519","208","134","129","138","138","9","1","0","1","-18","-2","-17","-7","632","701","553","611"
"28.550","141","-0","0","-0","0","1778","0.5450","2","-2.1430","133","-30","-0","6021","3","29","15","35","4","3","14","2","-58","-3","90","9","0","0","0","1","1","-5","-4","28","435","49","514","213","134","129","138","138","9","1","0","1","-17","-1","-17","-7","631","700","552","609"
"28.600","143","0","0","0","0","1780","0.5540","2","-2.1520","134","-31","-0","6050","3","29","16","34","4","3","14","2","-59","-3","91","9","0","0","0","1","1","-5","-4","28","442","50","519","216","135","130","139","139","11","1","0","1","-17","-1","-17","-7","624","692","553","608"
"28.650","144","-0","0","-0","0","1782","0.6210","2","-2.1900","134","-32","-0","6096","3","29","16","34","4","3","14","3","-67","-4","93","9","0","0","0","1","1","-5","-4","30","461","48","534","220","136","131","140","140","14","1","0","1","-18","-1","-17","-7","623","691","551","608"
"28.700","143","0","0","0","0","1784","0.6450","2","-2.1960","135","-33","-0","6117","3","29","15","34","4","3","15","3","-74","-4","93","9","0","0","0","1","1","-5","-4","32","460","40","538","221","137","132","141","141","17","1","0","1","-18","-1","-17","-7","628","683","552","608"
"28.750","143","0","0","0","0","1786","0.6680","2","-2.1790","136","-34","0","6179","3","29","15","33","4","3","15","4","-75","-4","94","9","0","0","0","1","1","-5","-4","34","460","34","529","217","138","132","142","142","18","1","0","1","-18","-1","-17","-7","626","682","549","605"
"28.800","146","0","0","0","0","1788","0.7210","2","-2.1450","137","-35","-0","6258","3","29","15","33","4","3","15","4","-68","-4","97","9","0","0","0","1","1","-5","-4","36","449","32","533","214","139","132","144","144","14","1","0","1","-18","-1","-17","-7","620","691","549","604"
"28.850","151","0","0","0","0","1790","0.7480","2","-2.1100","138","-35","-0","6312","3","29","15","32","4","3","15","4","-59","-3","96","9","0","0","0","1","1","-5","-4","38","430","27","541","217","140","133","145","145","9","1","0","1","-17","-0","-18","-7","623","687","547","603"
"28.900","152","0","0","0","0","1792","0.7800","2","-2.1790","139","-37","-0","6430","3","29","15","32","4","3","15","4","-57","-3","92","9","0","0","0","1","1","-4","-4","40","442","32","546","225","141","134","147","147","4","0","0","1","-17","-1","-18","-7","617","686","546","604"
"28.950","151","0","0","0","0","1794","0.8260","2","-2.2280","141","-38","-0","6498","3","29","15","32","4","3","15","4","-50","-3","89","9","0","0","0","1","1","-4","-4","42","458","27","564","231","142","135","148","148","-1","-0","0","1","-18","-0","-18","-7","615","687","544","603"
"29.000","152","-0","0","0","0","1796","0.7890","2","-2.1930","142","-36","-0","6501","3","29","15","32","4","3","16","5","-39","-2","84","9","0","0","0","1","1","-4","-4","44","452","18","577","246","144","136","149","149","-6","-0","0","1","-18","-0","-19","-8","620","681","547","601"
"29.050","160","0","0","0","0","1798","0.7180","2","-2.1480","143","-30","0","6520","3","29","15","31","4","3","16","5","-23","-1","82","9","0","0","0","1","1","-4","-4","46","463","34","556","244","144","136","149","149","-10","-1","0","1","-18","-1","-18","-8","617","680","545","601"
"29.100","162","0","0","1","0","1800","0.7930","2","-2.0930","144","-27","-0","6597","3","29","14","30","4","3","15","5","-18","-1","79","9","0","0","0","1","1","-4","-4","48","471","52","541","244","145","139","151","151","-10","-1","0","1","-18","-1","-17","-8","616","676","542","600"
"29.150","162","0","0","0","0","1802","0.7760","2","-2.0380","145","-21","0","6585","3","29","14","30","4","3","16","5","-28","-2","83","9","0","0","0","1","1","-4","-4","50","458","48","558","253","146","142","151","151","-2","-0","0","1","-18","-1","-18","-8","615","678","543","600"
"29.200","160","0","0","0","0","1804","0.7760","2","-2.1040","146","-19","-0","6639","3","29","14","30","4","3","16","5","-43","-3","87","9","0","0","0","1","1","-5","-4","50","458","43","567","250","147","143","152","152","9","1","0","1","-18","-1","-18","-8","614","672","542","599"
"29.250","159","0","0","0","0","1806","0.8010","2","-2.1800","147","-24","0","6718","3","29","14","29","4","3","16","6","-51","-3","100","9","0","0","0","1","1","-5","-4","50","466","46","570","262","148","144","153","153","13","1","0","1","-18","-1","-18","-8","614","674","540","599"
"29.300","159","0","0","0","0","1808","0.8470","2","-2.0830","149","-26","-0","6687","3","29","14","29","4","3","17","6","-46","-3","100","9","0","0","0","1","1","-4","-4","50","448","50","569","279","150","145","154","154","11","1","0","1","-18","-1","-18","-9","608","669","539","598"
"29.350","161","0","0","0","0","1810","0.7780","2","-1.9850","150","-25","-0","6754","3","29","15","28","4","3","16","7","-45","-3","100","9","0","0","0","1","1","-4","-3","50","444","62","556","271","151","147","155","155","10","1","0","1","-17","-2","-18","-9","609","669","537","598"
"29.400","163","0","0","0","0","1812","0.8130","2","-2.0090","151","-26","-0","6826","3","29","14","28","4","3","16","6","-48","-3","100","9","0","0","0","1","1","-4","-3","50","461","66","558","262","152","148","156","156","11","1","0","1","-18","-2","-18","-8","612","678","541","597"
"29.450","165","1","0","1","0","1814","0.7430","2","-2.0430","152","-28","-0","6870","3","29","14","29","4","3","17","6","-52","-3","100","9","0","0","0","1","1","-4","-3","50","450","52","565","262","154","150","157","157","12","1","0","1","-18","-1","-18","-8","606","666","537","596"
"29.500","166","-0","0","0","0","1816","0.7600","2","-2.0900","154","-29","-0","6935","3","30","14","29","4","3","16","6","-52","-3","100","9","0","0","0","1","1","-4","-3","50","453","50","562","258","155","150","159","159","12","1","0","1","-18","-1","-18","-8","607","670","539","598"
"29.550","167","0","0","0","0","1818","0.7500","2","-2.1530","155","-30","-0","6974","3","30","15","29","4","3","16","6","-51","-3","100","9","0","0","0","1","1","-4","-3","50","472","58","570","251","156","152","160","160","11","1","0","1","-18","-2","-18","-8","604","663","539","595"
"29.600","167","0","0","0","0","1821","0.7590","2","-2.1620","156","-31","-0","7034","3","30","15","29","4","3","17","6","-49","-3","100","9","0","0","0","1","1","-4","-3","50","476","54","584","255","158","153","161","161","9","1","0","1","-19","-1","-19","-8","608","668","537","593"
"29.650","168","0","0","0","0","1823","0.7280","2","-2.1610","157","-29","0","7077","3","30","14","29","4","3","17","6","-46","-3","100","9","0","0","0","1","1","-4","-3","50","474","43","578","267","159","154","162","162","9","1","0","1","-18","-1","-19","-8","604","661","534","594"
"29.700","168","-0","0","0","0","1825","0.7450","2","-2.1740","158","-28","0","7124","3","30","14","29","4","3","17","6","-45","-3","100","9","0","0","0","1","1","-4","-3","50","482","49","570","257","160","154","163","163","9","1","0","1","-19","-1","-18","-8","606","670","536","592"
"29.750","170","0","0","0","0","1827","0.7660","2","-2.1810","160","-28","-0","7172","3","30","14","29","4","3","17","6","-44","-3","100","9","0","0","0","1","1","-4","-3","50","491","58","580","254","161","156","165","165","9","1","0","1","-19","-2","-19","-8","603","660","533","593"
"29.800","170","0","0","0","0","1829","0.7270","2","-2.1750","161","-27","0","7202","3","30","14","29","4","3","17","7","-44","-3","100","9","0","0","0","1","1","-4","-3","50","481","55","600","264","162","157","165","165","10","1","0","1","-19","-1","-19","-8","605","664","536","594"
"29.850","171","1","0","1","0","1832","0.7200","2","-2.2000","162","-26","-0","7255","3","30","14","29","4","3","18","7","-45","-3","100","9","0","0","0","1","1","-4","-3","50","477","61","599","267","163","158","167","167","11","1","0","1","-19","-2","-19","-8","601","659","535","592"
"29.900","171","0","0","0","0","1834","0.7400","2","-2.1790","163","-27","-0","7294","3","30","14","28","4","3","18","7","-44","-3","100","9","0","0","0","1","1","-4","-3","50","482","62","591","266","164","160","168","168","10","1","0","1","-19","-2","-19","-8","602","667","532","593"
"29.950","170","-0","0","-0","0","1836","0.7370","2","-2.1320","164","-27","0","7353","3","30","14","28","4","3","17","7","-44","-3","100","9","0","0","0","1","1","-4","-3","50","468","54","586","262","165","161","169","169","10","1","0","1","-18","-1","-19","-8","600","659","534","591"
"30.000","170","0","0","0","0","1839","0.7250","2","-2.1290","165","-27","0","7406","3","30","14","28","4","3","17","6","-43","-3","100","9","0","0","0","1","1","-4","-3","50","459","57","580","260","166","162","170","170","10","1","0","1","-18","-1","-19","-8","603","656","534","591"
"30.050","170","0","0","0","0","1841","0.7400","2","-2.1440","166","-27","0","7449","3","30","14","28","4","3","17","6","-42","-2","100","9","0","0","0","1","1","-4","-3","50","459","60","592","263","168","163","172","172","10","1","0","1","-18","-2","-19","-8","598","659","533","591"
"30.100","172","-0","0","-0","0","1843","0.7380","2","-2.1440","167","-26","-0","7492","3","30","14","28","4","3","18","6","-41","-2","100","9","0","0","0","1","1","-4","-3","50","460","63","597","262","169","164","173","173","9","1","0","1","-18","-2","-19","-8","600","656","532","592"
"30.150","173","1","0","1","0","1846","0.7400","2","-2.1220","168","-26","0","7575","3","30","14","28","4","3","17","6","-37","-2","100","9","0","0","0","1","1","-4","-3","50","460","70","581","252","170","166","174","174","7","0","0","1","-18","-2","-19","-8","598","657","533","589"
"30.200","173","-0","0","-0","0","1848","0.7570","2","-2.1030","170","-26","-0","7628","3","30","14","28","4","3","17","6","-35","-2","100","9","0","0","0","1","1","-4","-3","50","464","71","578","251","171","167","175","175","6","0","0","1","-18","-2","-19","-8","596","657","532","589"
"30.250","175","1","0","1","0","1850","0.7580","2","-2.0840","171","-24","0","7673","3","30","14","28","4","3","17","6","-34","-2","100","9","0","0","0","1","1","-4","-3","50","466","64","597","260","172","168","176","176","6","0","0","1","-18","-2","-19","-8","592","658","530","589"
"30.300","174","0","0","0","0","1853","0.7370","2","-2.0820","172","-23","-0","7706","3","30","14","28","4","3","18","7","-35","-2","100","9","0","0","0","1","1","-4","-3","50","476","65","594","278","173","169","177","177","8","0","0","1","-19","-2","-19","-9","592","656","531","588"
"30.350","175","0","0","0","0","1855","0.7520","2","-2.0920","173","-22","0","7742","3","30","14","28","4","3","17","7","-35","-2","100","9","0","0","0","1","1","-4","-3","50","487","66","583","282","174","170","178","178","9","1","0","1","-19","-2","-19","-9","594","658","531","588"
"30.400","175","0","0","0","0","1858","0.7620","2","-2.0900","174","-23","0","7793","3","30","14","28","4","3","17","7","-36","-2","100","9","0","0","0","1","1","-4","-3","50","478","59","589","280","176","172","179","179","10","1","0","1","-19","-1","-19","-9","590","658","530","588"
"30.450","176","-0","-0","-0","0","1860","0.7000","2","-2.0600","176","-22","0","7854","3","30","14","27","4","3","18","8","-39","-2","100","9","0","0","0","1","1","-4","-3","50","483","71","589","286","177","173","180","180","12","1","0","1","-19","-2","-19","-9","593","650","528","586"
"30.500","177","-0","0","-0","0","1862","0.7400","2","-2.0920","177","-24","0","7904","3","31","14","27","4","3","17","7","-40","-2","100","9","0","0","0","1","1","-4","-3","50","509","94","581","284","178","174","181","181","12","1","0","1","-20","-3","-19","-9","593","652","529","587"
"30.550","181","0","0","0","0","1865","0.7370","2","-2.0870","178","-25","0","7937","3","31","13","26","4","3","18","7","-39","-2","100","9","0","0","0","1","1","-4","-3","50","497","81","599","301","180","176","183","183","12","1","0","1","-20","-2","-19","-9","592","651","531","587"
"30.600","184","0","0","0","0","1867","0.6520","2","-2.0790","179","-24","0","8006","3","31","13","26","4","3","18","8","-39","-2","100","9","0","0","0","1","1","-4","-3","50","484","66","591","303","180","176","183","183","12","1","0","1","-19","-2","-19","-9","591","649","529","586"
"30.650","187","0","0","0","0","1870","0.7480","2","-2.1570","180","-25","-0","8061","3","31","13","25","5","4","17","7","-38","-2","100","9","0","0","0","1","1","-4","-3","50","515","83","573","298","181","178","185","185","11","1","0","1","-20","-2","-18","-9","588","651","528","586"
"30.700","187","-0","0","-0","0","1872","0.7020","2","-2.1310","182","-25","0","8086","3","31","13","25","5","4","18","8","-36","-2","100","9","0","0","0","1","1","-4","-3","50","518","84","607","316","183","179","186","186","10","1","0","1","-20","-2","-19","-10","590","650","528","585"
"30.750","188","-0","-0","-0","0","1875","0.6500","2","-2.0730","183","-22","-0","8127","3","31","13","25","4","3","19","9","-35","-2","100","9","0","0","0","1","1","-4","-3","50","498","79","608","311","184","180","187","187","11","1","0","1","-20","-2","-19","-10","584","650","529","583"
"30.800","191","0","0","0","0","1877","0.6780","2","-2.0950","183","-22","-0","8199","3","31","12","25","5","3","18","8","-34","-2","100","9","0","0","0","1","1","-4","-3","50","512","103","576","280","184","181","188","188","10","1","0","1","-20","-3","-18","-8","583","651","528","583"
"30.850","192","0","0","0","0","1880","0.7250","2","-2.0740","185","-24","-0","8262","3","31","12","24","5","4","17","7","-32","-2","100","9","0","0","0","1","1","-3","-3","50","520","103","596","288","186","183","190","190","8","0","0","1","-20","-3","-19","-9","586","646","527","583"
"30.900","193","0","0","0","0","1883","0.6390","2","-2.0430","186","-22","0","8239","3","31","11","24","4","3","19","9","-31","-2","100","9","0","0","0","1","1","-3","-3","50","495","82","627","322","187","183","190","190","8","0","0","1","-19","-2","-20","-10","586","644","527","583"
"30.950","195","0","0","0","0","1885","0.6820","2","-2.1050","187","-20","-0","8324","3","31","10","24","5","4","19","9","-31","-2","100","9","0","0","0","1","1","-4","-3","50","509","107","629","323","188","185","191","191","9","1","0","1","-20","-3","-20","-10","587","647","526","582"
"31.000","198","0","0","0","0","1888","0.6580","2","-2.0680","188","-21","0","8304","3","31","11","23","5","4","20","10","-29","-2","100","9","0","0","0","1","1","-3","-3","50","524","122","618","316","189","186","192","192","8","0","0","1","-21","-4","-20","-10","584","646","526","581"
"31.050","196","0","0","0","0","1890","0.6390","2","-1.9500","189","-20","-0","8454","3","31","10","24","5","4","18","9","-29","-2","100","9","0","0","0","1","1","-3","-3","50","499","115","594","316","190","187","193","193","8","0","0","1","-19","-4","-19","-10","582","644","526","581"
"31.100","194","-0","0","-0","0","1893","0.6090","2","-1.9340","190","-20","0","8175","3","31","10","24","5","4","18","9","-30","-2","100","9","0","0","0","1","1","-3","-3","50","507","111","575","300","191","188","193","193","9","1","0","1","-20","-3","-18","-9","581","648","525","581"
"31.150","195","-0","0","-0","0","1896","-0.2550","2","-1.9580","191","-20","0","7247","4","31","11","25","5","4","18","8","-29","-2","100","9","0","0","0","0","0","-3","-3","50","548","119","567","287","192","189","188","188","9","1","0","0","-21","-4","-18","-9","582","641","527","581"
"31.200","197","0","0","0","0","1898","0.4640","2","-1.9360","191","-20","-0","6807","4","31","11","25","5","4","17","8","-28","-2","100","9","0","0","0","1","1","-3","-3","50","544","133","566","296","192","189","195","195","8","0","0","1","-21","-4","-18","-9","582","644","526","582"
"31.250","201","0","0","0","0","1901","0.5140","2","-1.8280","191","-19","-0","6795","4","31","10","24","5","4","17","8","-29","-2","100","9","0","0","0","1","1","-3","-3","50","487","114","566","308","192","190","195","195","8","0","0","1","-19","-4","-18","-9","578","646","525","579"
"31.300","202","0","-0","0","0","1904","0.5410","2","-1.8590","192","-19","0","6880","4","31","10","24","5","4","17","8","-29","-2","100","9","0","0","0","1","1","-3","-3","50","509","134","572","312","193","190","196","196","8","0","0","1","-20","-4","-18","-9","578","646","525","577"
"31.350","202","0","0","0","0","1906","0.6080","2","-1.9420","193","-21","-0","6933","4","31","10","24","5","4","18","9","-27","-2","100","9","0","0","0","1","1","-3","-3","50","548","156","623","352","194","192","197","197","7","0","0","1","-21","-5","-20","-11","580","640","525","580"
"31.400","199","0","0","0","0","1909","0.4410","2","-1.8640","194","-19","0","6928","4","31","10","24","5","4","20","12","-28","-2","100","9","0","0","0","1","1","-3","-2","50","515","130","632","362","195","192","197","197","9","1","0","1","-20","-4","-20","-11","576","639","522","577"
"31.450","197","0","0","0","0","1912","0.5260","2","-1.8340","194","-18","0","6968","4","31","10","24","5","4","18","10","-28","-2","100","9","0","0","0","1","1","-3","-3","50","494","133","563","310","195","193","198","198","10","1","0","1","-19","-4","-18","-9","578","644","523","577"
"31.500","195","0","0","0","0","1915","0.5660","2","-1.8110","195","-20","-0","7003","4","32","10","24","5","4","17","8","-28","-2","100","9","0","0","0","1","1","-3","-3","50","487","139","558","302","196","194","199","199","8","0","0","1","-19","-5","-18","-9","577","643","523","577"
"31.550","197","0","0","0","0","1917","0.4690","2","-1.7920","196","-20","-0","7019","4","32","11","25","5","4","18","10","-27","-2","100","9","0","0","0","1","1","-3","-3","50","496","121","592","322","197","195","200","200","7","0","0","1","-19","-4","-19","-10","578","638","521","575"
"31.600","196","0","0","0","0","1920","0.4800","2","-1.8250","197","-18","-0","7041","4","32","11","25","5","4","18","10","-26","-1","100","9","0","0","0","1","1","-3","-3","50","519","127","582","315","198","195","200","200","8","0","0","1","-20","-4","-18","-9","577","637","521","575"
"31.650","197","0","0","0","0","1923","0.5010","2","-1.8030","198","-18","-0","7097","4","32","11","25","5","4","17","9","-24","-1","100","9","0","0","0","1","1","-3","-3","50","512","139","560","308","199","196","201","201","7","0","0","1","-20","-4","-18","-9","576","638","522","575"
"31.700","198","0","0","0","0","1925","0.4780","2","-1.7240","199","-18","-0","7110","4","32","10","25","5","4","17","9","-24","-1","100","9","0","0","0","1","1","-3","-3","50","481","131","570","322","200","197","202","202","7","0","0","1","-19","-4","-18","-10","576","641","520","573"
"31.750","200","0","0","0","0","1928","0.4480","2","-1.7520","199","-17","0","7121","4","32","11","24","5","4","18","10","-25","-1","100","9","0","0","0","1","1","-3","-2","50","497","135","578","329","200","198","202","202","8","0","0","1","-19","-4","-18","-10","574","636","520","574"
"31.800","202","0","0","0","0","1931","0.5000","2","-1.8140","200","-18","-0","7157","4","32","11","25","5","4","18","9","-25","-1","100","9","0","0","0","1","1","-3","-2","50","529","147","584","334","201","199","203","203","8","0","0","1","-21","-5","-18","-10","573","636","521","573"
"31.850","202","0","0","0","0","1934","0.4190","2","-1.7450","201","-17","-0","7177","4","32","10","25","5","4","18","10","-26","-2","100","9","0","0","0","1","1","-3","-2","50","486","136","599","337","202","200","204","204","9","1","0","1","-19","-4","-19","-10","574","637","521","575"
"31.900","203","0","-0","0","0","1937","0.4030","2","-1.7120","202","-17","-0","7216","4","32","10","24","5","4","18","9","-27","-2","100","9","0","0","0","1","1","-3","-3","50","463","133","554","296","202","200","205","205","10","1","0","1","-18","-4","-17","-9","573","636","520","574"
"31.950","203","0","0","0","0","1939","0.5110","2","-1.8030","202","-22","-0","7268","4","32","11","23","5","4","16","7","-27","-2","100","9","0","0","0","1","1","-3","-3","50","501","140","542","271","203","201","207","207","8","0","0","1","-20","-5","-17","-8","572","636","520","573"
"32.000","204","-0","0","-0","0","1942","0.4730","2","-1.8630","204","-23","0","7294","4","32","10","24","5","4","18","8","-25","-1","100","9","0","0","0","1","1","-3","-3","50","547","115","621","330","205","202","207","207","5","0","0","1","-21","-3","-20","-10","568","632","520","572"
"32.050","206","-0","0","0","0","1945","0.3780","2","-1.8970","204","-17","0","7291","4","32","10","25","5","4","21","12","-24","-1","100","9","0","0","0","1","1","-3","-3","50","526","106","640","366","205","202","207","207","7","0","0","1","-21","-3","-20","-11","570","632","521","572"
"32.100","207","0","0","0","0","1948","0.4040","2","-1.8890","204","-16","0","7353","4","32","10","23","5","4","18","10","-24","-1","100","9","0","0","0","1","1","-3","-3","50","501","145","543","301","205","203","208","208","7","0","0","1","-20","-5","-17","-9","570","631","519","571"
"32.150","206","0","0","0","0","1951","0.5950","2","-1.7830","206","-23","-0","7479","4","32","10","22","5","4","15","7","-19","-1","100","9","0","0","0","1","1","-3","-3","50","537","151","523","293","207","204","212","212","1","0","0","1","-21","-5","-16","-9","570","634","517","570"
"32.200","206","-0","0","-0","0","1954","0.4550","2","-1.7560","206","-21","-0","7393","4","32","10","23","5","4","19","10","-16","-1","100","9","0","0","0","1","1","-2","-2","50","518","114","640","366","208","204","210","210","-1","-0","0","1","-20","-3","-20","-11","570","634","517","569"
"32.250","207","0","-0","0","0","1957","0.4230","2","-1.8290","207","-10","-0","7392","4","32","10","24","5","4","21","12","-14","-1","100","9","0","0","0","1","1","-3","-3","50","515","140","646","366","207","205","210","210","3","0","0","1","-20","-4","-20","-11","570","630","518","569"
"32.300","209","0","0","0","0","1959","0.5910","2","-1.7000","208","-10","0","7469","4","32","10","23","5","4","18","11","-13","-1","100","9","0","0","0","1","1","-3","-2","50","523","194","567","346","208","207","212","211","4","0","0","1","-20","-7","-18","-10","565","630","517","569"
"32.350","210","0","0","0","0","1962","0.5030","2","-1.4180","209","-11","-0","7474","4","32","10","22","5","4","18","11","-12","-1","100","9","0","0","0","1","1","-2","-2","50","465","188","556","366","209","208","212","212","3","0","0","1","-18","-6","-17","-11","568","632","517","570"
"32.400","209","0","0","0","0","1965","0.4840","1","-1.2690","210","-10","-0","7488","4","32","10","23","5","4","18","11","-12","-1","100","9","0","0","0","1","1","-2","-2","50","438","184","564","381","210","209","212","212","3","0","0","1","-17","-6","-18","-12","569","630","519","569"
"32.450","210","0","0","0","0","1968","0.5200","1","-1.1930","210","-9","0","7521","4","32","10","22","5","4","18","12","-12","-1","100","9","0","0","0","1","1","-2","-2","50","457","208","557","389","211","210","213","213","3","0","0","1","-18","-7","-17","-12","565","630","519","567"
"32.500","210","0","0","0","0","1971","0.5330","1","-1.1300","211","-10","-0","7536","4","33","10","22","5","4","18","12","-11","-1","100","9","0","0","0","1","1","-2","-2","50","456","220","561","393","212","211","214","214","2","0","0","1","-18","-8","-17","-12","566","630","517","567"
"32.550","211","0","0","0","0","1974","0.5180","1","-1.0890","212","-9","-0","7554","4","33","9","21","5","4","18","12","-10","-1","100","9","0","0","0","1","1","-2","-1","50","450","233","576","404","213","212","215","215","2","0","0","1","-17","-8","-18","-12","564","627","515","566"
"32.600","210","0","0","0","0","1977","0.4900","1","-1.0160","213","-9","-0","7607","4","33","9","21","5","4","19","13","-9","-1","100","9","0","0","0","1","1","-1","-1","50","450","236","577","418","214","213","216","216","1","0","0","1","-17","-8","-18","-13","562","627","515","567"
"32.650","211","0","0","0","0","1980","0.5220","1","-0.9040","214","-7","0","7635","4","33","9","21","5","4","18","13","-6","-0","100","9","0","0","0","1","1","-1","-1","50","441","249","560","418","215","214","217","217","0","0","0","1","-17","-9","-17","-13","565","628","516","566"
"32.700","210","0","0","0","0","1983","0.5070","1","-0.7590","215","-6","-0","7679","4","33","9","20","5","4","18","13","-4","-0","100","9","0","0","0","1","1","-1","-1","50","417","266","544","436","215","215","217","217","-0","-0","0","1","-16","-10","-17","-13","565","626","515","565"
"32.750","209","-0","0","-0","0","1986","0.4930","1","-0.6060","216","-4","-0","7688","4","33","9","20","5","4","18","14","-2","-0","100","9","0","0","0","1","1","-1","-1","50","401","285","542","460","216","216","218","218","-1","-0","0","1","-15","-10","-17","-14","564","628","513","564"
"32.800","212","0","0","0","0","1989","0.5050","1","-0.4730","217","-2","-0","7689","4","33","9","20","5","5","18","15","-0","-0","100","9","0","0","0","1","1","-1","-1","50","400","319","546","464","217","217","219","219","-2","-0","0","1","-15","-12","-17","-14","563","629","513","564"
"32.850","216","-0","0","0","0","1992","0.4470","1","-0.2650","218","0","0","7738","4","33","8","19","5","5","18","15","3","0","100","9","0","0","0","1","1","-0","-1","50","380","342","524","458","218","218","220","220","-2","-0","0","1","-14","-13","-16","-14","559","626","512","565"
"32.900","219","0","0","0","0","1995","0.4940","0","-0.0210","219","2","-0","7773","4","33","8","19","5","5","17","14","4","0","100","9","0","0","0","1","1","-0","-0","50","350","372","502","474","219","219","221","221","-1","-0","0","1","-13","-14","-16","-15","559","625","513","564"
"32.950","222","-0","0","-0","-0","1998","0.4550","0","0.1840","219","5","0","7789","4","33","7","18","5","5","17","16","6","0","100","9","0","0","0","1","1","0","0","50","350","413","514","522","219","220","221","221","1","0","0","1","-13","-16","-16","-16","561","622","513","564"
"33.000","226","0","0","0","-0","2001","0.4430","1","0.3920","220","6","-0","7819","4","33","7","18","5","5","18","18","7","0","100","9","0","0","0","1","1","1","0","50","359","447","550","571","220","221","222","222","2","0","0","1","-14","-17","-17","-18","559","623","511","563"
"33.050","226","-0","0","-0","-0","2004","0.3950","1","0.5790","221","8","-0","7843","4","33","7","18","5","5","19","19","10","1","100","9","0","0","0","1","1","1","1","50","327","481","528","565","221","222","223","223","3","0","0","1","-12","-19","-16","-18","560","623","511","563"
"33.100","225","1","0","1","-0","2007","0.4350","1","0.7930","222","9","-0","7916","4","33","7","18","5","5","17","18","12","1","100","9","0","0","0","1","1","1","1","50","280","494","463","546","222","222","224","224","4","0","0","1","-10","-19","-14","-17","560","626","511","563"
"33.150","222","0","0","0","-0","2010","0.3980","1","1.0340","223","12","-0","7929","4","33","7","18","5","5","15","18","16","1","100","9","0","0","0","1","1","2","1","50","257","484","437","565","222","223","225","225","5","0","0","1","-9","-19","-13","-18","559","625","510","563"
"33.200","221","0","0","1","-0","2013","0.3780","1","1.2470","224","14","0","7950","4","33","7","19","5","5","15","18","18","1","100","9","0","0","0","1","1","2","2","50","256","503","426","593","223","224","226","226","6","0","0","1","-9","-20","-13","-19","558","623","511","560"
"33.250","224","0","0","0","-0","2016","0.3840","1","1.4130","224","16","0","7999","4","33","8","19","5","5","15","19","19","1","100","9","0","0","0","1","1","2","2","50","265","528","414","601","224","225","226","226","6","0","0","1","-10","-21","-12","-19","557","622","510","561"
"33.300","226","-0","0","-0","-0","2020","0.3810","2","1.4990","225","15","-0","8006","4","33","8","19","5","5","14","19","19","1","100","9","0","0","0","1","1","2","2","50","249","531","401","600","224","226","227","227","6","0","0","1","-9","-21","-12","-19","558","622","510","561"
"33.350","228","0","0","0","-0","2023","0.3630","2","1.5810","226","15","-0","7993","4","33","8","20","5","5","14","19","19","1","100","9","0","0","0","1","1","2","2","50","219","523","394","610","225","226","228","228","7","0","0","1","-8","-20","-12","-19","557","617","510","561"
"33.400","228","0","0","1","-0","2026","0.3520","2","1.6490","226","16","-0","8027","4","33","8","21","5","5","14","19","20","1","100","9","0","0","0","1","1","2","2","50","207","518","387","612","225","227","228","228","7","0","0","1","-7","-20","-12","-19","556","620","510","561"
"33.450","230","3","2","5","-0","2029","0.3350","2","1.6810","227","16","-0","8069","4","33","7","22","5","5","13","19","19","1","100","9","0","0","0","1","1","2","2","50","213","528","366","593","226","228","230","230","6","0","0","1","-7","-21","-11","-19","555","618","509","559"
"33.500","232","18","9","27","-0","2032","0.0550","2","1.6180","227","16","-0","8080","4","34","5","24","5","5","12","18","14","1","83","9","0","0","0","0","0","2","2","50","225","541","366","578","225","228","230","230","1","0","0","0","-8","-21","-11","-18","555","616","509","560"
"33.550","232","56","34","90","-0","2035","-1.2140","2","1.3710","224","11","-0","7622","4","34","3","28","5","5","13","18","5","0","0","9","0","-1","-0","-0","-0","2","2","50","285","566","327","510","218","225","224","224","-2","-0","-0","-0","-10","-22","-10","-16","581","632","511","561"
"33.600","231","75","46","122","-0","2038","-2.6700","3","1.0250","221","7","0","7483","4","34","2","30","5","6","10","14","2","0","0","9","0","-1","-1","-1","-1","1","2","50","416","621","256","377","216","221","210","212","-4","-0","-1","-1","-16","-25","-7","-11","616","660","521","579"
"33.650","224","78","47","125","-0","2041","-2.7150","3","0.7910","216","5","-0","7181","4","34","0","33","6","6","8","10","0","0","0","9","1","-1","-1","-1","-1","1","1","50","458","612","250","325","215","217","200","208","-5","-0","-1","-1","-18","-24","-7","-10","674","717","559","618"
"33.700","220","77","45","122","-0","2044","-2.8290","3","0.6280","210","3","-0","7155","4","34","-0","34","5","5","9","12","-1","-0","0","9","1","-2","-1","-1","-1","1","1","50","380","532","263","345","206","210","201","204","-4","-0","-1","-1","-15","-21","-8","-10","689","730","583","642"
"33.750","213","68","42","110","-0","2047","-2.4340","2","0.5020","206","0","-0","7033","4","34","0","36","5","6","8","10","-1","-0","0","9","1","-1","-1","-1","-1","1","1","50","433","548","260","311","202","206","199","205","-2","-0","-1","-1","-17","-22","-7","-9","710","742","611","671"
"33.800","211","68","42","110","-0","2050","-2.3570","2","0.3860","203","1","-0","6783","4","34","1","37","6","6","8","8","1","0","0","9","1","-1","-1","-1","-1","1","1","50","466","534","287","313","202","203","195","195","-0","-0","-1","-1","-18","-21","-8","-9","712","742","625","683"
"33.850","205","73","42","116","-0","2053","-2.4060","2","0.2180","198","0","-0","6834","4","34","1","37","5","5","9","10","0","0","0","9","1","-1","-1","-1","-1","0","0","50","405","472","295","313","195","198","197","198","0","0","-1","-1","-16","-19","-9","-9","724","759","639","696"
"33.900","202","79","46","126","-0","2056","-2.4010","2","0.1380","193","0","0","6602","4","34","1","38","6","5","9","8","1","0","0","9","1","-1","-1","-1","-1","0","0","50","456","488","286","276","192","193","188","188","2","0","-1","-1","-18","-19","-9","-8","734","767","647","702"
"33.950","198","78","48","126","-0","2058","-2.4470","2","0.1320","189","0","0","6390","4","34","3","39","6","6","8","8","7","0","0","9","1","-1","-1","-1","-1","0","0","50","489","496","282","291","189","189","185","184","5","0","-1","-1","-20","-20","-8","-9","754","783","661","710"
"34.000","195","80","48","128","-0","2061","-2.4830","2","0.2410","185","3","-0","6360","4","34","3","40","5","5","9","8","11","1","0","9","1","-1","-1","-1","-1","1","0","50","438","470","278","297","183","185","182","183","6","0","-1","-1","-17","-19","-8","-9","766","790","672","718"
"34.050","191","80","48","127","-0","2064","-2.4170","2","0.3550","180","7","-0","6189","4","34","4","42","5","5","8","8","13","1","0","9","1","-1","-1","-1","-1","1","1","50","410","479","260","280","179","180","176","177","5","0","-1","-1","-16","-19","-8","-9","770","800","683","727"
"34.100","188","77","47","124","-0","2066","-2.3530","2","0.4440","177","10","-0","5930","4","34","5","43","5","5","6","7","14","1","0","9","1","-1","-1","-1","-1","1","1","50","385","514","241","280","175","177","171","172","3","0","-1","-1","-15","-21","-7","-9","781","805","687","731"
"34.150","187","75","44","119","-0","2068","-2.2980","2","0.6240","172","12","-0","5775","4","34","7","45","5","5","6","7","16","1","0","9","1","-1","-1","-1","-1","1","1","50","341","494","224","296","170","173","168","170","2","0","-1","-1","-13","-20","-7","-9","784","813","692","736"
"34.200","186","70","42","112","-0","2071","-2.2080","2","0.8000","169","13","-0","7824","3","34","7","46","5","5","4","7","18","1","0","9","1","-1","-1","-1","-1","2","1","50","321","469","182","293","164","169","163","167","2","0","-1","-1","-13","-19","-5","-9","794","815","697","741"
"34.250","181","66","38","105","-0","2073","-1.8070","2","0.9860","166","16","-0","6380","3","34","7","47","5","5","2","6","20","1","0","9","1","-1","-1","-1","-1","2","2","50","318","468","159","298","163","166","160","163","1","0","-1","-1","-13","-19","-5","-9","790","812","695","747"
"34.300","177","62","36","98","-0","2075","-2.1200","2","1.1620","163","19","0","6993","3","34","7","47","5","5","2","7","21","1","0","9","1","-1","-1","-1","-1","2","2","50","289","486","154","324","158","164","152","158","-1","-0","-1","-1","-11","-19","-4","-10","792","816","699","748"
"34.350","172","60","34","95","-0","2078","-1.8520","2","1.4050","159","24","-0","6429","3","34","6","47","5","5","2","8","25","1","0","9","1","-2","-1","-1","-1","2","3","50","259","522","146","352","154","160","149","159","-3","-0","-1","-1","-10","-21","-4","-11","790","812","698","750"
"34.400","170","56","33","89","-0","2080","-1.7980","2","1.6360","156","26","0","6612","3","34","7","46","5","5","1","9","28","2","0","9","1","-2","-1","-1","-1","3","3","50","227","549","130","358","148","158","145","154","-4","-0","-1","-1","-9","-22","-4","-11","790","810","697","749"
"34.450","167","53","30","83","-0","2082","-1.6520","2","1.7950","153","31","0","6115","3","34","6","45","5","5","1","8","32","2","0","9","3","-2","-1","-1","-1","3","4","50","186","568","122","361","142","155","138","154","-6","-0","-1","-1","-7","-23","-3","-12","787","806","694","752"
"34.500","165","46","27","73","-0","2084","-1.5730","2","1.8980","150","33","-0","6306","3","35","6","44","4","5","0","9","31","2","0","9","4","-2","-1","-1","-1","3","4","50","155","579","121","377","132","152","137","149","-9","-1","-1","-1","-6","-24","-3","-12","788","800","689","750"
"34.550","162","39","22","60","-0","2086","-1.3760","2","1.9780","148","32","-0","6036","3","35","7","44","4","5","1","9","23","1","0","10","4","-2","-0","-1","-1","3","4","50","148","597","134","376","118","150","136","146","-13","-1","-1","-1","-6","-24","-4","-12","778","788","691","749"
"34.600","160","40","23","62","-0","2088","-1.2790","2","1.9820","146","30","0","6139","3","35","8","43","4","5","1","9","16","1","0","12","4","-2","-0","-1","-1","4","5","50","131","588","153","359","111","147","139","145","-17","-1","-1","-1","-5","-24","-5","-12","784","782","686","744"
"34.650","157","33","19","52","-0","2090","-1.1720","2","1.8760","144","24","-0","5972","3","35","9","44","4","5","1","8","9","0","0","14","4","-2","-0","-1","-1","4","5","50","109","555","161","338","101","145","136","141","-16","-1","-1","-1","-4","-23","-5","-11","769","783","681","742"
"34.700","157","36","22","57","-0","2092","-1.1810","2","1.8530","141","20","0","5954","3","35","9","44","4","5","1","8","13","1","0","16","4","-2","-0","-1","-1","4","5","50","110","537","152","320","91","142","137","140","-9","-1","-1","-1","-4","-22","-5","-10","765","764","678","740"
"34.750","154","39","23","62","-0","2094","-1.2300","2","1.8730","139","19","0","6741","2","35","10","45","4","5","-0","7","31","2","0","18","4","-2","-0","-1","-1","4","4","50","107","532","129","318","78","140","132","136","-1","-0","-1","-1","-4","-22","-4","-10","767","775","676","737"
"34.800","153","40","23","63","-0","2096","-1.1570","2","1.8830","136","21","0","7288","2","35","10","46","4","5","-1","6","40","2","0","20","4","-2","-0","-1","-1","5","4","50","105","524","119","318","71","137","131","138","4","0","-1","-1","-4","-21","-3","-10","773","759","672","735"
"34.850","150","33","19","52","-0","2098","-1.0340","2","1.8490","135","26","-0","6573","2","35","10","47","4","5","-1","6","42","2","0","22","4","-2","-0","-1","-1","4","4","50","104","512","123","312","61","136","129","134","4","0","-1","-1","-4","-21","-4","-10","772","762","670","734"
"34.900","149","30","18","48","-0","2100","-1.3240","2","1.7680","133","27","0","7112","2","35","11","47","4","5","-0","6","42","2","0","24","4","-2","-0","-1","-1","4","4","50","107","513","129","309","44","134","125","129","3","0","-1","-1","-4","-21","-4","-10","763","761","667","733"
"34.950","146","31","18","48","-0","2102","-1.0190","2","1.8280","131","28","-0","6789","2","35","11","48","4","5","-0","6","48","3","0","26","4","-2","-0","-1","-1","4","4","50","111","511","126","333","44","132","126","132","5","0","-1","-1","-4","-20","-4","-11","758","748","665","733"
"35.000","144","30","18","48","-0","2104","-1.1080","2","1.8520","129","28","0","6829","2","35","11","48","4","4","-1","7","57","3","0","28","4","-2","-0","-1","-1","5","4","50","86","489","112","355","44","130","123","127","10","1","-1","-1","-3","-20","-3","-11","767","746","663","730"
"35.050","141","26","16","42","-0","2106","-0.9480","2","1.8470","126","29","0","6562","2","35","11","47","3","4","-2","6","75","4","0","30","4","-2","-0","-1","-1","6","4","50","82","482","104","325","44","128","121","128","17","2","-1","-1","-3","-19","-3","-10","758","743","659","729"
"35.100","140","28","16","44","-0","2107","-1.1160","2","1.9500","124","33","0","6653","2","35","11","47","4","5","-2","5","85","5","0","31","4","-2","-0","-1","-1","6","4","50","97","521","101","313","44","125","120","123","20","2","-1","-1","-4","-21","-3","-10","758","741","662","725"
"35.150","138","29","16","45","-0","2109","-0.9540","2","1.9950","122","36","0","6398","2","35","11","47","4","5","-2","6","87","5","0","33","4","-3","-0","-1","-1","6","4","50","72","526","120","346","44","124","117","124","20","2","-1","-1","-2","-21","-4","-11","754","735","656","722"
"35.200","137","28","16","43","-0","2111","-1.0680","2","2.0250","120","34","-0","6487","2","35","11","47","3","4","-0","7","88","5","0","35","4","-4","-0","-1","-1","6","4","50","50","511","133","351","44","122","116","120","21","2","-1","-1","-2","-21","-4","-11","751","733","652","721"
"35.250","135","26","15","40","-0","2112","-0.8830","2","2.0520","118","34","0","6265","2","35","11","46","3","4","-1","6","91","5","0","36","4","-3","-0","-1","-1","6","4","50","56","538","134","324","44","120","116","121","22","2","-1","-1","-2","-22","-4","-11","758","730","655","720"
"35.300","135","24","14","38","-0","2114","-0.9480","2","2.0340","117","36","0","6187","2","35","11","46","3","4","-0","5","93","5","0","38","4","-4","-0","-1","-1","6","4","50","47","529","144","320","44","119","114","116","21","2","-1","-1","-2","-21","-4","-10","756","729","653","719"
"35.350","134","17","9","26","-0","2116","-0.8420","2","2.0180","115","36","-0","6243","2","35","11","46","3","4","-1","6","98","6","0","40","4","-4","-0","-1","-1","6","4","50","34","524","129","340","44","117","114","116","22","2","-1","-1","-1","-21","-4","-11","748","727","651","717"
"35.400","134","15","7","22","-0","2117","-0.6980","2","2.1090","115","36","0","6083","2","35","11","45","3","4","-1","6","100","6","0","41","4","-3","-0","-0","-0","7","5","50","38","529","132","343","44","116","112","116","23","2","-0","-0","-1","-21","-4","-11","742","725","651","716"
"35.450","134","3","1","4","-0","2119","-0.6870","2","2.2090","114","36","0","6112","2","35","12","45","3","4","-0","7","104","6","0","43","4","0","0","-1","-1","7","5","50","33","523","154","391","44","116","112","114","25","2","0","-1","-1","-21","-5","-13","745","722","646","712"
"35.500","133","0","-1","-0","-0","2121","-0.4660","2","2.2240","113","35","-0","6111","2","36","12","44","3","4","-0","9","107","6","0","44","4","0","0","-1","-1","8","5","50","25","529","143","419","44","115","112","114","28","3","0","-1","-1","-21","-4","-14","732","718","642","708"
"35.550","130","0","0","0","-0","2122","-0.4330","2","2.2050","113","33","0","6033","2","36","12","44","3","4","0","9","114","7","0","46","4","0","0","-0","-0","8","5","50","28","510","150","404","44","114","111","114","32","3","0","-0","-1","-21","-5","-13","717","718","639","702"
"35.600","129","0","0","0","-0","2124","-0.4710","2","2.1470","112","32","0","6006","2","36","13","43","3","4","0","8","121","7","0","47","4","0","0","-1","-1","9","5","50","40","496","149","399","9","113","110","112","36","4","0","-1","-1","-20","-5","-13","723","715","637","697"
"35.650","126","2","1","3","-0","2125","-0.4880","2","2.0900","111","33","-0","5970","2","36","13","43","3","4","0","8","127","7","0","49","4","0","0","-1","-1","9","5","50","47","499","149","398","9","112","110","112","39","4","0","-1","-2","-20","-5","-13","713","716","636","689"
"35.700","123","5","1","6","-0","2127","-0.5360","2","2.0530","110","33","0","5905","2","36","12","43","3","4","1","8","128","7","0","50","4","0","0","-1","-1","9","5","50","45","487","161","388","8","111","109","111","39","4","0","-1","-1","-20","-5","-13","706","721","632","686"
"35.750","122","5","2","7","-0","2128","-0.5660","2","2.0010","109","35","-0","5834","2","36","12","43","3","4","1","8","130","8","0","52","4","-2","-0","-0","-0","8","4","50","49","488","153","365","8","110","108","110","38","4","-0","-0","-2","-20","-5","-12","704","706","625","682"
"35.800","122","5","3","9","-0","2130","-0.6010","2","1.9910","108","37","0","5798","2","36","12","43","3","4","1","8","130","8","0","54","4","-2","-0","-0","-0","8","4","50","56","499","148","376","9","110","106","109","36","4","-0","-0","-2","-20","-5","-12","707","702","622","681"
"35.850","119","6","3","9","-0","2131","-0.5890","2","1.9670","107","39","-0","5735","2","36","12","44","3","4","0","8","131","8","0","55","4","-2","-0","-0","-0","8","4","50","50","499","147","382","38","109","105","108","34","4","-0","-0","-2","-20","-5","-13","706","711","619","677"
"35.900","116","5","3","8","-0","2133","-0.5480","2","1.9910","106","40","-0","5687","2","36","12","44","3","4","0","8","132","8","0","56","4","-2","-0","-0","-0","8","4","50","47","498","151","357","42","108","104","107","33","4","-0","-0","-2","-20","-5","-12","704","716","615","678"
"35.950","113","4","2","6","-0","2134","-0.5640","2","2.0400","105","41","0","5633","2","36","12","44","3","4","0","7","136","8","0","58","4","0","0","-1","-1","8","4","50","45","487","152","372","50","107","103","106","32","3","0","-1","-2","-19","-5","-12","705","703","614","675"
"36.000","113","4","2","6","-0","2136","-0.5210","2","2.0070","104","41","-0","5601","2","36","12","45","3","4","-0","8","137","8","0","59","4","0","0","-1","-1","8","4","50","37","484","150","396","54","106","102","105","32","4","0","-1","-1","-19","-5","-13","692","710","611","675"
"36.050","111","4","2","5","-0","2137","-0.5180","2","2.0330","103","41","-0","5540","2","36","12","45","3","4","-0","8","137","8","0","61","4","0","0","-1","-1","8","4","50","38","489","156","389","59","105","102","104","32","4","0","-1","-1","-19","-5","-13","688","705","607","673"
"36.100","109","3","1","4","-0","2139","-0.5160","2","2.0650","102","41","-0","5502","2","36","12","45","3","4","-0","8","137","8","0","62","4","0","0","-1","-1","8","4","50","42","491","146","382","65","104","101","104","32","3","0","-1","-1","-19","-5","-12","692","707","610","669"
"36.150","107","3","1","4","-0","2140","-0.4750","2","2.0350","102","41","-0","5458","2","36","12","45","3","4","-1","8","137","8","0","64","4","0","0","-1","-1","8","4","50","33","485","152","388","72","104","100","103","31","3","0","-1","-1","-19","-5","-13","693","708","606","667"
"36.200","108","2","0","2","-0","2142","-0.4710","2","2.0650","101","41","0","5407","2","36","12","45","3","4","-0","8","137","8","0","65","4","0","0","-1","-1","8","4","50","32","484","146","387","77","103","99","102","30","3","0","-1","-1","-19","-5","-13","684","704","608","669"
"36.250","107","2","1","2","-0","2143","-0.4560","2","2.1040","100","42","0","5382","2","36","13","45","3","4","-1","8","136","8","0","65","4","0","0","-1","-1","8","4","50","34","489","141","387","81","102","98","101","29","3","0","-1","-1","-19","-4","-13","687","706","604","662"
"36.300","104","3","0","3","-0","2144","-0.4410","2","2.0990","99","43","-0","5327","2","36","14","45","3","4","-1","8","136","8","0","65","4","0","0","-1","-1","7","4","50","28","489","147","389","86","101","98","100","27","3","0","-1","-1","-19","-5","-13","681","704","599","659"
"36.350","101","2","0","2","-0","2146","-0.4160","2","2.0860","98","43","-0","5299","2","36","14","45","3","4","-1","8","136","8","0","65","4","0","0","-1","-1","7","4","50","22","486","143","380","90","101","97","100","26","3","0","-1","-1","-19","-4","-12","674","700","601","658"
"36.400","101","2","0","2","-0","2147","-0.4180","2","2.0930","98","43","-0","5252","2","36","14","45","3","4","-1","7","136","8","0","65","4","0","0","-1","-1","7","4","50","19","479","145","378","90","100","96","99","25","3","0","-1","-0","-19","-5","-12","678","704","601","656"
"36.450","102","2","0","2","-0","2149","-0.4200","2","2.1120","97","43","-0","5226","2","36","14","45","3","4","-1","8","134","8","11","65","4","0","0","-1","-1","7","5","50","22","477","135","384","90","99","96","98","24","3","0","-1","-1","-19","-4","-13","671","698","595","655"
"36.500","103","1","0","1","-0","2150","-0.4150","2","2.1690","96","45","-0","5184","2","37","14","46","3","4","-1","7","132","8","23","65","4","0","0","-0","-0","7","5","50","24","483","124","383","90","99","95","98","21","2","0","-0","-1","-19","-4","-13","678","702","598","655"
"36.550","104","1","0","1","-0","2151","-0.2920","2","2.2190","96","47","0","5336","2","37","14","45","3","4","-2","7","130","8","31","65","4","0","0","-0","-0","7","5","50","17","476","127","389","90","98","94","98","18","2","0","-0","-0","-19","-4","-13","673","698","595","653"
"36.600","105","1","0","1","-0","2153","-0.2630","2","2.2130","96","48","-0","5643","2","37","14","45","3","4","-2","8","129","8","39","65","4","0","0","-0","-0","7","5","50","11","482","132","402","90","98","94","98","16","2","0","-0","-0","-19","-4","-13","666","704","594","654"
"36.650","107","1","-0","1","-0","2154","0.1630","2","2.2140","95","48","-0","5277","2","37","15","44","3","4","-1","8","126","7","46","65","4","0","0","0","0","6","5","50","5","467","146","420","88","98","98","100","15","2","0","0","0","-18","-5","-14","674","699","591","651"
"36.700","108","1","-0","1","-0","2155","0.0780","2","2.2000","96","45","-0","5295","2","37","15","44","2","4","-0","9","125","7","55","65","4","0","0","0","0","7","5","50","4","452","151","436","87","98","98","98","17","2","0","0","0","-18","-5","-14","666","702","591","648"
"36.750","110","1","-0","1","-0","2157","0.1360","2","2.1410","96","43","-0","5476","2","37","16","43","2","4","-0","10","124","7","70","65","4","0","0","0","0","7","5","51","4","456","147","433","85","98","99","99","18","2","0","0","0","-18","-5","-14","662","698","593","647"
"36.800","110","1","-0","0","-0","2158","0.3200","2","2.1390","96","43","-0","5406","2","37","17","42","2","3","0","9","123","7","76","65","4","0","0","1","1","7","5","52","-1","444","169","420","84","98","100","100","18","2","0","1","0","-17","-5","-14","665","696","587","647"
"36.850","110","-0","-0","-0","-0","2159","0.2650","2","2.1320","96","43","-0","5398","2","37","17","41","2","3","1","9","121","7","86","65","4","0","0","1","1","7","5","54","-0","452","182","426","83","99","100","100","18","2","0","1","0","-18","-6","-14","660","695","588","646"
"36.900","108","1","-0","0","-0","2161","0.3700","2","2.0980","97","43","-0","5561","2","37","17","41","2","3","1","10","116","7","88","65","4","0","0","1","1","6","4","55","0","456","191","438","82","99","101","101","16","2","0","1","0","-18","-6","-14","667","692","587","645"
"36.950","108","-0","-0","-0","-0","2162","0.3070","2","2.0810","98","42","-0","5080","2","37","17","41","2","3","2","10","108","6","86","65","4","0","0","1","1","6","4","56","1","442","194","434","82","100","100","100","14","2","0","1","0","-17","-6","-14","662","693","585","642"
"37.000","108","0","0","0","-0","2164","0.1850","2","2.0180","99","42","-0","5512","2","37","17","40","2","3","2","10","104","6","90","65","4","0","0","0","0","5","4","56","18","453","182","419","81","100","101","101","11","1","0","0","-0","-18","-6","-14","656","689","585","641"
"37.050","107","-0","-0","-0","-0","2165","0.2960","2","2.0230","99","44","-0","5967","2","37","16","40","2","3","2","9","96","6","89","65","4","0","0","1","1","5","4","57","22","443","194","425","84","101","104","104","8","1","0","1","-1","-18","-6","-14","662","692","585","640"
"37.100","107","-0","-0","-0","-0","2166","0.4890","2","1.9910","100","42","-0","5432","2","37","16","40","2","3","2","11","93","5","90","65","4","0","0","1","1","5","4","58","18","407","198","452","90","102","104","104","6","1","0","1","-0","-16","-6","-15","658","681","583","641"
"37.150","108","-0","-0","-0","-0","2168","0.4410","2","1.9210","101","40","-0","5801","2","37","16","39","2","3","2","11","89","5","96","65","4","0","0","1","1","5","4","60","22","405","188","453","92","102","104","104","6","1","0","1","-1","-16","-6","-15","651","695","583","639"
"37.200","107","0","0","0","-0","2169","0.6300","2","1.9880","101","41","-0","5824","2","37","17","38","2","3","2","10","87","5","95","65","4","0","0","1","1","4","4","61","23","423","198","459","93","103","107","107","4","0","0","1","-1","-17","-6","-15","656","687","580","639"
"37.250","108","0","0","0","-0","2171","0.6520","2","2.0060","103","41","-0","5786","2","37","16","37","2","3","2","12","83","5","96","65","4","0","0","1","1","4","4","62","17","424","217","473","98","105","107","107","4","0","0","1","-0","-17","-7","-16","657","682","580","636"
"37.300","108","0","0","0","-0","2172","0.6910","2","1.9390","104","38","-0","5887","2","37","16","37","2","3","3","12","80","5","94","65","4","0","0","1","1","4","4","64","6","411","219","461","99","106","108","108","4","0","0","1","0","-16","-7","-15","652","687","580","637"
"37.350","110","-0","0","-0","-0","2174","0.7300","2","1.9350","105","36","-0","5992","2","37","17","36","2","3","3","11","74","4","89","65","4","0","0","1","1","4","4","65","15","412","218","449","99","107","109","109","5","0","0","1","-0","-16","-7","-15","653","678","579","637"
"37.400","110","0","0","0","-0","2175","0.7860","2","1.9090","106","36","-0","6052","2","37","18","36","2","3","3","11","71","4","88","65","4","0","0","1","1","4","4","67","24","412","228","451","100","108","111","111","4","0","0","1","-1","-16","-7","-15","650","691","575","636"
"37.450","114","0","0","0","-0","2177","0.8380","2","1.7890","108","34","-0","6131","2","37","18","36","2","3","4","12","70","4","87","65","4","0","0","1","1","4","4","68","14","386","241","454","104","110","112","112","5","1","0","1","-0","-15","-8","-15","648","686","576","635"
"37.500","117","-0","0","0","-0","2178","0.8510","2","1.7470","110","32","-0","6224","2","38","18","36","2","2","4","12","70","4","86","65","4","0","0","1","1","4","4","70","15","378","242","452","104","111","114","114","6","1","0","1","-0","-15","-8","-15","652","676","576","634"
"37.550","120","0","0","0","-0","2180","0.8800","2","1.7820","111","34","-0","6344","2","38","19","36","2","3","4","11","68","4","80","65","4","0","0","1","1","4","4","71","29","386","227","457","105","112","116","116","6","1","0","1","-1","-15","-7","-15","651","688","574","634"
"37.600","120","0","0","0","-0","2181","0.9030","2","1.7690","112","35","-0","6415","2","38","19","36","2","3","4","12","66","4","79","65","4","0","0","1","1","4","4","73","28","364","224","476","108","114","118","118","4","0","0","1","-1","-14","-7","-16","643","683","575","632"
"37.650","121","0","0","0","-0","2183","0.8360","2","1.7890","114","33","-0","6436","2","38","19","35","1","2","4","13","63","4","77","65","4","0","0","1","1","4","4","74","24","376","231","475","110","116","119","119","3","0","0","1","-1","-15","-7","-15","644","679","576","632"
"37.700","123","0","0","0","-0","2184","0.8460","2","1.7920","116","33","-0","6591","2","38","19","35","2","3","4","12","57","3","77","65","4","0","0","1","1","4","3","76","28","401","234","457","111","117","120","120","2","0","0","1","-1","-16","-7","-15","646","684","575","632"
"37.750","125","0","0","0","-0","2186","0.9330","2","1.7100","118","30","-0","6686","2","38","19","35","2","3","5","12","49","3","77","65","4","0","0","1","1","3","3","77","26","389","252","467","113","119","122","122","1","0","0","1","-1","-15","-8","-15","645","683","573","632"
"37.800","127","0","0","0","-0","2188","0.9010","2","1.6520","119","27","-0","6753","2","38","19","34","2","3","5","12","49","3","79","65","4","0","0","1","1","4","3","78","27","374","267","474","115","120","124","124","3","0","0","1","-1","-15","-9","-15","640","677","574","631"
"37.850","129","0","0","0","-0","2189","0.9440","2","1.6400","121","25","-0","6861","2","38","20","34","2","3","5","12","50","3","85","65","4","0","0","1","1","4","3","78","43","359","260","468","116","122","126","126","5","1","0","1","-1","-14","-8","-15","639","672","572","631"
"37.900","131","-0","0","-0","-0","2191","0.9780","2","1.6150","123","26","-0","6948","2","38","20","34","2","3","5","12","51","3","91","65","4","0","0","1","1","4","3","79","48","345","253","472","119","124","127","127","6","1","0","1","-2","-14","-8","-15","643","682","571","631"
"37.950","133","0","0","0","-0","2193","1.0210","2","1.5980","124","28","-0","7106","2","38","20","34","2","2","5","12","54","3","100","65","4","0","0","2","2","4","3","81","39","335","242","476","121","125","130","130","6","1","0","2","-1","-13","-8","-16","642","680","570","631"
"38.000","135","0","0","0","-0","2195","1.0210","2","1.6250","126","29","-0","7229","2","38","20","35","1","2","5","12","53","3","100","65","4","0","0","2","2","4","3","83","35","335","234","480","123","127","132","132","5","0","0","2","-1","-13","-7","-16","638","675","569","627"
"38.050","140","-0","0","-0","-0","2196","0.9970","2","1.7060","128","30","-0","7299","2","38","20","35","1","2","4","13","51","3","100","65","4","0","0","2","2","4","3","84","42","341","228","489","124","129","134","134","4","0","0","2","-1","-13","-7","-16","636","672","568","626"
"38.100","142","-0","0","0","-0","2198","0.9770","2","1.7670","130","31","-0","7434","2","38","20","35","1","2","4","13","47","3","100","65","4","0","0","1","1","3","3","86","52","352","227","492","126","131","136","136","1","0","0","1","-2","-14","-7","-16","638","677","569","628"
"38.150","142","0","0","0","-0","2200","1.0140","2","1.7440","132","30","-0","7505","2","38","20","34","2","2","4","13","37","2","100","65","4","0","0","1","1","3","4","88","52","368","235","499","128","133","138","138","-3","-0","0","1","-2","-14","-7","-16","637","678","569","628"
"38.200","142","-0","0","-0","-0","2202","1.0280","2","1.7110","134","27","-0","7604","2","38","21","33","2","3","5","13","31","2","100","65","4","0","0","1","1","3","4","90","49","371","257","505","130","135","140","140","-4","-0","0","1","-1","-15","-8","-16","638","674","569","629"
"38.250","144","-0","0","-0","-0","2204","1.0250","2","1.6210","136","20","-0","7625","2","38","21","34","2","3","6","14","27","2","100","65","4","0","0","1","1","3","3","91","51","384","294","511","133","137","141","141","-2","-0","0","1","-1","-15","-9","-17","637","673","569","626"
"38.300","149","0","0","0","-0","2206","0.9820","2","1.4840","138","17","-0","7721","2","38","21","33","2","3","8","13","26","2","100","65","4","0","0","1","1","3","3","91","65","358","315","496","135","139","142","142","2","0","0","1","-2","-14","-10","-16","635","667","570","627"
"38.350","154","-0","0","-0","-0","2208","0.9440","2","1.3020","139","15","-0","7832","2","38","20","33","2","3","8","13","28","2","100","65","4","0","0","1","1","3","3","91","98","336","310","453","137","140","144","144","5","0","0","1","-3","-13","-10","-15","631","668","571","625"
"38.400","156","0","0","0","-0","2209","0.9740","2","1.2000","141","16","-0","7983","2","38","18","32","3","3","8","12","29","2","100","65","4","0","0","1","1","3","2","91","101","334","318","433","140","142","146","146","5","0","0","1","-3","-13","-10","-14","631","671","569","626"
"38.450","160","0","0","0","-0","2211","0.8850","1","1.1240","143","16","-0","8053","2","38","15","30","2","3","9","14","29","2","100","65","4","0","0","1","1","3","2","91","108","286","318","470","141","144","148","148","5","0","0","1","-4","-11","-10","-15","629","668","569","627"
"38.500","162","-0","0","-0","-0","2213","0.8910","1","1.0990","145","16","-0","8188","2","39","14","28","2","3","8","15","25","1","100","65","4","0","0","1","1","2","2","91","158","324","304","485","143","146","149","149","3","0","0","1","-6","-13","-10","-16","632","673","567","625"
"38.550","164","0","-0","0","-0","2215","1.0560","2","1.0730","147","15","-0","8322","2","39","11","25","3","4","8","14","14","1","100","65","4","0","0","1","1","2","2","91","186","364","353","504","146","147","153","153","-1","-0","0","1","-7","-14","-11","-16","630","673","565","625"
"38.600","164","0","0","0","-0","2218","0.9730","1","0.8920","149","10","-0","8234","2","39","10","25","3","4","13","15","11","1","100","65","4","0","0","1","1","1","1","91","172","342","430","521","148","149","152","152","-0","-0","0","1","-6","-13","-14","-17","634","668","566","625"
"38.650","166","-0","0","0","-0","2220","0.8980","1","0.7590","151","6","-0","8391","2","39","9","27","3","4","14","15","13","1","100","65","4","0","0","1","1","1","1","91","170","347","434","494","149","151","154","154","3","0","0","1","-6","-13","-14","-16","633","668","566","622"
"38.700","165","0","0","0","-0","2222","0.4640","1","0.6820","152","8","-0","7045","2","39","10","28","3","4","13","12","14","1","100","65","4","0","0","1","1","1","1","91","192","352","392","424","152","153","149","150","3","0","0","1","-7","-14","-12","-13","631","668","566","623"
"38.750","165","0","0","0","-0","2224","-0.0850","1","0.6370","153","11","-0","7246","3","39","11","32","4","5","10","9","15","1","100","65","4","0","0","0","0","1","1","91","212","369","356","339","152","153","154","155","1","0","0","0","-8","-14","-11","-11","629","667","564","621"
"38.800","165","-0","0","-0","-0","2226","0.8440","1","0.5900","153","12","-0","6802","3","39","10","34","3","3","9","9","15","1","100","65","4","0","0","1","1","1","1","92","183","308","355","411","152","154","160","160","0","0","0","1","-7","-12","-11","-13","629","662","565","622"
"38.850","166","0","0","0","-0","2228","0.6770","1","0.5950","154","9","-0","6932","3","39","11","35","2","2","10","11","13","1","100","65","4","0","0","1","1","1","1","93","156","265","338","450","153","155","159","159","1","0","0","1","-6","-10","-11","-14","630","665","562","621"
"38.900","166","-0","0","-0","-0","2230","0.8720","1","0.6380","156","8","-0","7066","3","39","12","35","3","3","8","11","10","1","100","65","4","0","0","1","1","1","1","93","185","324","346","405","155","156","161","161","0","0","0","1","-7","-13","-11","-13","628","663","564","624"
"38.950","166","1","-0","1","-0","2232","0.8700","1","0.6420","158","8","-0","7056","3","39","10","34","4","4","12","14","7","0","100","65","4","0","0","1","1","1","1","93","179","333","411","455","157","158","162","162","-1","-0","0","1","-7","-13","-13","-14","627","664","563","621"
"39.000","165","0","0","0","-0","2235","0.6860","1","0.5590","159","6","-0","7087","3","39","10","33","2","3","14","14","7","0","100","65","4","0","0","1","1","1","1","93","172","274","401","494","158","159","163","163","-1","-0","0","1","-6","-10","-13","-16","627","662","563","621"
"39.050","164","0","0","0","-0","2237","0.7590","1","0.4930","160","5","-0","7255","3","39","9","29","3","3","9","11","5","0","100","65","4","0","0","1","1","1","1","93","244","258","329","430","160","160","164","164","-1","-0","0","1","-9","-10","-10","-14","626","664","561","621"
"39.100","161","0","0","1","-0","2239","0.9390","1","0.3720","162","4","-0","7270","3","39","9","28","4","4","8","10","2","0","100","65","4","0","0","1","1","1","1","93","262","270","354","414","161","162","168","168","-2","-0","0","1","-10","-10","-11","-13","625","658","562","621"
"39.150","160","0","0","0","-0","2241","0.6840","1","0.2360","163","1","-0","7268","3","39","9","26","3","3","12","13","-0","-0","100","65","4","0","0","1","1","0","1","93","228","236","421","471","163","163","166","166","-1","-0","0","1","-9","-9","-13","-15","623","662","561","620"
"39.200","159","-0","0","-0","-0","2244","0.7800","1","0.2950","165","1","-1","7326","3","39","11","26","4","4","13","15","1","0","100","65","4","0","0","1","1","1","1","93","266","286","444","460","164","165","168","168","0","0","0","1","-10","-11","-14","-15","626","662","561","621"
"39.250","161","-0","0","-0","-0","2246","0.7530","1","0.3130","167","3","-0","7393","3","39","14","26","4","4","15","14","5","0","100","65","4","0","0","1","1","1","1","93","230","349","454","451","166","167","169","169","1","0","0","1","-9","-13","-14","-14","621","662","559","619"
"39.300","162","-0","0","0","-0","2248","0.6100","1","0.3060","168","5","-0","7462","3","39","15","26","2","3","13","13","8","0","100","65","4","0","0","1","1","1","1","93","166","337","406","407","167","168","171","171","1","0","0","1","-6","-13","-13","-13","623","658","560","617"
"39.350","165","0","0","0","-0","2251","0.7640","1","0.3870","169","6","-0","7579","3","39","18","29","3","3","10","9","9","0","100","65","4","0","0","1","1","1","1","93","193","283","342","355","168","169","174","174","1","0","0","1","-7","-11","-11","-11","621","660","561","619"
"39.400","168","0","0","0","-0","2253","0.7550","1","0.3480","170","5","-0","7580","3","39","19","29","3","3","9","11","6","0","100","65","4","0","0","1","1","1","1","93","223","248","351","400","170","170","175","175","-0","0","0","1","-8","-9","-11","-13","620","659","559","619"
"39.450","173","0","0","0","-0","2255","0.6880","1","0.1940","172","2","-0","7607","3","39","20","31","3","3","10","12","0","0","100","65","4","0","0","1","1","0","0","93","244","282","384","450","171","172","175","175","-1","-0","0","1","-9","-11","-12","-14","619","661","559","616"
"39.500","175","-0","-0","-0","-0","2258","0.7570","1","0.1210","173","0","-0","7675","3","40","19","31","4","4","12","13","-1","-0","100","65","4","0","0","1","1","0","0","93","277","294","424","455","173","173","176","176","-1","-0","0","1","-11","-11","-13","-14","617","662","560","618"
"39.550","177","-0","-0","-0","-0","2260","0.6840","1","0.0910","174","-1","-0","7713","3","40","18","30","4","4","14","14","-0","-0","100","65","4","0","0","1","1","0","0","93","274","271","460","446","174","174","177","177","0","0","0","1","-10","-10","-15","-14","620","655","558","616"
"39.600","178","0","0","0","-0","2262","0.6590","1","0.0010","175","-1","-0","7797","3","40","17","29","4","3","14","14","1","0","100","65","4","0","0","1","1","0","0","93","274","262","430","440","175","175","178","178","0","0","0","1","-10","-10","-14","-14","620","657","555","615"
"39.650","183","0","0","0","-0","2265","0.7460","1","-0.0190","177","0","-0","7871","3","40","15","28","4","4","13","12","1","0","100","65","4","0","0","1","1","-0","-0","93","290","279","420","440","177","177","180","180","0","0","0","1","-11","-10","-13","-14","620","656","557","615"
"39.700","186","0","-0","0","0","2267","0.6850","1","0.0050","178","0","-0","7842","3","40","15","28","4","4","14","14","0","0","100","65","4","0","0","1","1","0","0","93","305","289","452","446","178","178","181","181","-0","-0","0","1","-12","-11","-14","-14","618","653","558","615"
"39.750","188","0","0","0","0","2270","0.7050","1","-0.0380","179","-0","-0","7967","3","40","13","27","4","4","14","14","0","0","100","65","4","0","0","1","1","-0","-0","93","329","298","458","446","179","179","183","183","-0","-0","0","1","-13","-11","-14","-14","617","658","558","615"
"39.800","185","-0","0","0","0","2272","0.7050","1","-0.0540","181","-1","-0","7999","3","40","12","26","4","4","14","14","0","0","100","65","4","0","0","1","1","-0","-0","93","336","318","469","451","181","181","184","184","-1","-0","0","1","-13","-12","-15","-14","617","656","558","614"
"39.850","189","-0","0","-0","-0","2275","0.7130","1","-0.0190","182","0","-0","8066","3","40","12","24","4","4","15","14","1","0","100","65","4","0","0","1","1","-0","-0","93","325","330","489","455","182","182","185","185","-0","-0","0","1","-12","-12","-15","-14","614","654","555","611"
"39.900","192","-0","0","0","-0","2277","0.7130","1","0.0470","184","1","-0","8116","3","40","11","24","4","4","15","15","2","0","100","65","4","0","0","1","1","0","0","93","316","334","488","465","184","184","186","187","0","0","0","1","-12","-13","-15","-15","613","656","555","611"
"39.950","196","0","0","0","-0","2280","0.6870","1","0.1200","185","2","-0","8174","3","40","11","23","4","4","15","15","3","0","100","65","4","0","0","1","1","0","0","93","312","328","470","481","185","185","188","188","1","0","0","1","-12","-13","-15","-15","616","652","559","611"
"40.000","195","0","0","0","-0","2282","0.7040","1","0.1730","186","3","-0","8239","3","40","11","22","4","4","15","15","4","0","100","65","4","0","0","1","1","0","0","93","301","323","466","496","186","186","189","189","1","0","0","1","-11","-12","-15","-16","615","651","557","611"
"40.050","196","0","-0","-0","-0","2285","0.6770","1","0.2150","188","3","-0","8275","3","40","10","22","4","4","15","16","4","0","100","65","4","0","0","1","1","0","0","93","297","333","485","500","187","188","190","190","1","0","0","1","-11","-13","-15","-16","614","654","555","610"
"40.100","199","0","0","0","-0","2288","0.6700","1","0.2540","189","3","-0","8329","3","40","10","22","4","4","16","16","4","0","100","65","4","0","0","1","1","0","0","93","296","345","483","494","189","189","192","191","1","0","0","1","-11","-13","-15","-16","614","652","554","610"
"40.150","203","0","-0","0","-0","2290","0.6890","1","0.2680","190","4","-0","8400","3","40","9","22","4","4","15","16","4","0","100","65","4","0","0","1","1","0","0","93","290","348","471","492","190","190","193","193","1","0","0","1","-11","-13","-15","-16","613","650","553","610"
"40.200","205","0","0","0","-0","2293","0.2140","0","0.2960","191","4","-0","7199","3","40","9","22","4","5","15","15","5","0","100","65","4","0","0","0","0","0","0","93","315","367","455","473","191","192","186","186","1","0","0","0","-12","-14","-14","-15","612","650","554","610"
"40.250","203","-0","0","0","-0","2296","-0.2790","0","0.3390","191","4","-0","6592","4","40","9","22","5","5","14","14","5","0","100","65","4","0","0","0","0","1","0","93","354","406","416","452","191","192","191","191","1","0","0","0","-14","-16","-13","-14","613","648","554","609"
"40.300","200","0","0","0","-0","2298","0.1960","0","0.3670","191","4","-0","7632","4","40","9","23","5","5","13","14","5","0","100","65","4","0","0","0","0","1","0","93","333","391","426","476","191","191","202","202","1","0","0","0","-13","-15","-13","-15","613","648","553","609"
"40.350","196","0","0","0","-0","2301","0.3890","1","0.3840","192","4","-0","7247","4","40","9","23","4","4","15","16","7","0","100","65","4","0","0","1","1","1","1","95","271","336","465","507","192","192","188","188","2","0","0","1","-10","-13","-15","-16","608","652","553","608"
"40.400","196","-0","-0","-0","-0","2304","0.6110","1","0.4360","193","5","-0","6757","4","40","9","23","4","5","15","16","8","0","100","65","4","0","0","1","1","1","1","95","274","360","458","503","192","193","192","192","2","0","0","1","-10","-14","-14","-16","608","652","553","607"
"40.450","197","0","0","0","-0","2306","0.6190","1","0.5320","194","7","-0","6740","4","40","10","23","5","5","14","16","9","1","100","65","4","0","0","1","1","1","1","95","296","394","448","510","194","194","196","197","2","0","0","1","-11","-15","-14","-16","611","648","552","607"
"40.500","199","0","0","0","-0","2309","0.5060","1","0.6000","195","7","-0","6872","4","41","10","23","4","5","15","16","9","1","100","65","4","0","0","1","1","1","1","95","269","384","441","512","194","195","198","198","2","0","0","1","-10","-15","-14","-16","611","647","553","606"
"40.550","202","0","0","0","-0","2312","0.4720","1","0.6610","196","8","-0","6998","4","41","9","23","4","5","14","16","10","1","100","65","4","0","0","1","1","1","1","95","262","391","414","499","195","196","199","199","2","0","0","1","-10","-15","-13","-16","611","648","551","605"
"40.600","204","0","0","0","-0","2314","0.5290","1","0.7210","197","8","-0","7035","4","41","9","23","5","5","13","15","10","1","100","65","4","0","0","1","1","1","1","95","274","409","416","516","196","197","199","199","2","0","0","1","-10","-16","-13","-16","607","650","550","605"
"40.650","203","0","-0","0","-0","2317","0.4740","1","0.7420","198","8","-0","7056","4","41","10","22","4","5","14","17","9","1","100","65","4","0","0","1","1","1","1","95","266","411","437","543","197","198","200","200","2","0","0","1","-10","-16","-13","-17","609","644","550","604"
"40.700","203","0","0","0","-0","2320","0.4720","1","0.7690","199","8","-0","7092","4","41","9","22","5","5","14","17","9","1","100","65","4","0","0","1","1","1","1","95","269","423","446","547","198","199","200","200","2","0","0","1","-10","-16","-14","-17","608","644","550","604"
"40.750","200","0","0","0","-0","2323","0.4850","1","0.7810","200","8","-0","7103","4","41","9","22","4","5","15","17","10","1","100","65","4","0","0","1","1","1","1","95","267","422","451","539","199","200","202","202","2","0","0","1","-10","-16","-14","-17","609","647","550","603"
"40.800","201","0","0","0","-0","2325","0.4640","1","0.7840","200","8","-0","7128","4","41","9","22","4","5","15","17","11","1","100","65","4","0","0","1","1","1","1","95","247","414","433","523","200","201","203","203","3","0","0","1","-9","-16","-13","-17","605","648","549","603"
"40.850","203","0","0","0","-0","2328","0.5070","1","0.8420","201","10","-0","7172","4","41","9","22","4","5","14","16","11","1","100","65","4","0","0","1","1","1","1","95","251","430","418","519","201","202","204","204","2","0","0","1","-9","-17","-13","-16","608","644","550","603"
"40.900","207","0","0","0","-0","2331","0.4760","1","0.9110","202","10","-0","7209","4","41","9","21","4","5","14","17","11","1","100","65","4","0","0","1","1","1","1","95","259","436","435","537","202","203","204","204","2","0","0","1","-10","-17","-13","-17","607","644","549","602"
"40.950","208","0","0","0","-0","2334","0.4670","1","0.9270","203","10","-0","7217","4","41","9","21","5","5","15","17","10","1","100","65","4","0","0","1","1","1","1","95","268","449","443","553","203","204","205","205","1","0","0","1","-10","-17","-14","-18","603","647","548","602"
"41.000","209","0","0","0","-0","2337","0.4630","1","0.9150","204","9","-0","7260","4","41","8","22","5","5","15","18","10","1","100","65","4","0","0","1","1","1","1","95","278","455","444","561","204","205","206","206","2","0","0","1","-10","-18","-14","-18","603","646","548","601"
"41.050","208","0","0","0","-0","2340","0.4540","1","0.8820","205","8","-0","7282","4","41","8","21","5","5","15","18","10","1","100","65","4","0","0","1","1","1","1","95","272","439","440","548","205","205","207","207","2","0","0","1","-10","-17","-14","-17","607","644","548","602"
"41.100","209","-0","0","-0","-0","2342","0.4470","1","0.8520","206","8","-0","7316","4","41","8","21","5","5","14","17","10","1","100","65","4","0","0","1","1","1","1","95","279","434","418","523","205","206","208","208","2","0","0","1","-10","-17","-13","-16","606","643","548","601"
"41.150","210","-0","0","-0","-0","2345","0.4800","1","0.8420","207","9","-0","7364","4","41","9","22","5","5","13","16","10","1","100","65","4","0","0","1","1","1","1","95","266","430","420","529","206","207","209","209","2","0","0","1","-10","-17","-13","-17","604","641","547","600"
"41.200","212","0","0","0","-0","2348","0.3940","1","0.8630","208","9","-0","7407","4","41","9","22","4","5","14","17","11","1","100","65","4","0","0","1","1","1","1","95","239","433","426","523","207","208","210","210","2","0","0","1","-9","-17","-13","-16","604","640","547","599"
"41.250","208","0","0","0","-0","2351","0.4770","1","0.9520","208","10","-0","7440","4","41","8","21","4","5","13","16","11","1","100","65","4","0","0","1","1","1","1","95","246","452","418","511","208","209","211","211","2","0","0","1","-9","-17","-13","-16","602","642","546","599"
"41.300","208","0","0","0","-0","2354","0.4970","1","0.9930","209","11","-0","7458","4","41","8","21","4","5","14","17","11","1","100","65","4","0","0","1","1","1","1","95","248","456","435","551","209","210","212","212","2","0","0","1","-9","-18","-13","-17","601","642","545","598"
"41.350","214","-0","0","-0","-0","2357","0.4420","1","1.0060","210","10","-0","7488","4","41","8","21","5","5","15","18","10","1","100","65","4","0","0","1","1","1","1","95","262","477","455","576","210","211","212","212","1","0","0","1","-10","-18","-14","-18","603","639","545","599"
"41.400","217","0","0","0","-0","2360","0.4880","1","1.0140","211","10","-0","7503","4","41","8","21","5","5","15","18","10","1","100","65","4","0","0","1","1","1","1","95","285","490","457","567","211","212","213","213","1","0","0","1","-11","-19","-14","-18","603","640","547","599"
"41.450","215","0","0","0","-0","2363","0.4730","1","0.9500","212","9","-1","7543","4","41","8","20","5","5","15","18","10","1","100","65","4","0","0","1","1","1","1","95","274","463","445","548","211","212","214","214","2","0","0","1","-10","-18","-14","-17","600","641","547","598"
"41.500","212","0","0","0","-0","2366","0.4720","1","0.9270","213","9","-0","7580","4","42","7","20","5","5","15","17","11","1","100","65","4","0","0","1","1","1","1","95","245","434","445","548","212","213","215","215","2","0","0","1","-9","-17","-14","-17","602","639","547","598"
"41.550","217","0","0","0","-0","2369","0.4550","1","0.9730","214","10","-0","7609","4","42","8","20","5","5","15","18","11","1","100","65","4","0","0","1","1","1","1","95","257","463","442","552","213","214","216","216","3","0","0","1","-9","-18","-13","-17","602","638","545","597"
"41.600","221","0","0","0","-0","2372","0.5020","1","0.9960","215","10","-0","7646","4","42","8","20","5","5","15","17","11","1","100","65","4","0","0","1","1","1","1","95","292","501","453","562","214","215","217","217","2","0","0","1","-11","-19","-14","-18","598","640","544","598"
"41.650","227","0","0","0","-0","2375","0.4370","1","1.0170","215","10","-0","7665","4","42","7","20","5","5","16","19","10","1","100","65","4","0","0","1","1","1","1","95","295","494","468","582","215","216","218","218","2","0","0","1","-11","-19","-14","-18","600","636","545","597"
"41.700","227","-0","0","-0","-0","2378","0.4490","1","1.0250","216","10","-0","7698","4","42","7","20","5","5","15","18","11","1","100","65","4","0","0","1","1","1","1","95","291","488","446","570","216","217","218","218","2","0","0","1","-11","-19","-14","-18","598","638","545","595"
"41.750","227","0","0","0","-0","2381","0.4710","1","1.0290","217","10","-0","7711","4","42","7","19","5","5","15","18","12","1","100","65","4","0","0","1","1","1","1","95","280","492","454","573","217","218","219","219","3","0","0","1","-10","-19","-14","-18","599","639","544","595"
"41.800","225","0","0","0","-0","2384","0.4290","1","1.1000","218","11","-0","7747","4","42","7","19","5","5","16","19","13","1","100","65","4","0","0","1","1","1","1","95","283","504","470","606","217","218","220","220","4","0","0","1","-10","-19","-14","-19","600","633","543","594"
"41.850","227","0","0","0","-0","2387","0.4220","1","1.1680","219","12","-0","7775","4","42","7","19","5","5","16","20","14","1","100","65","4","0","0","1","1","2","1","95","291","503","460","612","218","219","221","221","4","0","0","1","-11","-19","-14","-19","594","636","543","594"
"41.900","229","-0","0","-0","-0","2390","0.4360","1","1.2110","219","12","-0","7816","4","42","7","19","5","5","16","19","15","1","100","65","4","0","0","1","1","2","1","95","273","501","438","583","219","220","222","222","4","0","0","1","-10","-19","-13","-18","598","637","544","593"
"41.950","230","0","0","0","-0","2393","0.4410","1","1.2930","220","13","-0","7844","4","42","6","18","5","5","14","19","15","1","100","65","4","0","0","1","1","2","2","95","259","519","436","584","220","221","222","223","4","0","0","1","-9","-20","-13","-18","596","633","542","593"
"42.000","230","-0","-0","-0","-0","2396","0.4110","1","1.3400","221","13","-0","7868","4","42","6","18","5","5","15","20","15","1","100","65","4","0","0","1","1","2","2","95","275","545","455","620","220","222","223","223","4","0","0","1","-10","-21","-14","-20","595","636","542","593"
"42.050","231","0","0","0","-0","2399","0.4350","1","1.3900","222","13","-0","7890","4","42","6","18","5","5","16","20","14","1","100","65","4","0","0","1","1","2","2","95","299","561","457","649","221","223","224","224","4","0","0","1","-11","-22","-14","-21","594","634","541","593"
"42.100","233","-0","0","-0","-0","2402","0.4080","1","1.3910","223","12","-0","7894","4","42","6","18","5","5","16","20","13","1","100","65","4","0","0","1","1","2","2","95","300","551","448","636","222","223","225","225","3","0","0","1","-11","-21","-14","-20","592","634","541","593"
"42.150","236","-0","0","-0","-0","2405","0.3950","1","1.3460","223","12","-0","7924","4","42","5","18","5","5","16","20","13","1","100","65","4","0","0","1","1","2","2","95","261","517","435","610","223","224","226","226","3","0","0","1","-9","-20","-13","-19","595","630","539","591"
"42.200","239","-0","0","-0","-0","2408","0.3490","1","1.3310","224","12","-0","7966","4","42","5","17","5","5","15","19","14","1","100","65","4","0","0","1","1","2","2","95","252","498","422","595","223","224","226","226","3","0","0","1","-9","-19","-13","-19","595","632","541","591"
"42.250","240","0","0","0","-0","2411","0.4130","1","1.3040","225","13","-0","8001","4","42","5","16","5","5","15","19","13","1","100","65","4","0","0","1","1","2","2","95","288","540","442","599","224","225","227","227","3","0","0","1","-10","-21","-13","-19","594","632","539","591"
"42.300","240","0","0","0","-0","2414","0.4090","1","1.2890","226","12","-0","7988","4","42","5","17","5","5","16","21","11","1","100","65","4","0","0","1","1","2","1","95","297","553","499","656","225","226","228","227","2","0","0","1","-11","-21","-15","-21","593","634","539","592"
"42.350","238","1","0","1","-0","2418","0.3300","1","1.2360","226","10","-0","8025","4","42","5","16","5","5","19","22","11","1","100","65","4","0","0","1","1","2","1","95","285","520","514","666","225","226","228","228","3","0","0","1","-10","-20","-16","-21","589","632","541","590"
"42.400","238","-0","0","-0","-0","2421","0.3910","1","1.2130","226","10","-0","8058","4","42","5","16","5","5","17","20","12","1","100","65","4","0","0","1","1","2","1","95","288","529","459","603","226","227","229","229","4","0","0","1","-10","-20","-14","-19","592","632","542","589"
"42.450","238","-0","0","-0","-0","2424","0.3910","1","1.2440","227","12","-0","8075","4","42","5","15","5","5","16","19","15","1","100","65","4","0","0","1","1","2","1","95","279","532","441","600","227","228","230","229","5","0","0","1","-10","-21","-13","-19","591","633","539","588"
"42.500","238","1","0","1","-0","2427","0.3640","1","1.3060","228","13","-0","8098","4","43","5","16","5","5","16","20","16","1","100","65","4","0","0","1","1","2","1","95","262","541","461","645","227","228","230","230","5","0","0","1","-9","-21","-14","-20","590","631","539","589"
"42.550","237","0","0","0","-0","2430","0.3640","1","1.3960","229","14","-0","8143","4","43","5","17","5","6","17","21","15","1","100","65","4","0","0","1","1","2","2","95","307","560","479","667","228","229","231","231","5","0","0","1","-11","-22","-15","-21","588","631","539","589"
"42.600","236","-0","0","0","-0","2433","0.3660","1","1.4280","229","13","-1","8134","4","43","5","17","5","5","17","22","15","1","100","65","4","0","0","1","1","2","2","95","314","554","482","653","229","230","231","231","4","0","0","1","-11","-21","-15","-21","587","630","539","588"
"42.650","235","-0","0","-0","-0","2437","0.3440","1","1.4350","230","13","-0","8182","4","43","5","16","5","5","16","21","15","1","100","65","4","0","0","1","1","2","2","95","282","547","449","611","229","230","232","232","5","0","0","1","-10","-21","-14","-19","589","627","538","588"
"42.700","235","0","0","0","-0","2440","0.4020","2","1.4410","230","13","-0","8199","4","43","5","16","5","5","15","20","15","1","100","65","4","0","0","1","1","2","2","95","284","557","434","605","230","231","233","233","4","0","0","1","-10","-22","-13","-19","588","630","537","587"
"42.750","234","0","0","0","-0","2443","0.3630","2","1.4670","231","13","-0","8234","4","43","5","16","5","5","16","21","15","1","100","65","4","0","0","1","1","2","2","95","272","567","458","643","230","232","233","233","4","0","0","1","-10","-22","-14","-20","585","628","538","586"
"42.800","234","0","0","0","-0","2446","0.3570","2","1.4740","232","13","-0","8237","4","43","5","16","5","5","17","21","15","1","100","65","4","0","0","1","1","2","2","95","275","567","474","651","231","232","234","234","4","0","0","1","-10","-22","-14","-21","587","627","538","587"
"42.850","232","0","0","0","-0","2449","0.3810","2","1.4460","232","13","-0","8270","4","43","5","16","5","6","16","21","14","1","100","65","4","0","0","1","1","2","2","95","296","569","468","638","232","233","234","234","5","0","0","1","-11","-22","-14","-20","585","627","537","586"
"42.900","232","-0","0","-0","-0","2453","0.3630","1","1.4090","233","12","-0","8250","4","43","5","16","5","5","16","21","14","1","100","65","4","0","0","1","1","2","2","95","267","548","456","632","232","234","235","235","5","0","0","1","-9","-21","-14","-20","583","627","538","587"
"42.950","232","-0","0","0","-0","2456","0.3490","1","1.3860","234","12","-0","8302","4","43","5","17","5","5","16","20","14","1","100","65","4","0","0","1","1","2","2","95","244","519","433","610","233","234","236","236","5","0","0","1","-9","-20","-13","-19","585","626","535","586"
"43.000","231","0","0","0","-0","2459","0.4050","1","1.3740","234","13","-1","8329","4","43","5","17","5","5","14","19","13","1","100","65","4","0","0","1","1","2","2","95","261","524","422","595","234","235","237","237","3","0","0","1","-9","-20","-13","-19","582","627","536","586"
"43.050","228","1","0","1","-0","2462","0.3820","1","1.3370","235","12","-0","8342","4","43","4","18","5","5","15","20","11","1","100","65","4","0","0","1","1","2","2","95","264","531","450","614","234","236","237","237","2","0","0","1","-9","-20","-14","-19","584","624","535","588"
"43.100","228","7","4","10","-0","2466","0.2490","1","1.2790","235","10","-0","8375","4","43","3","19","5","5","16","20","9","1","94","65","4","1","0","0","0","2","1","95","271","533","475","623","234","236","238","238","1","0","0","0","-10","-20","-14","-20","581","626","536","583"
"43.150","226","35","22","57","-0","2469","-0.4410","1","1.1340","234","8","-0","8217","4","43","1","21","5","6","16","19","6","0","0","65","4","0","0","-0","-0","1","1","95","314","579","427","554","232","235","236","236","-1","-0","0","-0","-11","-22","-13","-17","592","629","534","583"
"43.200","226","56","35","91","-0","2472","-2.0270","2","0.9080","231","6","-0","7399","4","43","1","23","5","6","14","17","3","0","0","65","4","-1","-0","-1","-1","1","1","95","417","613","376","457","229","232","222","224","-1","-0","-1","-1","-16","-24","-11","-14","615","644","542","589"
"43.250","222","71","43","113","-0","2475","-2.6300","3","0.6760","227","3","-0","8051","4","43","-1","26","6","6","13","15","3","0","0","65","4","-1","-1","-1","-1","1","1","95","481","597","353","388","226","227","227","229","-0","-0","-1","-1","-19","-23","-10","-12","648","694","564","616"
"43.300","222","74","45","119","-0","2478","-2.5750","3","0.5390","222","3","-0","7339","4","43","-1","29","6","6","12","14","3","0","0","65","4","-1","-1","-1","-1","1","1","95","464","559","321","360","220","222","217","218","1","0","-1","-1","-18","-22","-9","-11","702","727","594","646"
"43.350","216","81","49","130","-0","2482","-2.6790","3","0.4100","217","3","-0","7431","4","43","-2","32","6","6","11","12","3","0","0","65","4","-1","-1","-1","-1","1","1","95","476","559","295","326","215","217","213","216","1","0","-1","-1","-19","-22","-9","-10","732","757","632","681"
"43.400","216","82","50","133","-0","2484","-2.6850","3","0.3200","213","2","-0","7332","4","43","-2","33","6","6","10","10","2","0","0","65","4","-1","-1","-1","-1","1","0","95","483","553","293","312","212","213","206","206","1","0","-1","-1","-19","-22","-9","-9","754","779","650","695"
"43.450","215","82","51","133","-0","2487","-2.7000","3","0.3880","207","3","-0","7039","4","43","-1","34","6","6","9","10","5","0","0","65","4","-1","-1","-1","-1","1","1","95","472","542","263","316","206","207","203","203","2","0","-1","-1","-19","-21","-8","-9","772","803","676","718"
"43.500","213","81","50","130","-0","2490","-2.5730","3","0.5280","203","6","-0","6866","4","44","-2","34","6","6","8","9","10","1","0","65","4","-1","-1","-1","-1","1","1","95","451","569","254","328","202","203","196","199","3","0","-1","-1","-18","-22","-7","-10","778","809","690","728"
"43.550","204","79","47","125","-0","2493","-2.6250","3","0.6760","198","10","-0","6904","4","44","-1","33","5","6","8","11","13","1","0","65","4","-1","-1","-1","-1","1","1","95","429","584","270","354","196","198","194","196","2","0","-1","-1","-17","-23","-8","-11","802","820","708","742"
"43.600","198","77","46","123","-0","2496","-2.3950","2","0.7340","194","12","-0","6631","4","44","-2","33","5","6","8","11","11","1","0","65","4","-1","-1","-1","-1","1","1","95","405","569","280","367","192","195","190","191","0","0","-1","-1","-16","-22","-8","-11","809","825","714","752"
"43.650","190","72","44","116","-0","2498","-2.3840","3","0.7740","190","10","-0","6530","4","44","-2","33","5","5","9","13","9","1","0","65","4","-1","-1","-1","-1","1","1","95","388","536","283","363","187","190","187","188","0","0","-1","-1","-15","-21","-8","-11","816","834","721","761"
"43.700","186","70","42","112","-0","2501","-2.1750","2","0.9060","186","9","-0","6360","4","44","-2","32","5","6","8","11","13","1","0","65","4","-1","-1","-1","-1","2","1","95","369","534","258","353","183","186","182","184","3","0","-1","-1","-14","-21","-8","-11","817","831","725","764"
"43.750","182","67","39","106","-0","2504","-2.1610","2","1.1340","182","15","-0","6251","4","44","-2","31","5","5","7","10","24","1","0","65","4","-1","-1","-1","-1","2","2","95","342","559","213","364","179","182","178","180","6","0","-1","-1","-13","-22","-6","-11","828","838","728","772"
"43.800","178","59","36","95","-0","2506","-1.9550","2","1.5050","179","22","-0","6158","4","44","-1","31","5","6","5","11","30","2","0","65","4","-1","-1","-1","-1","2","2","95","290","594","200","396","174","180","172","176","4","0","-1","-1","-11","-24","-6","-13","827","838","732","775"
"43.850","172","54","31","84","-0","2509","-1.8820","3","1.8010","175","31","-0","6038","4","44","1","32","5","6","6","13","32","2","3","65","4","-2","-1","-1","-1","3","3","95","202","663","230","399","166","177","171","174","-1","-0","-1","-1","-8","-27","-7","-13","826","839","733","773"
"43.900","168","48","28","77","-0","2511","-1.5170","2","1.9520","173","31","-1","5777","4","44","3","33","5","6","7","12","30","2","2","65","4","-2","-0","-1","-1","3","3","95","146","675","251","393","149","175","169","173","-3","-0","-1","-1","-5","-27","-8","-13","824","829","734","777"
"43.950","165","40","22","62","-0","2513","-1.4220","2","1.8520","170","22","-0","7974","3","44","5","35","4","5","6","12","22","1","0","67","4","-2","-0","-1","-1","3","3","95","122","619","233","401","134","171","166","170","-2","-0","-1","-1","-4","-25","-7","-13","818","822","730","778"
"44.000","161","35","19","54","-0","2516","-0.9150","2","1.6540","168","15","-0","6652","3","44","7","37","4","5","5","10","17","1","0","69","4","-2","-0","-1","-1","3","3","95","130","538","204","340","116","169","167","168","2","0","-1","-1","-4","-21","-6","-11","813","807","724","772"
"44.050","158","32","19","51","-0","2518","-1.4930","2","1.5420","165","16","-1","7221","3","44","8","40","4","5","3","6","27","2","0","72","4","-1","-0","-1","-1","4","3","95","168","510","170","280","111","166","159","160","6","0","-1","-1","-6","-20","-5","-9","805","787","721","771"
"44.100","156","35","20","55","-0","2520","-1.1530","2","1.6800","163","21","-0","6786","3","44","9","42","4","5","1","6","41","2","0","74","4","-2","-0","-1","-1","4","3","95","154","547","158","322","118","164","159","163","11","1","-1","-1","-6","-22","-5","-10","800","794","715","766"
"44.150","158","28","16","43","-0","2523","-1.2690","2","1.9280","161","27","-0","6971","3","44","10","44","4","5","1","8","50","3","0","76","4","-2","-0","-1","-1","4","4","95","107","557","157","362","114","162","156","158","13","1","-1","-1","-4","-22","-5","-12","798","783","710","762"
"44.200","159","24","14","38","-0","2525","-0.8980","2","1.9840","159","29","-0","6687","3","44","10","45","4","5","1","8","50","3","0","78","4","-2","-0","-1","-1","5","4","95","93","543","139","349","103","160","155","161","12","1","-1","-1","-3","-22","-4","-11","791","768","706","758"
"44.250","155","20","10","30","-0","2527","-0.9860","2","2.0270","157","34","-0","6751","3","44","10","45","4","5","-1","7","53","3","0","81","4","-2","-0","-1","-1","5","4","95","86","517","118","347","98","158","152","155","10","1","-1","-1","-3","-21","-3","-11","784","765","703","756"
"44.300","153","15","8","23","-0","2529","-0.7690","2","2.1090","155","36","-0","6583","3","44","10","44","4","5","-2","7","58","3","0","83","4","-2","-0","-0","-0","5","4","95","71","522","104","380","94","157","150","156","10","1","-0","-0","-2","-21","-3","-12","775","762","697","750"
"44.350","150","8","4","12","-0","2532","-0.7110","2","2.3220","154","38","-0","6635","3","44","10","43","4","5","-2","9","64","4","0","85","4","-2","-0","-0","-0","5","4","95","71","545","113","413","90","156","150","154","12","1","-0","-0","-2","-22","-3","-13","765","752","690","748"
"44.400","148","5","3","8","-0","2534","-0.6370","3","2.5020","153","38","-0","6572","3","44","10","42","4","5","-1","10","66","4","0","87","4","-1","-0","-0","-0","5","4","95","74","561","123","464","92","155","150","153","14","1","-0","-0","-2","-22","-3","-15","756","748","686","741"
"44.450","146","3","1","4","-0","2536","-0.5360","3","2.5300","152","36","-0","6523","3","44","10","41","4","5","-0","13","68","4","0","89","4","0","0","-0","-0","6","4","95","56","566","143","513","104","154","149","153","17","1","0","-0","-2","-23","-4","-17","748","743","678","733"
"44.500","145","2","1","3","-0","2538","-0.5260","3","2.6370","151","34","-0","6506","3","45","10","39","4","5","1","13","69","4","8","91","4","0","0","-0","-0","6","5","95","56","571","143","506","111","152","149","152","20","1","0","-0","-2","-23","-4","-17","739","742","675","729"
"44.550","145","2","-0","1","-0","2540","-0.4880","3","2.7150","150","34","-0","6475","3","45","10","38","4","5","0","13","72","4","14","92","4","0","0","-0","-0","6","5","95","59","597","144","508","126","151","148","149","22","2","0","-0","-2","-24","-4","-17","732","740","668","719"
"44.600","144","0","0","0","-0","2542","-0.3720","3","2.6580","149","34","-0","6475","3","45","10","37","4","5","1","13","74","4","14","92","4","0","0","-0","-0","7","5","95","37","585","160","512","136","150","147","151","25","2","0","-0","-1","-23","-5","-17","737","735","661","714"
"44.650","142","1","0","2","-0","2544","-0.4220","3","2.6720","148","31","-0","6566","3","45","10","36","4","5","2","14","85","5","10","92","4","0","0","-0","-0","7","5","95","27","579","170","500","139","149","146","148","30","2","0","-0","-0","-23","-5","-16","723","731","655","709"
"44.700","140","2","1","2","-0","2546","-0.2060","3","2.7520","147","33","-0","6682","3","45","10","36","4","5","2","12","90","5","6","92","4","0","0","-0","-0","8","5","95","39","602","168","487","140","148","148","151","34","3","0","-0","-1","-24","-5","-16","724","728","654","703"
"44.750","136","1","0","2","-0","2548","-0.2170","3","2.6970","146","35","-0","6053","3","45","9","36","4","5","2","13","93","5","8","92","4","0","0","-0","-0","7","5","95","36","567","178","522","141","148","145","147","35","3","0","-0","-1","-23","-5","-17","718","727","651","698"
"44.800","134","1","-0","1","-0","2550","-0.4860","3","2.7120","145","33","-0","6188","3","45","10","36","4","5","3","15","94","5","28","92","4","0","0","-0","-0","7","5","95","54","563","166","534","140","147","142","144","35","3","0","-0","-2","-23","-5","-18","719","725","649","699"
"44.850","130","1","1","2","-0","2552","-0.3180","3","2.8020","144","38","-0","6681","3","45","10","35","4","5","1","14","88","5","40","92","4","0","0","-0","-0","7","5","95","82","593","149","531","141","146","143","148","30","2","0","-0","-3","-24","-4","-18","716","721","642","692"
"44.900","127","1","-0","0","-0","2554","-0.2250","3","2.6750","144","40","-0","6044","3","45","10","35","4","5","2","15","87","5","42","92","4","0","0","-0","-0","7","4","95","56","556","163","537","141","146","143","146","27","2","0","-0","-2","-22","-5","-17","712","727","638","689"
"44.950","128","1","-0","0","-0","2556","-0.0810","3","2.6080","143","37","-0","6342","3","45","10","35","3","5","2","14","92","5","54","92","4","0","0","0","0","7","4","95","41","542","172","533","140","145","145","148","28","2","0","0","-1","-21","-5","-17","709","725","635","687"
"45.000","129","0","0","0","-0","2558","0.1820","3","2.6820","143","38","-0","6415","3","45","10","34","4","5","2","15","91","5","58","92","4","0","0","0","0","7","4","95","47","569","175","550","139","145","147","147","28","2","0","0","-1","-22","-5","-18","709","720","635","687"
"45.050","134","0","-0","-0","-0","2560","0.1710","3","2.6930","143","39","-0","6359","3","45","11","34","4","5","3","15","88","5","63","92","4","0","0","0","0","6","4","95","44","560","186","564","140","145","146","146","27","2","0","0","-1","-22","-6","-18","704","722","634","685"
"45.100","133","-0","-0","-0","-0","2562","0.1940","3","2.6370","143","37","-0","6395","3","45","11","34","4","5","3","16","89","5","68","92","4","0","0","0","0","7","4","95","44","537","191","569","140","145","147","147","28","2","0","0","-1","-21","-6","-18","699","718","630","681"
"45.150","133","0","0","0","-0","2564","0.2760","3","2.6480","143","36","-1","6375","3","45","11","33","4","5","3","16","88","5","67","92","4","0","0","0","0","7","4","95","51","526","184","567","140","145","147","147","29","2","0","0","-1","-21","-6","-18","700","716","628","677"
"45.200","132","0","-0","0","-0","2566","0.2510","3","2.6530","143","37","-0","6416","3","45","12","33","4","5","3","16","87","5","65","92","4","0","0","1","1","6","4","95","60","528","173","568","140","145","147","147","27","2","0","1","-2","-21","-5","-18","695","711","627","677"
"45.250","130","-0","0","-0","-0","2568","0.2610","3","2.6410","144","39","-0","6405","3","45","11","33","4","5","3","16","86","5","65","92","4","0","0","0","0","6","4","95","62","521","176","582","140","145","148","148","25","2","0","0","-2","-20","-5","-19","691","712","624","675"
"45.300","132","0","0","0","-0","2570","0.2660","3","2.6900","144","40","-0","6452","3","45","11","33","4","5","3","16","85","5","64","92","4","0","0","0","0","6","4","95","65","520","175","590","140","146","148","148","23","2","0","0","-2","-20","-5","-19","694","713","623","673"
"45.350","134","1","0","1","-0","2572","0.2840","3","2.7200","144","41","-0","6456","3","45","12","34","4","5","3","16","82","5","63","92","4","0","0","1","1","6","4","95","66","531","173","594","140","146","149","149","21","2","0","1","-2","-21","-5","-19","690","710","621","670"
"45.400","138","0","0","0","-0","2575","0.3060","3","2.7000","144","41","-0","6461","3","45","12","34","4","5","3","17","79","5","62","92","4","0","0","1","1","6","4","95","66","520","173","602","141","146","149","149","17","1","0","1","-2","-20","-5","-19","693","714","621","670"
"45.450","138","0","0","0","-0","2577","0.3060","3","2.6480","144","41","-0","6518","3","45","12","34","3","4","3","17","68","4","61","92","4","0","0","1","1","5","4","95","69","504","162","590","141","146","150","150","11","1","0","1","-2","-20","-5","-19","688","711","617","667"
"45.500","138","0","-0","-0","-0","2579","0.3690","3","2.5980","145","41","-1","6534","3","46","13","35","3","4","3","16","57","3","62","92","4","0","0","1","1","5","4","97","64","494","159","578","141","147","150","150","2","0","0","1","-2","-19","-5","-19","686","709","616","666"
"45.550","136","0","0","0","-0","2581","0.3990","3","2.5070","145","39","-0","6583","3","46","14","35","3","4","2","16","38","2","60","92","4","0","0","1","1","4","5","99","53","468","160","569","142","147","151","151","-8","-1","0","1","-1","-18","-5","-18","684","708","614","665"
"45.600","136","1","-0","1","-0","2583","0.4430","2","2.3820","145","37","-0","6608","3","46","14","36","3","4","2","15","26","2","60","92","4","0","0","1","1","4","5","101","51","452","158","552","142","147","152","152","-15","-1","0","1","-1","-18","-5","-18","684","706","615","664"
"45.650","135","1","0","1","-0","2585","0.5040","2","2.2730","146","33","-0","6650","3","46","15","36","3","4","2","15","16","1","57","92","4","0","0","1","1","4","6","103","53","440","162","539","143","148","153","152","-18","-1","0","1","-1","-17","-5","-17","683","702","613","663"
"45.700","135","0","-0","0","-0","2587","0.5050","2","2.2380","146","29","-0","6621","3","46","16","37","3","4","2","15","17","1","59","92","4","0","0","1","1","4","6","105","45","426","160","540","143","148","153","153","-16","-1","0","1","-1","-16","-5","-17","678","701","611","663"
"45.750","136","0","-0","0","-0","2589","0.4820","2","2.2270","147","26","-0","6680","3","46","17","38","3","4","1","14","18","1","60","92","4","0","0","1","1","5","6","107","49","411","146","525","144","148","153","153","-13","-1","0","1","-1","-16","-4","-17","679","700","609","659"
"45.800","139","-0","-0","-0","-0","2591","0.5650","2","2.1070","147","25","-0","6685","3","46","17","38","3","3","1","13","16","1","62","92","4","0","0","1","1","5","5","109","60","375","138","507","145","149","154","154","-11","-1","0","1","-2","-14","-4","-16","672","705","609","659"
"45.850","140","-0","-0","-0","-0","2593","0.5110","2","2.0350","148","23","-0","6757","3","46","18","38","2","3","0","13","24","1","78","92","4","0","0","1","1","4","5","111","59","359","134","504","146","149","154","154","-8","-1","0","1","-2","-14","-4","-16","674","701","610","661"
"45.900","139","-0","-0","-0","-0","2595","0.6090","2","2.0800","149","26","-0","6798","3","46","19","38","2","3","-0","12","27","2","94","92","4","0","0","1","1","4","5","112","66","376","126","493","146","150","157","156","-8","-1","0","1","-2","-14","-4","-16","674","703","604","659"
"45.950","138","-0","-0","-0","-0","2597","0.7050","2","2.0160","150","29","-0","7090","3","46","19","39","2","3","1","13","21","1","100","92","4","0","0","1","1","4","5","114","46","364","167","516","147","151","159","159","-11","-1","0","1","-1","-14","-5","-16","668","704","606","657"
"46.000","140","-0","0","-0","-0","2599","0.7770","2","1.8800","151","25","-0","6955","3","46","19","39","2","2","3","14","15","1","100","92","4","0","0","1","1","4","5","118","18","354","192","524","147","152","158","158","-13","-1","0","1","0","-13","-6","-17","670","701","604","655"
"46.050","143","-0","0","-0","-0","2601","0.7570","2","1.8200","152","21","-0","7053","3","46","19","37","2","3","2","12","9","1","100","92","4","0","0","1","1","4","5","120","26","364","189","467","147","153","160","160","-13","-1","0","1","-0","-14","-6","-15","666","703","604","654"
"46.100","145","0","0","0","-0","2603","0.8720","2","1.8840","153","21","-0","7002","3","46","19","36","2","3","3","11","12","1","100","92","4","0","0","1","1","4","5","124","44","377","201","461","149","154","162","162","-11","-1","0","1","-1","-14","-6","-14","668","699","603","653"
"46.150","146","-0","0","-0","-0","2606","0.8560","2","1.9950","155","20","-0","7053","3","46","18","36","2","3","3","13","23","1","100","92","4","0","0","1","1","4","4","127","39","408","213","532","152","156","162","162","-4","-0","0","1","-1","-16","-6","-17","667","698","603","653"
"46.200","148","0","0","0","-0","2608","0.8170","2","2.1090","156","18","-0","6959","3","46","17","35","2","3","5","15","28","2","100","92","4","0","0","1","1","4","4","128","38","424","231","566","152","157","161","161","2","0","0","1","-1","-16","-7","-18","666","697","599","651"
"46.250","149","-0","0","-0","-0","2610","0.7930","2","2.0960","157","18","-0","7030","3","46","17","34","2","3","5","15","29","2","100","92","4","0","0","1","1","5","4","128","62","424","237","547","154","158","162","162","5","0","0","1","-2","-16","-7","-17","661","696","599","651"
"46.300","152","0","0","0","-0","2612","0.7890","2","1.8620","158","18","-0","7102","3","46","17","33","3","3","5","15","29","2","100","92","4","0","0","1","1","4","4","128","76","397","239","522","156","159","163","163","6","0","0","1","-2","-15","-7","-16","664","689","599","649"
"46.350","152","0","0","0","-0","2614","0.7690","2","1.6960","160","19","-0","7153","3","46","16","34","2","3","5","14","33","2","100","92","4","0","0","1","1","4","3","128","81","350","228","507","157","160","164","164","8","1","0","1","-2","-13","-7","-16","659","694","599","648"
"46.400","153","0","-0","0","-0","2617","0.7580","2","1.6220","161","20","-0","7244","3","46","15","33","2","3","4","14","36","2","100","92","4","0","0","1","1","4","3","128","94","309","212","510","159","162","166","166","9","1","0","1","-3","-11","-6","-16","660","692","595","648"
"46.450","153","-0","0","-0","-0","2619","0.7560","2","1.5320","162","21","-0","7322","3","46","16","31","2","3","4","14","38","2","100","92","4","0","0","1","1","4","3","128","145","269","208","522","161","164","168","168","9","1","0","1","-5","-10","-6","-16","656","692","598","646"
"46.500","154","-0","0","0","-0","2621","0.7340","2","1.3580","164","22","-0","7411","3","47","23","33","2","3","3","15","32","2","100","92","4","0","0","1","1","3","2","128","173","362","243","483","162","165","170","170","5","0","0","1","-6","-14","-7","-15","661","686","594","647"
"46.550","156","0","0","0","-0","2623","0.9960","2","1.4300","166","19","-0","7447","3","47","24","36","4","5","9","14","18","1","100","92","4","0","0","1","1","2","2","129","150","447","375","554","164","167","172","172","1","0","0","1","-5","-17","-12","-17","654","690","594","645"
"46.600","159","-0","0","-0","-0","2626","0.6400","2","1.4100","166","10","-0","7356","3","47","27","34","2","3","15","22","15","1","100","92","4","0","0","1","1","2","2","129","113","395","401","594","164","167","170","170","2","0","0","1","-4","-15","-13","-19","654","690","593","645"
"46.650","160","0","0","0","-0","2628","0.8500","2","1.3290","167","8","-0","7613","3","47","30","32","5","6","8","9","9","1","100","92","4","0","0","1","1","2","2","129","210","479","346","427","165","167","172","172","-0","-0","0","1","-8","-18","-11","-13","655","690","594","646"
"46.700","159","-0","0","0","-0","2630","1.0780","2","1.0690","169","9","-0","7536","3","47","30","34","3","4","14","14","-3","-0","100","92","4","0","0","1","1","2","2","130","240","398","476","540","169","170","177","177","-9","-1","0","1","-9","-15","-15","-17","651","688","594","645"
"46.750","158","1","0","1","-0","2633","0.4050","1","0.3930","169","-4","-0","7623","3","47","32","40","1","1","20","25","-21","-1","100","92","4","0","0","1","1","1","1","130","220","215","518","644","169","169","172","172","-7","-0","0","1","-8","-8","-17","-20","651","687","592","643"
"46.800","160","0","0","0","0","2635","1.0250","1","-0.3580","171","-14","-0","7671","3","47","25","39","5","5","12","11","-32","-2","100","92","4","0","0","1","1","-1","-1","130","412","237","415","458","172","170","175","175","6","0","0","1","-16","-8","-13","-14","650","687","591","643"
"46.850","160","0","0","0","0","2637","0.8770","1","-0.8380","172","-21","-0","7623","3","47","21","33","3","3","13","10","-45","-3","100","92","4","0","0","1","1","-2","-1","130","408","143","454","368","174","171","178","178","17","1","0","1","-16","-5","-14","-11","652","684","591","643"
"46.900","160","1","0","1","0","2640","0.5830","1","-1.0260","173","-20","-1","7701","3","47","18","32","2","1","15","10","-49","-3","100","92","4","0","0","1","1","-3","-2","130","310","34","489","312","174","170","178","178","18","1","0","1","-12","-0","-15","-9","652","688","593","641"
"46.950","161","0","0","0","0","2642","0.8350","2","-1.5910","174","-26","-0","7940","3","47","15","34","5","4","14","7","-37","-2","100","92","4","0","0","1","1","-3","-3","130","367","160","537","263","176","171","182","182","11","1","0","1","-14","-6","-17","-8","649","679","592","641"
"47.000","161","0","0","0","0","2645","0.8030","2","-1.6150","176","-26","-0","7950","3","47","16","33","4","3","22","10","-24","-1","100","92","4","0","0","1","1","-2","-2","133","363","199","692","339","178","176","183","184","3","0","0","1","-14","-7","-22","-10","650","680","591","642"
"47.050","162","-0","0","0","0","2647","0.5120","1","-1.3030","177","-16","-0","7923","3","47","13","30","3","2","21","11","-23","-1","100","92","4","0","0","1","1","-2","-2","133","363","103","600","290","177","175","181","181","3","0","0","1","-14","-3","-19","-9","644","682","591","642"
"47.100","161","-0","0","-0","0","2650","0.7540","2","-1.4990","178","-21","-0","8327","3","47","14","28","4","3","9","1","-26","-1","100","92","4","0","0","2","2","-3","-3","134","406","142","412","165","178","176","187","187","1","0","0","2","-16","-5","-13","-4","646","680","590","639"
"47.150","162","1","0","1","0","2652","0.9490","2","-1.6930","179","-31","-0","8325","3","47","16","29","3","2","11","2","-30","-2","100","92","4","0","0","1","1","-3","-3","138","366","110","513","213","180","177","193","193","-3","-0","0","1","-14","-3","-16","-6","646","683","588","638"
"47.200","163","1","0","1","0","2655","0.6390","2","-1.8460","180","-28","-0","8192","3","47","16","31","3","2","19","5","-31","-2","100","92","4","0","0","1","1","-3","-3","141","392","26","653","249","181","176","185","185","-1","-0","0","1","-15","0","-21","-7","642","681","587","637"
"47.250","165","0","0","0","0","2657","0.8000","2","-2.2900","181","-24","-0","8141","3","47","16","30","4","3","18","6","-22","-1","100","92","4","0","0","1","1","-3","-4","141","494","51","636","264","183","176","188","188","-2","-0","0","1","-19","-1","-20","-8","645","679","586","637"
"47.300","165","0","0","0","0","2660","0.7940","2","-2.2750","182","-22","-0","8167","3","47","15","28","4","3","18","7","-16","-1","100","92","4","0","0","1","1","-4","-4","141","526","78","607","283","183","180","188","188","-4","-0","0","1","-21","-2","-19","-8","644","680","587","637"
"47.350","165","0","0","0","0","2662","0.7110","2","-1.9970","184","-15","-0","7855","3","47","13","29","4","3","18","7","-18","-1","100","92","4","0","0","1","1","-4","-3","141","486","73","578","262","184","181","188","189","0","0","0","1","-19","-2","-18","-8","644","676","587","635"
"47.400","163","0","0","1","0","2665","-0.2240","2","-1.9980","184","-11","-0","6620","3","47","13","30","4","3","16","6","-22","-1","100","92","4","0","0","0","0","-4","-4","141","490","97","517","227","184","182","179","181","7","0","0","0","-19","-3","-16","-6","644","674","586","635"
"47.450","162","0","0","0","0","2667","-0.1700","2","-1.8910","183","-14","-0","7102","4","47","13","31","5","4","14","4","-24","-1","100","92","4","0","0","0","0","-4","-3","141","516","136","486","234","184","182","184","182","9","1","0","0","-20","-4","-15","-7","637","677","587","633"
"47.500","163","-0","-0","-0","0","2670","0.7200","2","-1.6660","183","-16","-0","6220","4","48","13","31","4","3","14","6","-26","-2","100","92","4","0","0","1","1","-4","-3","143","440","113","510","277","184","182","192","191","9","1","0","1","-17","-4","-16","-8","638","676","585","633"
"47.550","164","-0","0","-0","0","2672","0.5970","2","-1.5830","184","-16","-0","6461","4","48","13","31","4","3","15","7","-29","-2","100","92","4","0","0","1","1","-3","-3","143","404","101","532","284","184","182","191","190","10","1","0","1","-16","-3","-17","-8","640","676","583","635"
"47.600","167","0","-0","0","0","2675","0.6550","2","-1.6780","185","-18","-0","6658","4","48","13","30","4","3","15","7","-27","-2","100","92","4","0","0","1","1","-3","-3","143","448","129","544","284","186","184","190","190","8","0","0","1","-17","-4","-17","-8","640","677","585","635"
"47.650","170","0","0","0","0","2678","0.5790","2","-1.6210","186","-19","-0","6716","4","48","14","29","4","3","17","8","-24","-1","100","92","4","0","0","1","1","-3","-2","143","446","123","561","297","187","185","190","190","6","0","0","1","-17","-4","-18","-9","639","672","582","632"
"47.700","174","0","0","0","0","2680","0.5580","2","-1.6000","187","-17","-0","6715","4","48","13","29","4","3","16","8","-24","-1","100","92","4","0","0","1","1","-3","-3","143","436","116","536","288","188","185","190","190","6","0","0","1","-17","-4","-17","-8","638","673","581","632"
"47.750","173","0","0","0","0","2683","0.6310","2","-1.6320","188","-18","-0","6763","4","48","13","28","4","3","15","7","-24","-1","100","92","4","0","0","1","1","-3","-3","143","450","125","525","282","188","186","191","191","6","0","0","1","-17","-4","-16","-8","638","673","581","631"
"47.800","174","0","0","0","0","2685","0.5900","2","-1.6330","188","-18","-0","6755","4","48","13","28","4","3","16","7","-24","-1","100","92","4","0","0","1","1","-3","-3","143","449","122","554","298","189","187","192","192","5","0","0","1","-17","-4","-17","-9","634","674","581","631"
"47.850","172","0","0","0","0","2688","0.5990","2","-1.6420","189","-16","-0","6785","4","48","13","28","4","3","17","8","-23","-1","100","92","4","0","0","1","1","-3","-2","143","465","121","560","309","190","188","193","193","6","0","0","1","-18","-4","-18","-9","636","667","581","630"
"47.900","173","0","0","0","0","2691","0.5900","2","-1.6440","190","-16","-0","6810","4","48","13","28","4","4","17","8","-23","-1","100","92","4","0","0","1","1","-3","-2","143","473","126","553","314","191","189","194","194","6","0","0","1","-18","-4","-17","-9","636","667","579","630"
"47.950","174","0","0","0","0","2693","0.5460","2","-1.5700","191","-16","-0","6842","4","48","13","28","4","4","16","8","-23","-1","100","92","4","0","0","1","1","-3","-2","143","448","119","543","314","192","190","194","194","7","0","0","1","-17","-4","-17","-9","635","670","580","630"
"48.000","175","-0","0","-0","0","2696","0.5430","2","-1.5230","192","-15","-0","6870","4","48","13","28","4","3","16","8","-24","-1","100","92","4","0","0","1","1","-3","-2","143","438","116","513","298","192","190","195","195","7","0","0","1","-17","-4","-16","-9","635","670","580","629"
"48.050","179","0","0","0","0","2699","0.5730","2","-1.5410","192","-17","-0","6914","4","48","13","28","4","3","15","7","-23","-1","100","92","4","0","0","1","1","-3","-2","143","452","122","500","292","193","191","196","196","6","0","0","1","-17","-4","-15","-9","632","673","577","627"
"48.100","182","0","0","0","0","2701","0.5780","2","-1.5460","194","-17","-1","6914","4","48","13","28","4","4","15","8","-21","-1","100","92","4","0","0","1","1","-3","-2","143","462","127","539","313","194","192","197","197","4","0","0","1","-18","-4","-17","-9","632","672","577","627"
"48.150","183","0","0","0","0","2704","0.5030","2","-1.5120","194","-14","-0","6967","4","48","13","28","4","4","17","9","-18","-1","100","92","4","0","0","1","1","-2","-2","143","460","130","559","332","195","193","198","198","4","0","0","1","-18","-4","-17","-10","633","668","578","627"
"48.200","182","0","0","0","0","2707","0.5450","2","-1.4460","195","-13","-0","6998","4","48","13","27","4","4","16","9","-17","-1","100","92","4","0","0","1","1","-2","-2","143","454","141","527","328","196","194","198","198","4","0","0","1","-17","-5","-16","-10","632","668","577","626"
"48.250","182","0","0","0","0","2709","0.5680","1","-1.3530","196","-12","-0","7030","4","48","13","27","4","4","15","9","-16","-1","100","92","4","0","0","1","1","-2","-2","143","438","153","520","332","196","195","199","199","4","0","0","1","-17","-5","-16","-10","628","667","577","625"
"48.300","181","0","0","0","0","2712","0.5300","1","-1.2290","197","-12","-0","7024","4","48","14","27","4","4","16","10","-14","-1","100","92","4","0","0","1","1","-2","-2","143","437","163","530","357","197","196","200","200","3","0","0","1","-17","-5","-16","-11","630","668","578","625"
"48.350","183","0","0","0","0","2715","0.5630","1","-1.0590","198","-9","-0","7053","4","48","16","29","5","4","16","11","-11","-1","100","92","4","0","0","1","1","-2","-2","143","430","173","512","393","198","197","200","200","3","0","0","1","-16","-6","-16","-12","631","666","577","625"
"48.400","182","0","0","0","0","2718","0.5110","1","-0.9020","198","-7","-0","7100","4","48","17","30","4","4","16","12","-9","-1","100","92","4","0","0","1","1","-2","-1","143","381","181","482","391","198","198","201","201","3","0","0","1","-14","-6","-15","-12","630","666","576","625"
"48.450","183","0","0","0","0","2720","0.5680","1","-0.7700","199","-6","-1","7134","4","48","19","30","4","4","14","10","-8","-0","100","92","4","0","0","1","1","-1","-1","143","365","202","454","355","199","198","202","202","2","0","0","1","-14","-7","-14","-11","625","665","576","624"
"48.500","183","0","0","0","0","2723","0.6300","1","-0.6850","200","-7","-0","7159","4","49","18","32","4","4","14","10","-7","-0","100","92","4","0","0","1","1","-1","-1","143","370","212","472","385","200","199","203","203","2","0","0","1","-14","-7","-14","-12","628","666","575","621"
"48.550","184","0","0","0","0","2726","0.4680","1","-0.6530","201","-5","-0","7178","4","49","18","32","4","3","15","13","-9","-1","100","92","4","0","0","1","1","-1","-1","143","299","200","519","401","201","200","203","203","3","0","0","1","-11","-7","-16","-12","628","664","575","623"
"48.600","184","0","0","0","0","2729","0.4760","1","-0.5910","201","-4","-0","7239","4","49","18","31","3","3","16","10","-10","-1","100","92","4","0","0","1","1","-1","-1","143","326","248","465","327","202","201","204","204","4","0","0","1","-12","-9","-14","-10","628","663","575","622"
"48.650","186","0","0","0","0","2731","0.8220","1","-0.5190","203","-6","-0","7285","4","49","17","31","5","5","12","8","-4","-0","100","92","4","0","0","1","1","-1","-1","143","370","275","492","382","203","202","208","208","1","0","0","1","-14","-10","-15","-12","623","660","574","621"
"48.700","185","-0","0","-0","0","2734","0.3530","1","-0.4250","204","-3","-0","7276","4","49","16","30","3","3","20","16","-2","-0","100","92","4","0","0","1","1","-1","-1","143","294","248","548","456","204","203","205","205","-0","-0","0","1","-11","-9","-17","-14","620","665","574","621"
"48.750","187","0","0","0","0","2737","0.5620","1","-0.2970","204","0","-0","7315","4","49","14","29","4","4","15","13","-2","-0","100","92","4","0","0","1","1","-1","-1","143","327","282","480","390","204","204","207","207","1","0","0","1","-12","-10","-14","-12","627","661","572","621"
"48.800","188","0","0","0","0","2740","0.6550","1","-0.1890","205","-0","-0","7320","4","49","14","26","4","4","14","11","-2","-0","100","92","4","0","0","1","1","-0","-0","143","332","311","462","378","205","205","208","208","1","0","0","1","-12","-11","-14","-11","626","661","574","620"
"48.850","191","-0","0","0","0","2743","0.5540","1","-0.1090","206","0","-0","7323","4","49","13","26","4","4","15","12","-0","-0","100","92","4","0","0","1","1","-0","-0","143","291","304","474","445","206","206","209","209","1","0","0","1","-11","-11","-14","-14","624","656","573","620"
"48.900","192","0","0","0","0","2746","0.5620","1","-0.0180","207","1","-0","7371","4","49","12","26","5","5","17","15","0","0","100","92","4","0","0","1","1","-0","-0","143","343","336","501","494","207","207","210","210","0","0","0","1","-13","-12","-15","-15","624","657","573","619"
"48.950","193","0","0","0","-0","2749","0.5430","1","0.0330","208","1","-0","7438","4","49","12","24","5","4","17","16","1","0","100","92","4","0","0","1","1","0","0","143","336","346","513","493","208","208","211","211","-1","-0","0","1","-13","-13","-16","-15","624","659","573","619"
"49.000","194","0","0","1","-0","2751","0.5210","1","0.0560","209","2","-0","7498","4","49","12","23","5","5","15","14","1","0","100","92","4","0","0","1","1","0","0","143","320","346","462","449","209","209","211","211","-1","-0","0","1","-12","-13","-14","-14","621","661","573","619"
"49.050","198","-0","0","-0","-0","2754","0.6020","1","0.1370","210","2","-0","7461","4","49","12","24","5","4","14","14","1","0","100","92","4","0","0","1","1","0","0","143","338","336","461","467","210","210","213","213","-1","-0","0","1","-13","-12","-14","-14","623","658","572","617"
"49.100","199","0","0","0","-0","2757","0.4900","1","0.1230","210","1","-0","7493","4","49","12","24","5","4","16","16","1","0","100","92","4","0","0","1","1","0","0","143","336","310","485","504","210","210","213","213","-1","-0","0","1","-13","-11","-15","-16","622","656","572","618"
"49.150","201","0","0","0","-0","2760","0.5120","1","0.0980","211","1","-0","7511","4","49","12","24","4","4","15","15","-0","-0","100","92","4","0","0","1","1","0","0","143","294","331","452","465","211","211","214","214","-1","-0","0","1","-11","-12","-14","-14","619","653","571","618"
"49.200","201","-0","-0","-0","-0","2763","0.5650","1","0.1790","212","2","-0","7572","4","49","12","23","4","4","13","13","1","0","100","92","4","0","0","1","1","0","0","143","292","330","432","444","212","212","215","215","-1","-0","0","1","-11","-12","-13","-14","618","657","570","617"
"49.250","200","0","0","1","-0","2766","0.5310","1","0.1980","213","2","-0","7580","4","49","12","24","4","4","14","14","3","0","100","92","4","0","0","1","1","0","0","143","315","324","463","478","213","213","215","215","0","0","0","1","-12","-12","-14","-15","619","659","571","616"
"49.300","197","-0","0","-0","-0","2769","0.5190","1","0.2300","214","3","-0","7614","4","49","12","24","5","5","15","16","3","0","100","92","4","0","0","1","1","0","0","143","291","361","485","517","213","214","216","216","0","0","0","1","-11","-13","-15","-16","618","657","569","616"
"49.350","198","0","0","0","-0","2772","0.5030","1","0.3590","215","5","-0","7652","4","49","12","23","5","5","16","16","4","0","100","92","4","0","0","1","1","0","0","143","293","387","463","507","214","215","217","217","-0","-0","0","1","-11","-14","-14","-16","619","656","569","615"
"49.400","200","0","0","0","-0","2775","0.5210","1","0.4460","215","6","-0","7672","4","49","12","23","4","5","14","15","4","0","100","92","4","0","0","1","1","1","1","143","291","377","442","481","215","216","218","218","-1","-0","0","1","-11","-14","-13","-15","620","654","567","615"
"49.450","204","0","0","0","-0","2778","0.5300","1","0.5080","216","6","-0","7699","4","49","12","23","4","5","14","15","4","0","100","92","4","0","0","1","1","1","1","143","278","375","438","505","216","216","219","219","-1","-0","0","1","-10","-14","-13","-16","618","651","569","614"
"49.500","202","0","0","0","-0","2781","0.4570","1","0.5410","217","5","-0","7712","4","50","12","23","4","5","15","16","3","0","100","92","4","0","0","1","1","1","1","143","273","373","446","515","216","217","219","219","-2","-0","0","1","-10","-14","-13","-16","618","652","569","613"
"49.550","199","-0","0","-0","-0","2784","0.5530","1","0.4810","218","4","-0","7754","4","50","12","23","4","5","14","16","0","0","100","92","4","0","0","1","1","1","1","143","290","380","449","502","217","218","220","220","-3","-0","0","1","-11","-14","-13","-15","614","653","569","614"
"49.600","198","0","0","0","-0","2787","0.5110","1","0.3970","219","3","-0","7778","4","50","12","23","4","5","15","16","-1","-0","100","92","4","0","0","1","1","1","1","143","319","378","459","517","218","219","221","221","-4","-0","0","1","-12","-14","-14","-16","616","651","565","613"
"49.650","202","0","0","0","-0","2790","0.4880","1","0.2850","219","1","-0","7791","4","50","11","23","5","5","15","16","-3","-0","100","92","4","0","0","1","1","0","1","143","321","355","462","514","219","219","222","222","-4","-0","0","1","-12","-13","-14","-16","615","653","567","613"
"49.700","205","-0","-0","-0","-0","2793","0.4790","1","0.1690","220","0","-0","7849","4","50","11","22","4","5","15","15","-3","-0","100","92","4","0","0","1","1","0","0","143","310","349","466","471","220","220","223","222","-3","-0","0","1","-11","-13","-14","-14","613","654","565","612"
"49.750","210","0","0","0","-0","2796","0.5300","1","0.1280","221","0","-0","7891","4","50","12","23","5","5","14","14","-2","-0","100","92","4","0","0","1","1","0","0","143","353","377","482","462","221","221","224","223","-3","-0","0","1","-13","-14","-15","-14","616","652","569","612"
"49.800","209","-0","0","-0","-0","2799","0.5160","1","0.0320","222","0","-0","7871","4","50","12","24","5","5","16","16","-3","-0","100","92","4","0","0","1","1","0","0","143","388","368","518","519","222","222","224","224","-1","-0","0","1","-15","-14","-16","-16","615","649","566","611"
"49.850","208","-0","0","0","0","2802","0.4040","0","-0.0750","222","-1","-0","7881","4","50","11","23","4","4","18","18","-6","-0","100","92","4","0","0","1","1","-0","-0","143","344","336","510","491","222","222","224","224","3","0","0","1","-13","-12","-15","-15","614","648","566","610"
"49.900","208","0","0","0","0","2805","0.4860","1","-0.1430","223","-3","-0","8004","4","50","11","21","5","4","14","13","-7","-0","100","92","4","0","0","1","1","-0","-0","143","369","328","438","415","223","223","226","226","5","0","0","1","-14","-12","-13","-12","614","646","566","611"
"49.950","210","0","0","0","0","2808","0.6380","1","-0.3120","224","-5","-0","7985","4","50","11","21","5","5","15","12","-9","-1","100","92","4","0","0","1","1","-1","-0","143","437","336","502","470","224","224","227","227","6","0","0","1","-17","-12","-15","-14","613","646","565","609"
"50.000","212","0","0","0","0","2812","0.3410","1","-0.5050","225","-7","-0","7978","4","50","10","22","5","4","21","19","-14","-1","100","92","4","0","0","1","1","-1","-1","143","432","302","639","544","225","224","227","227","9","0","0","1","-16","-11","-20","-17","613","646","565","609"
"50.050","216","1","0","1","0","2815","0.4410","1","-0.8670","225","-12","-0","8028","4","50","10","22","5","5","21","17","-21","-1","100","92","4","0","0","1","1","-2","-1","143","474","262","593","465","226","225","227","227","11","1","0","1","-18","-9","-18","-14","612","649","564","609"
"50.100","216","1","1","2","0","2818","0.5330","1","-1.2150","226","-17","-0","8061","4","50","10","21","5","5","17","12","-24","-1","92","92","4","0","0","1","1","-2","-2","143","537","238","514","372","227","225","229","229","12","1","0","1","-21","-8","-16","-11","612","645","561","608"
"50.150","218","4","3","7","0","2821","0.3400","2","-1.5100","226","-20","-0","8076","4","50","9","21","5","4","18","11","-31","-2","72","92","4","0","0","1","1","-3","-2","143","511","177","594","362","227","225","230","230","14","1","0","1","-20","-6","-18","-11","609","649","564","608"
"50.200","218","10","5","15","0","2824","-0.0070","2","-1.9110","226","-22","-0","8028","4","50","8","23","5","4","21","11","-35","-2","36","92","4","0","1","0","0","-3","-2","143","579","163","640","341","227","223","228","228","16","1","0","0","-23","-5","-20","-10","610","648","564","607"
"50.250","219","18","11","29","0","2827","-0.4320","2","-2.2580","227","-25","-0","7289","4","50","7","26","6","5","20","11","-33","-2","0","92","4","-0","-0","-0","-0","-3","-3","143","694","190","637","317","228","223","222","221","15","1","-0","-0","-27","-6","-20","-9","612","654","567","610"
"50.300","217","22","13","35","0","2830","-1.4040","3","-2.3330","224","-23","-0","8229","4","50","7","27","6","5","21","10","-30","-2","0","92","4","-0","-1","-0","-0","-4","-3","143","687","192","593","267","225","218","224","221","12","1","-0","-0","-27","-6","-18","-7","618","661","577","615"
"50.350","212","18","12","29","0","2834","-0.8780","2","-2.2360","221","-25","-0","7531","4","50","5","29","6","5","15","6","-28","-2","0","92","4","-0","-1","-0","-0","-4","-3","143","648","177","471","188","223","215","220","218","8","0","-0","-0","-26","-6","-14","-5","627","666","587","629"
"50.400","210","16","9","26","0","2837","-1.0060","2","-2.2540","220","-29","-0","7730","4","50","5","30","6","4","12","3","-27","-2","0","92","4","-0","-1","-0","-0","-4","-4","143","622","151","456","166","221","213","214","212","3","0","-0","-0","-25","-5","-14","-4","632","671","596","635"
"50.450","209","14","8","22","0","2840","-0.8660","2","-2.3340","218","-28","-0","7356","4","50","6","33","5","4","15","3","-26","-2","5","92","4","-0","-1","-0","-0","-3","-3","143","650","126","527","188","219","210","217","212","1","0","-0","-0","-26","-4","-16","-5","627","665","602","641"
"50.500","209","16","10","25","0","2843","-0.9360","3","-2.5530","216","-25","-0","7520","4","51","6","33","6","4","16","4","-25","-1","4","92","4","-0","-1","-0","-0","-4","-4","143","688","130","554","203","217","206","218","214","2","0","-0","-0","-27","-4","-17","-5","630","666","607","642"
"50.550","206","15","9","24","0","2846","-0.8980","3","-2.6290","214","-24","-0","7485","4","51","6","32","6","4","16","4","-24","-1","4","92","4","-0","-1","-0","-0","-4","-4","143","692","144","531","190","215","207","211","210","2","0","-0","-0","-28","-4","-16","-5","627","663","609","642"
"50.600","202","13","8","21","0","2849","-0.7620","3","-2.5510","212","-24","-0","7283","4","51","6","31","6","4","15","4","-23","-1","4","92","4","-0","-1","-0","-0","-4","-4","143","674","130","538","202","213","206","211","208","2","0","-0","-0","-27","-4","-17","-5","626","664","610","646"
"50.650","197","13","7","20","0","2852","-0.8490","3","-2.5220","210","-20","-0","7407","4","51","6","32","6","4","17","5","-23","-1","11","92","4","-0","-1","-0","-0","-4","-4","143","658","119","556","219","211","203","210","209","4","0","-0","-0","-26","-3","-17","-6","626","666","611","648"
"50.700","195","11","6","17","0","2855","-0.6960","3","-2.4350","209","-18","-0","7219","4","51","7","32","6","4","16","5","-21","-1","12","92","4","-0","-1","-0","-0","-4","-4","143","628","135","523","211","210","201","206","206","6","0","-0","-0","-25","-4","-16","-6","626","663","611","648"
"50.750","196","9","5","14","0","2857","-0.5970","2","-2.2720","207","-18","-0","7616","4","51","7","31","5","4","15","5","-23","-1","17","92","4","-0","-0","-0","-0","-4","-4","143","598","137","497","202","208","204","209","206","8","0","-0","-0","-24","-4","-15","-5","621","660","610","649"
"50.800","198","8","4","12","0","2860","-0.2010","2","-2.2520","206","-20","-0","6927","4","51","7","31","5","4","15","4","-31","-2","15","92","4","0","0","-0","-0","-4","-3","143","603","132","526","210","207","202","211","209","12","1","0","-0","-24","-4","-16","-6","620","659","610","648"
"50.850","202","8","4","12","0","2863","-0.3500","3","-2.4850","206","-25","-0","7250","4","51","6","31","5","4","16","5","-41","-2","3","92","4","0","0","-0","-0","-4","-3","143","636","144","595","230","207","201","209","208","16","1","0","-0","-25","-5","-19","-6","622","653","607","647"
"50.900","203","8","5","13","0","2866","-0.4850","3","-2.6370","205","-27","-0","7239","4","51","7","31","6","5","19","6","-43","-3","8","92","4","-0","-0","-0","-0","-4","-3","143","659","148","627","234","206","200","204","203","18","1","-0","-0","-26","-5","-20","-7","621","653","608","644"
"50.950","201","8","5","13","0","2869","-0.5490","3","-2.6140","204","-29","-0","6952","4","51","6","30","6","4","18","6","-42","-2","11","92","4","-0","-0","-0","-0","-4","-4","143","658","140","587","210","205","199","205","201","16","1","-0","-0","-26","-4","-18","-6","618","659","610","645"
"51.000","200","7","4","11","0","2872","-0.5480","3","-2.6150","202","-31","-0","7076","4","51","7","29","6","4","17","4","-42","-2","14","92","4","-0","-0","-0","-0","-4","-4","143","637","121","557","194","204","198","201","198","13","1","-0","-0","-25","-4","-17","-5","617","658","609","645"
"51.050","199","4","1","5","0","2875","-0.2370","3","-2.6350","201","-32","-0","7365","4","51","7","29","5","4","17","4","-40","-2","20","92","4","0","0","-0","-0","-4","-4","143","627","99","588","208","202","196","208","206","10","1","0","-0","-24","-3","-18","-6","618","653","607","643"
"51.100","200","2","1","2","0","2877","-0.2160","3","-2.6990","201","-31","-0","7409","4","51","7","29","5","4","18","4","-37","-2","24","92","4","0","0","0","0","-4","-4","143","646","96","629","220","202","196","201","201","8","0","0","0","-25","-3","-20","-6","617","652","605","641"
"51.150","202","1","0","1","0","2880","-0.0500","3","-2.7230","200","-26","-0","7110","4","51","8","28","5","4","19","5","-33","-2","28","92","4","0","0","0","0","-4","-4","143","647","98","633","229","202","197","201","200","9","0","0","0","-25","-3","-20","-6","612","654","602","637"
"51.200","201","1","0","1","0","2883","0.0220","3","-2.7150","200","-24","-0","7034","4","51","8","28","5","4","18","5","-34","-2","30","92","4","0","0","0","0","-5","-4","143","633","101","611","226","201","197","202","202","12","1","0","0","-25","-3","-19","-6","612","653","599","635"
"51.250","202","1","0","1","0","2886","-0.0260","3","-2.7090","199","-24","-0","7037","4","51","8","27","5","4","18","5","-41","-2","32","92","4","0","0","0","0","-5","-4","143","624","100","626","227","201","197","201","202","16","1","0","0","-24","-3","-20","-6","616","646","591","632"
"51.300","200","0","0","0","0","2889","-0.0400","3","-2.6950","199","-24","-1","7051","4","51","8","28","5","4","19","6","-44","-3","33","92","4","0","0","0","0","-5","-4","143","622","99","651","235","200","196","201","201","20","1","0","0","-24","-3","-21","-7","613","650","591","631"
"51.350","198","0","-0","0","0","2891","-0.0220","3","-2.6460","199","-24","-0","7047","4","51","8","28","5","4","19","6","-46","-3","38","92","4","0","0","0","0","-5","-4","143","603","92","625","236","200","196","201","201","22","1","0","0","-23","-3","-20","-7","609","649","590","629"
"51.400","198","0","0","0","0","2894","0.0380","3","-2.5760","198","-26","-0","7062","4","51","8","28","5","4","18","5","-48","-3","41","92","4","0","0","0","0","-5","-4","143","586","88","584","222","200","196","201","201","23","1","0","0","-23","-2","-18","-6","609","648","588","627"
"51.450","197","0","-0","0","0","2897","0.0400","3","-2.6210","198","-29","-0","7073","4","51","9","27","5","4","17","5","-50","-3","49","92","4","0","0","0","0","-5","-4","143","594","95","592","215","199","196","201","201","22","1","0","0","-23","-3","-19","-6","611","648","586","625"
"51.500","198","0","0","0","0","2900","0.1070","3","-2.7220","198","-32","-0","7091","4","52","9","28","5","4","18","5","-49","-3","50","92","4","0","0","0","0","-5","-4","143","623","103","638","227","200","195","201","201","18","1","0","0","-24","-3","-20","-6","611","648","583","624"
"51.550","199","0","0","0","0","2902","0.0870","3","-2.7290","198","-31","-0","7063","4","52","9","29","5","4","20","6","-44","-3","50","92","4","0","0","0","0","-5","-4","143","621","92","657","239","200","195","201","201","16","1","0","0","-24","-2","-21","-7","607","646","584","624"
"51.600","202","0","0","1","0","2905","0.0650","3","-2.5780","198","-28","-0","7070","4","52","10","28","5","4","19","6","-42","-2","50","92","4","0","0","0","0","-5","-4","143","596","65","599","223","199","194","201","201","14","1","0","0","-23","-1","-19","-6","612","650","582","622"
"51.650","206","0","0","0","0","2908","0.1860","3","-2.7190","197","-30","-0","7079","4","52","12","27","5","4","16","4","-37","-2","52","92","4","0","0","0","0","-4","-4","143","613","109","585","199","199","194","201","201","9","1","0","0","-24","-3","-18","-6","609","647","579","621"
"51.700","208","0","-0","0","0","2911","0.1530","3","-2.6550","198","-32","-0","7089","4","52","15","28","5","4","20","4","-31","-2","55","92","4","0","0","0","0","-4","-4","143","600","123","681","210","200","194","201","201","3","0","0","0","-23","-4","-22","-6","608","646","577","621"
"51.750","207","0","0","0","0","2913","0.1080","3","-2.5270","197","-24","-0","7068","4","52","16","28","5","4","21","6","-28","-2","73","92","4","0","0","0","0","-4","-4","143","536","96","695","211","198","193","201","201","4","0","0","0","-21","-3","-22","-6","607","644","580","620"
"51.800","206","-0","0","-0","0","2916","0.2530","3","-2.5650","197","-23","-0","7160","4","52","16","28","5","4","19","4","-29","-2","78","92","4","0","0","1","1","-4","-4","143","527","115","645","193","198","194","202","203","6","0","0","1","-20","-3","-20","-5","608","648","579","620"
"51.850","205","0","-0","-0","0","2919","0.3550","3","-2.4850","197","-26","-0","7106","4","52","16","26","5","4","19","4","-31","-2","83","92","4","0","0","1","1","-4","-4","143","539","98","647","213","199","194","203","203","6","0","0","1","-21","-3","-20","-6","608","644","577","620"
"51.900","206","-0","0","-0","0","2922","0.2840","3","-2.5410","198","-26","-0","7106","4","52","15","26","5","4","19","6","-33","-2","89","92","4","0","0","1","1","-4","-4","143","561","82","656","238","199","194","202","202","6","0","0","1","-21","-2","-20","-7","608","644","576","618"
"51.950","206","-0","-0","-0","0","2924","0.4760","3","-2.6820","198","-27","-0","7093","4","52","14","26","5","4","20","6","-32","-2","94","92","4","0","0","1","1","-4","-4","143","615","100","682","262","200","194","203","203","6","0","0","1","-24","-3","-21","-8","607","642","575","616"
"52.000","206","-0","0","-0","0","2927","0.3780","3","-2.6440","199","-24","-0","7126","4","52","12","26","5","4","21","9","-29","-2","100","92","4","0","0","1","1","-4","-4","143","610","94","700","289","200","196","203","203","7","0","0","1","-23","-3","-22","-8","606","646","577","616"
"52.050","206","-0","0","-0","0","2930","0.3930","2","-2.4410","199","-19","-0","7151","4","52","10","25","5","4","20","8","-28","-2","100","92","4","0","0","1","1","-4","-4","143","568","72","640","275","200","196","203","203","9","1","0","1","-22","-2","-20","-8","604","642","573","616"
"52.100","206","-0","0","-0","0","2933","0.4590","2","-2.3820","199","-20","-0","7178","4","52","10","24","5","4","18","7","-29","-2","100","92","4","0","0","1","1","-4","-4","143","563","84","594","257","200","197","204","204","11","1","0","1","-22","-2","-18","-7","604","642","572","615"
"52.150","205","0","0","0","0","2936","0.4710","2","-2.3590","200","-22","-0","7173","4","52","10","24","5","4","19","7","-37","-2","100","92","4","0","0","1","1","-4","-3","143","573","92","641","279","201","198","204","205","14","1","0","1","-22","-2","-20","-8","604","644","572","614"
"52.200","204","-0","0","0","0","2938","0.4040","2","-2.4080","200","-22","-0","7214","4","52","10","25","5","4","20","8","-43","-3","100","92","4","0","0","1","1","-4","-3","143","567","86","673","289","202","198","205","205","20","1","0","1","-22","-2","-21","-8","604","644","572","614"
"52.250","203","-0","-0","-0","0","2941","0.4400","3","-2.5020","201","-26","-0","7255","4","52","10","25","5","4","20","8","-46","-3","100","92","4","0","0","1","1","-5","-3","143","577","81","641","269","202","198","206","206","21","1","0","1","-22","-2","-20","-8","604","641","573","611"
"52.300","202","-0","0","-0","0","2944","0.4940","3","-2.4870","202","-29","-0","7277","4","52","11","25","5","4","19","7","-44","-3","100","92","4","0","0","1","1","-4","-4","143","572","71","626","259","203","199","207","207","17","1","0","1","-22","-2","-19","-7","604","642","571","613"
"52.350","200","-0","0","-0","0","2947","0.4590","2","-2.4570","202","-29","-0","7319","4","52","10","25","5","4","19","7","-40","-2","100","92","4","0","0","1","1","-4","-4","143","560","61","639","265","204","199","208","208","14","1","0","1","-21","-1","-20","-8","604","640","571","613"
"52.400","200","-0","0","-0","0","2950","0.4980","3","-2.5560","203","-28","-0","7317","4","52","10","24","5","4","19","7","-39","-2","100","92","4","0","0","1","1","-4","-4","143","589","61","645","267","204","199","208","208","12","1","0","1","-23","-1","-20","-8","601","637","570","614"
"52.450","202","0","0","0","0","2952","0.5500","3","-2.6780","204","-28","-0","7351","4","52","11","24","5","4","20","7","-35","-2","100","92","4","0","0","1","1","-4","-4","143","622","71","664","278","205","200","209","209","9","1","0","1","-24","-2","-21","-8","602","642","571","611"
"52.500","203","0","0","0","0","2955","0.5310","3","-2.6910","204","-26","-0","7364","4","53","10","23","5","4","21","9","-32","-2","100","92","4","0","0","1","1","-4","-4","143","620","73","700","300","206","201","209","209","8","0","0","1","-24","-2","-22","-9","600","639","570","611"
"52.550","204","0","0","0","0","2958","0.4980","3","-2.6040","205","-21","-0","7386","4","53","10","23","5","4","21","9","-30","-2","100","92","4","0","0","1","1","-4","-4","143","603","81","693","302","206","202","210","210","11","1","0","1","-23","-2","-22","-9","598","638","571","610"
"52.600","204","0","0","1","0","2961","0.5290","3","-2.5130","206","-20","-0","7423","4","53","10","24","5","4","20","9","-33","-2","100","92","4","0","0","1","1","-4","-4","143","595","86","650","283","206","203","210","210","16","1","0","1","-23","-2","-20","-8","598","638","569","608"
"52.650","207","0","0","0","0","2964","0.4790","3","-2.4720","206","-22","-0","7444","4","53","10","24","5","4","20","8","-46","-3","100","92","4","0","0","1","1","-5","-4","143","566","73","626","259","207","204","211","211","22","1","0","1","-22","-2","-19","-7","601","637","568","608"
"52.700","208","0","0","0","0","2967","0.4820","3","-2.5640","207","-27","-0","7485","4","53","10","24","5","4","19","6","-50","-3","100","92","4","0","0","1","1","-5","-4","143","581","74","623","248","208","204","212","212","21","1","0","1","-22","-2","-19","-7","600","636","566","608"
"52.750","211","0","0","0","0","2970","0.5150","3","-2.6450","208","-33","-0","7495","4","53","10","24","5","4","19","7","-38","-2","100","92","4","0","0","1","1","-4","-4","143","623","75","654","272","209","204","213","213","11","1","0","1","-24","-2","-20","-8","598","636","565","609"
"52.800","212","-0","0","-0","0","2973","0.4720","3","-2.6080","208","-30","-0","7495","4","53","9","24","5","4","21","9","-25","-1","100","92","4","0","0","1","1","-3","-3","143","613","72","692","303","210","204","213","213","2","0","0","1","-23","-2","-21","-9","595","638","567","609"
"52.850","214","0","0","0","0","2975","0.5000","3","-2.5880","209","-20","-0","7523","4","53","9","23","5","4","21","9","-18","-1","100","92","4","0","0","1","1","-3","-3","143","619","94","684","307","210","206","214","214","2","0","0","1","-24","-2","-21","-9","600","634","566","606"
"52.900","214","0","0","0","0","2978","0.5280","3","-2.5410","210","-17","-0","7535","4","53","10","23","5","4","21","9","-24","-1","100","92","4","0","0","1","1","-4","-3","143","628","116","674","300","210","208","214","214","10","1","0","1","-24","-3","-21","-9","598","633","564","607"
"52.950","213","0","0","0","0","2981","0.4730","3","-2.4620","210","-17","-0","7552","4","53","10","24","5","4","21","9","-39","-2","100","92","4","0","0","1","1","-5","-4","143","572","94","669","289","211","208","214","214","20","1","0","1","-22","-2","-21","-8","598","636","564","605"
"53.000","214","1","0","1","0","2984","0.4130","2","-2.4400","210","-21","-0","7599","4","53","10","24","5","4","20","8","-46","-3","100","92","4","0","0","1","1","-5","-4","143","546","78","609","260","211","208","215","215","23","1","0","1","-21","-2","-19","-7","593","638","564","605"
"53.050","214","-0","0","-0","0","2987","0.4780","3","-2.4950","211","-31","-0","7653","4","53","10","24","5","4","18","6","-42","-2","100","92","4","0","0","1","1","-4","-4","143","574","85","595","245","213","208","217","217","16","1","0","1","-22","-2","-18","-7","593","636","564","605"
"53.100","215","1","0","1","0","2990","0.4650","3","-2.4840","212","-33","-0","7654","4","53","11","24","5","4","20","7","-32","-2","100","92","4","0","0","1","1","-4","-3","143","576","79","665","275","214","209","217","217","5","0","0","1","-22","-2","-21","-8","592","637","564","605"
"53.150","217","-0","0","-0","0","2993","0.4200","3","-2.4870","213","-25","-0","7637","4","53","11","25","5","4","21","9","-19","-1","100","92","4","0","0","1","1","-3","-3","143","584","90","683","292","214","209","217","217","-1","-0","0","1","-22","-2","-21","-8","595","634","564","604"
"53.200","221","0","0","0","0","2996","0.4670","2","-2.4610","213","-20","-0","7684","4","53","10","25","5","4","20","8","-15","-1","100","92","4","0","0","1","1","-3","-3","143","599","106","653","277","214","211","218","218","-2","-0","0","1","-23","-3","-20","-8","596","634","562","603"
"53.250","223","0","0","0","0","2999","0.4450","2","-2.2470","214","-15","-0","7705","4","53","10","24","5","4","19","8","-13","-1","100","92","4","0","0","1","1","-3","-3","143","565","110","605","269","214","212","218","219","-1","-0","0","1","-22","-3","-19","-8","592","629","563","604"
"53.300","226","-0","0","0","0","3002","0.4850","2","-2.1300","214","-14","-0","7725","4","53","9","24","5","4","18","7","-13","-1","100","92","4","0","0","1","1","-3","-3","143","539","138","607","288","215","213","219","219","-0","0","0","1","-20","-4","-19","-8","594","629","562","603"
"53.350","226","0","0","0","0","3005","0.4010","2","-2.0160","215","-12","-0","7682","4","53","7","22","5","4","20","9","-12","-1","100","92","4","0","0","1","1","-3","-3","143","532","169","644","305","216","214","219","219","1","0","0","1","-20","-5","-20","-9","590","634","563","604"
"53.400","226","0","0","0","0","3008","0.4870","2","-1.7810","216","-12","-0","7753","4","53","7","22","5","4","19","9","-12","-1","100","92","4","0","0","1","1","-3","-3","143","536","178","623","342","216","215","220","220","1","0","0","1","-20","-6","-19","-10","588","632","560","601"
"53.450","225","0","0","0","0","3011","0.3980","2","-1.5890","216","-12","-0","7718","4","53","6","21","5","4","20","12","-13","-1","100","92","4","0","0","1","1","-2","-2","143","506","197","616","387","217","216","220","220","3","0","0","1","-19","-7","-19","-11","594","631","561","604"
"53.500","225","0","0","0","0","3014","0.4010","1","-1.4130","217","-10","-0","7774","4","54","5","21","5","4","20","13","-16","-1","100","92","4","0","0","1","1","-2","-2","143","464","156","592","390","218","216","221","221","7","0","0","1","-17","-5","-18","-12","592","632","561","600"
"53.550","227","1","0","1","0","3017","0.2800","1","-1.2560","217","-9","-0","7805","4","54","4","19","4","3","18","12","-18","-1","100","92","4","0","0","1","1","-3","-2","143","401","135","512","348","218","216","222","222","9","0","0","1","-15","-4","-15","-10","591","629","561","599"
"53.600","229","0","0","0","0","3020","0.3810","1","-1.1910","218","-11","1","7916","4","54","5","19","5","4","14","7","-14","-1","100","92","4","0","0","1","1","-2","-2","143","400","226","472","299","218","217","224","224","4","0","0","1","-15","-8","-14","-8","590","630","560","599"
"53.650","231","-0","-0","-0","0","3023","0.5550","1","-1.1700","220","-12","23","7899","4","54","5","20","5","4","16","8","-3","-0","100","92","4","0","0","1","1","-2","-2","143","500","252","578","368","220","218","225","225","-4","-0","0","1","-19","-9","-18","-11","586","627","561","599"
"53.700","232","1","0","1","0","3026","0.2810","1","-1.1460","220","-7","61","7891","4","54","6","22","5","4","21","15","-1","-0","100","92","4","0","0","1","1","-2","-2","143","505","230","624","427","221","219","223","223","-4","-0","0","1","-19","-8","-19","-13","588","626","561","599"
"53.750","231","0","0","0","0","3029","0.4210","1","-1.0500","220","-4","97","7912","4","54","5","24","5","4","17","13","-4","-0","100","92","4","0","0","1","1","-2","-2","143","518","238","472","369","221","220","224","224","-1","-0","0","1","-20","-8","-14","-11","587","631","559","598"
"53.800","231","-0","0","-0","0","3032","0.4130","1","-0.8010","221","-5","100","7977","4","54","5","23","4","4","12","9","-6","-0","100","92","4","0","0","1","1","-2","-1","143","419","203","383","314","221","220","226","226","1","0","0","1","-15","-7","-11","-9","590","630","559","599"
"53.850","230","-0","0","-0","0","3035","0.3770","1","-0.6450","221","-6","100","8030","4","54","6","24","4","4","10","7","-6","-0","100","92","4","0","0","1","1","-1","-1","143","394","215","386","304","222","221","227","227","1","0","0","1","-14","-7","-11","-9","589","628","559","598"
"53.900","231","-0","0","-0","0","3038","0.6070","1","-0.6010","223","-6","100","7951","4","54","6","25","5","5","13","8","-1","-0","100","92","4","0","0","1","1","-1","-1","143","512","296","465","385","223","222","228","228","-3","-0","0","1","-19","-10","-14","-11","587","628","559","597"
"53.950","233","0","0","0","0","3041","0.4010","1","-0.5120","224","-1","100","7960","4","54","7","26","5","5","17","15","4","0","100","92","4","0","0","1","1","-1","-1","143","509","311","550","470","224","223","227","226","-4","-0","0","1","-19","-11","-17","-14","587","628","559","597"
"54.000","235","-0","0","-0","0","3045","0.3940","1","-0.3760","224","2","100","8029","4","54","7","25","5","5","17","15","3","0","100","92","4","0","0","1","1","-1","-1","143","478","329","506","440","224","224","227","227","-2","-0","0","1","-18","-12","-15","-13","587","627","559","596"
"54.050","238","0","-0","0","0","3048","0.5120","1","-0.1970","225","2","100","8049","4","54","7","24","5","5","14","12","2","0","100","92","4","0","0","1","1","-0","-0","143","428","366","443","404","225","225","228","228","-0","-0","0","1","-16","-13","-13","-12","582","625","559","595"
"54.100","237","-0","0","-0","0","3051","0.4300","0","-0.0180","226","2","100","8023","4","54","8","24","5","5","14","13","1","0","100","92","4","0","0","1","1","-0","-0","143","386","365","435","421","226","226","228","228","-0","-0","0","1","-14","-13","-13","-13","585","626","558","595"
"54.150","234","-0","0","-0","0","3054","0.4400","0","0.0710","227","3","100","8041","4","54","7","25","5","5","15","13","1","0","100","92","4","0","0","1","1","0","0","143","385","394","472","448","227","227","229","229","-1","-0","0","1","-14","-14","-14","-13","582","622","558","596"
"54.200","234","-0","0","0","-0","3057","0.4940","1","0.1320","228","2","100","8089","4","54","7","25","5","5","16","15","0","0","100","92","4","0","0","1","1","0","0","143","426","425","502","480","228","228","230","230","-2","-0","0","1","-16","-16","-15","-14","584","624","555","595"
"54.250","236","0","0","0","-0","3060","0.4110","0","0.1530","228","2","100","8124","4","54","7","25","5","5","16","16","-1","-0","100","92","4","0","0","1","1","0","0","143","413","412","477","482","228","228","230","230","-3","-0","0","1","-15","-15","-14","-15","580","623","556","594"
"54.300","238","0","0","0","-0","3063","0.4100","0","0.1480","229","2","100","8165","4","54","6","24","5","5","14","14","-1","-0","100","92","4","0","0","1","1","0","0","143","383","421","428","452","229","229","232","232","-3","-0","0","1","-14","-16","-13","-14","581","621","556","594"
"54.350","237","0","0","0","-0","3067","0.4890","1","0.1430","230","1","100","8199","4","54","6","24","5","5","13","13","-1","-0","100","92","4","0","0","1","1","0","0","143","398","434","440","449","230","230","233","233","-3","-0","0","1","-15","-16","-13","-13","584","624","555","593"
"54.400","236","0","0","0","-0","3070","0.4210","0","0.1090","231","1","100","8192","4","54","6","24","5","5","15","15","-1","-0","100","92","4","0","0","1","1","0","0","143","382","403","477","472","231","231","233","233","-2","-0","0","1","-14","-15","-14","-14","578","621","555","593"
"54.450","235","0","0","0","-0","3073","0.3910","0","0.1150","231","1","100","8226","4","54","6","24","5","5","16","15","-1","-0","100","92","4","0","0","1","1","0","0","143","385","398","460","455","231","231","234","234","-2","-0","0","1","-14","-15","-14","-14","580","625","553","593"
"54.500","236","0","0","0","-0","3076","0.4910","1","0.1370","232","1","100","8289","4","55","6","24","5","5","14","13","-1","-0","100","92","4","0","0","1","1","0","0","143","404","433","445","447","232","232","235","235","-2","-0","0","1","-15","-16","-13","-13","582","624","554","592"
"54.550","236","0","0","0","-0","3079","0.4220","0","0.1300","233","1","100","8292","4","55","6","24","5","5","15","14","-1","-0","100","92","4","0","0","1","1","0","0","143","381","425","470","470","233","233","235","235","-2","-0","0","1","-14","-16","-14","-14","580","624","553","591"
"54.600","235","0","0","0","-0","3083","0.4020","0","0.1080","234","1","100","8309","4","55","6","25","5","5","15","15","-1","-0","100","92","4","0","0","1","1","0","0","143","397","402","468","470","234","234","236","236","-2","-0","0","1","-15","-15","-14","-14","577","622","554","591"
"54.650","235","0","-0","0","-0","3086","0.4580","0","0.0400","235","-0","100","8352","4","55","5","25","5","5","15","14","-1","-0","100","92","4","0","0","1","1","0","0","143","425","412","449","452","235","235","237","237","-2","-0","0","1","-16","-15","-13","-13","579","623","553","591"
"54.700","236","0","0","1","-0","3089","-0.1310","0","0.0160","235","-0","100","7209","4","55","6","25","5","5","14","13","-1","-0","100","92","4","0","0","0","0","0","0","143","412","440","429","420","235","235","230","230","-1","-0","0","0","-15","-16","-12","-12","577","622","553","590"
"54.750","237","0","-0","-0","-0","3092","0.0940","0","0.0150","235","0","100","7013","5","55","6","26","5","5","13","12","-1","-0","100","92","4","0","0","0","0","0","0","143","421","452","424","413","235","235","242","242","-1","-0","0","0","-16","-17","-12","-12","579","622","550","590"
"54.800","238","0","0","0","-0","3096","0.3230","0","0.0010","235","0","100","7029","5","55","6","26","5","5","14","13","-0","-0","100","92","4","0","0","1","1","0","0","143","416","407","445","438","235","235","239","239","-1","-0","0","1","-15","-15","-13","-13","577","622","552","588"
"54.850","238","0","0","0","-0","3099","0.3380","0","0.0180","236","1","100","7077","5","55","6","26","5","5","14","13","-0","-0","100","92","4","0","0","1","1","0","0","143","416","383","444","440","236","236","239","239","-1","-0","0","1","-15","-14","-13","-13","579","621","550","589"
"54.900","238","0","0","0","-0","3102","0.3980","0","0.0130","237","0","100","7091","5","55","6","26","5","5","14","13","-0","-0","100","92","4","0","0","1","1","0","0","143","427","414","446","442","236","237","239","239","-1","-0","0","1","-16","-15","-13","-13","577","620","551","588"
"54.950","237","-0","0","-0","-0","3105","0.3620","0","0.0250","237","0","100","7115","5","55","6","26","5","5","14","14","-1","-0","100","92","4","0","0","1","1","0","0","143","406","413","453","443","237","237","240","240","-1","-0","0","1","-15","-15","-13","-13","576","620","550","589"
"55.000","238","0","-0","0","-0","3109","0.3630","0","0.0200","238","0","100","7149","5","55","6","26","5","5","14","13","-1","-0","100","92","4","0","0","1","1","0","0","143","405","403","444","438","238","238","240","240","-1","-0","0","1","-15","-15","-13","-13","573","621","549","588"
"55.050","241","0","0","0","-0","3112","0.3470","0","0.0290","238","1","100","7157","5","55","6","25","5","5","14","13","-0","-0","100","92","4","0","0","1","1","0","0","143","428","410","445","444","238","238","241","241","-1","-0","0","1","-16","-15","-13","-13","575","619","550","588"
"55.100","238","-0","-0","-0","-0","3115","0.3530","0","0.0590","239","1","100","7162","5","55","6","25","5","5","15","14","-0","-0","100","92","4","0","0","1","1","0","0","143","421","415","464","455","239","239","241","241","-1","-0","0","1","-16","-15","-14","-13","577","618","548","587"
"55.150","237","0","-0","0","-0","3119","0.2940","0","0.0790","240","1","100","7187","5","55","6","25","5","5","15","14","-0","-0","100","92","4","0","0","1","1","0","0","143","400","427","453","446","240","240","242","242","-1","-0","0","1","-15","-16","-13","-13","575","618","549","586"
"55.200","236","-0","0","-0","-0","3122","0.3480","0","0.1250","240","2","100","7213","5","55","6","25","5","5","14","13","0","0","100","92","4","0","0","1","1","0","0","143","392","444","442","432","240","240","243","243","-2","-0","0","1","-14","-16","-13","-13","571","618","548","586"
"55.250","235","-0","0","-0","-0","3125","0.3290","0","0.1540","241","2","100","7222","5","55","5","26","5","5","14","13","-0","0","100","92","4","0","0","1","1","0","0","143","369","453","456","436","241","241","243","243","-2","-0","0","1","-13","-17","-14","-13","573","618","548","586"
"55.300","233","0","0","0","-0","3129","0.2980","0","0.1760","241","2","100","7247","5","55","5","26","5","5","14","13","-0","-0","100","92","4","0","0","1","1","0","0","143","365","439","451","434","241","242","243","243","-3","-0","0","1","-13","-16","-13","-13","570","617","547","585"
"55.350","233","-0","0","-0","-0","3132","0.3430","0","0.2050","242","2","100","7259","5","55","5","26","5","5","14","12","-1","-0","100","92","4","0","0","1","1","0","0","143","383","443","438","422","242","242","244","244","-3","-0","0","1","-14","-16","-13","-12","571","618","547","585"
"55.400","236","0","0","0","-0","3135","0.3190","0","0.2330","243","2","100","7275","5","55","5","26","5","5","14","13","-1","-0","100","92","4","0","0","1","1","0","0","143","395","457","451","432","243","243","244","244","-3","-0","0","1","-14","-17","-13","-13","572","617","547","583"
"55.450","242","-0","0","-0","-0","3139","0.2950","0","0.2620","243","3","100","7282","5","55","5","25","5","5","14","13","-1","-0","100","92","4","0","0","1","1","0","0","143","399","455","452","443","243","243","245","245","-4","-0","0","1","-15","-17","-13","-13","574","615","544","584"
"55.500","243","1","0","1","-0","3142","0.3100","0","0.2650","244","2","100","7313","5","56","4","25","5","5","14","13","-1","-0","100","92","4","0","0","1","1","0","0","143","408","465","453","442","244","244","246","246","-4","-0","0","1","-15","-17","-13","-13","570","613","545","581"
"55.550","247","0","0","0","-0","3146","0.3160","0","0.2310","244","2","100","7319","5","56","4","24","5","5","15","14","-1","-0","100","92","4","0","0","1","1","0","0","143","428","468","475","467","244","244","246","246","-3","-0","0","1","-16","-17","-14","-14","572","614","545","584"
"55.600","248","-0","0","0","-0","3149","0.2750","0","0.1710","245","1","100","7328","5","56","4","24","5","5","16","15","-2","-0","100","92","4","0","0","1","1","0","0","143","459","478","485","483","245","245","246","247","-3","-0","0","1","-17","-18","-14","-14","571","611","545","584"
"55.650","250","-0","0","0","-0","3152","0.2900","0","0.1050","246","0","100","7341","5","56","4","23","5","5","16","15","-2","-0","100","92","4","0","0","1","1","0","0","143","460","474","473","470","245","246","247","247","-3","-0","0","1","-17","-17","-14","-14","568","613","545","583"
"55.700","246","-0","0","-0","-0","3156","0.2910","0","0.0270","246","-0","100","7362","5","56","4","23","5","5","15","14","-2","-0","100","92","4","0","0","1","1","0","0","143","420","447","463","450","246","246","248","248","-2","-0","0","1","-16","-16","-14","-13","570","611","544","581"
"55.750","244","0","0","0","-0","3159","0.3080","0","-0.0160","246","-0","100","7400","5","56","3","23","5","5","15","14","-2","-0","100","92","4","0","0","1","1","-0","-0","143","427","431","469","450","246","246","248","248","1","0","0","1","-16","-16","-14","-13","569","611","545","582"
"55.800","248","0","0","0","0","3163","0.2960","0","-0.0420","247","-0","100","7405","5","56","4","24","5","5","15","14","-1","-0","100","92","4","0","0","1","1","-0","-0","143","448","425","474","451","247","247","249","249","1","0","0","1","-17","-15","-14","-13","569","613","544","581"
"55.850","253","0","0","0","0","3166","0.2940","0","-0.0420","248","0","100","7449","5","56","4","23","6","5","15","14","-1","-0","100","92","4","0","0","1","1","-0","-0","143","460","445","471","452","248","248","250","250","1","0","0","1","-17","-16","-14","-13","568","612","544","581"
"55.900","255","-0","0","-0","0","3169","0.3090","0","-0.0420","248","0","100","7438","5","56","4","23","5","5","15","14","-1","-0","100","92","4","0","0","1","1","-0","-0","143","460","456","481","465","248","248","250","250","1","0","0","1","-17","-17","-14","-14","568","611","543","580"
"55.950","247","0","-0","0","0","3173","0.3010","0","-0.0480","249","-0","100","7450","5","56","4","24","5","5","16","15","-1","-0","100","92","4","0","0","1","1","-0","-0","143","458","422","488","476","249","249","251","251","1","0","0","1","-17","-15","-14","-14","567","611","541","580"
"56.000","244","0","0","0","0","3176","0.3550","0","-0.0550","249","-0","100","7485","5","56","5","24","5","5","16","14","-1","-0","100","92","4","0","0","1","1","-0","-0","143","449","408","479","467","249","249","251","251","1","0","0","1","-17","-15","-14","-14","567","611","543","580"
"56.050","244","-0","0","-0","0","3180","0.3060","0","-0.0470","250","0","100","7501","5","56","5","24","5","5","15","14","-1","-0","100","92","4","0","0","1","1","-0","-0","143","444","419","462","440","250","250","252","252","1","0","0","1","-16","-15","-14","-13","567","610","542","580"
"56.100","244","0","0","0","0","3183","0.3790","0","-0.0340","250","0","100","7537","5","56","6","24","5","5","14","13","-1","-0","100","92","4","0","0","1","1","-0","-0","143","459","416","454","434","251","250","253","253","1","0","0","1","-17","-15","-13","-13","567","611","541","581"
"56.150","244","0","0","0","0","3187","0.3220","0","-0.0560","251","-0","100","7554","5","56","6","24","5","5","15","14","-1","-0","100","92","4","0","0","1","1","-0","-0","143","447","408","472","455","251","251","253","253","1","0","0","1","-17","-15","-14","-13","565","610","541","580"
"56.200","244","0","0","0","0","3190","0.3300","0","-0.0660","252","-0","100","7556","5","56","6","24","6","5","15","14","-1","-0","100","92","4","0","0","1","1","-0","-0","143","473","430","474","458","252","252","254","254","1","0","0","1","-18","-16","-14","-13","565","611","539","577"
"56.250","246","0","0","0","0","3194","0.3570","0","-0.0720","252","-0","100","7593","5","56","6","24","6","5","15","14","-1","-0","100","92","4","0","0","1","1","-0","-0","143","485","436","481","461","252","252","254","254","1","0","0","1","-18","-16","-14","-13","566","610","542","577"
"56.300","244","-1","0","-0","0","3197","0.3090","0","-0.0600","253","-0","100","7570","5","56","6","24","6","5","16","15","-1","-0","100","92","4","0","0","1","1","-0","-0","143","449","430","494","468","253","253","255","255","1","0","0","1","-17","-16","-15","-14","562","608","540","577"
"56.350","243","1","0","1","0","3201","0.3280","0","0.0000","254","1","100","7610","5","56","5","24","5","5","16","15","-0","-0","100","92","4","0","0","1","1","0","0","143","429","436","484","468","254","254","255","255","0","0","0","1","-16","-16","-14","-14","562","608","539","577"
"56.400","243","0","0","0","-0","3204","0.3040","0","0.0460","254","1","100","7628","5","56","5","24","5","5","16","15","0","0","100","92","4","0","0","1","1","0","0","143","424","442","466","463","254","254","256","256","-1","-0","0","1","-16","-16","-14","-13","561","605","539","576"
"56.450","247","0","0","0","-0","3208","0.3460","0","0.0850","255","2","100","7641","5","56","5","24","5","5","14","14","0","0","100","92","4","0","0","1","1","0","0","143","425","452","455","468","255","255","257","257","-1","-0","0","1","-16","-16","-13","-14","560","604","539","576"
"56.500","251","0","0","0","-0","3211","0.2980","0","0.1050","255","1","100","7661","5","57","5","24","5","5","15","15","-0","-0","100","92","4","0","0","1","1","0","0","143","428","459","460","472","255","255","257","257","-2","-0","0","1","-16","-17","-13","-14","562","607","538","577"
"56.550","253","-0","0","-0","-0","3215","0.3350","0","0.0740","256","1","100","7694","5","57","5","24","6","6","15","14","-1","-0","100","92","4","0","0","1","1","0","0","143","459","475","469","476","256","256","258","258","-3","-0","0","1","-17","-17","-14","-14","562","607","538","577"
"56.600","252","0","0","0","-0","3218","0.3040","0","0.0820","257","0","100","7692","5","57","4","24","5","5","16","16","-2","-0","100","92","4","0","0","1","1","0","0","143","459","450","482","487","256","257","258","258","-3","-0","0","1","-17","-16","-14","-14","562","607","537","576"
"56.650","247","-0","0","-0","-0","3222","0.2860","0","0.0350","257","0","100","7696","5","57","5","23","5","5","16","15","-1","-0","100","92","4","0","0","1","1","0","0","143","434","432","469","455","257","257","259","259","-2","-0","0","1","-16","-16","-14","-13","560","606","536","574"
"56.700","245","0","0","1","-0","3226","0.3660","0","0.0090","258","0","100","7721","5","57","5","24","6","5","15","14","-1","-0","100","92","4","0","0","1","1","0","0","143","440","453","466","453","258","258","260","260","-2","-0","0","1","-16","-16","-14","-13","559","606","536","574"
"56.750","247","0","0","0","-0","3229","0.2830","0","0.0090","258","0","100","7719","5","57","4","25","5","5","16","15","-1","-0","100","92","4","0","0","1","1","0","0","143","435","452","484","472","258","258","260","260","-0","-0","0","1","-16","-16","-14","-14","557","602","537","574"
"56.800","251","-0","0","0","0","3233","0.2430","0","-0.0360","258","0","100","7759","5","57","4","24","5","5","15","15","-1","-0","100","92","4","0","0","1","1","-0","-0","143","427","431","448","426","258","258","261","261","1","0","0","1","-16","-16","-13","-12","559","605","536","574"
"56.850","255","1","0","1","0","3236","0.3480","0","-0.0180","259","0","100","7814","5","57","4","23","6","5","13","12","-1","-0","100","92","4","0","0","1","1","-0","-0","143","465","429","426","413","259","259","262","262","2","0","0","1","-17","-15","-12","-12","560","604","538","574"
"56.900","255","0","0","0","0","3240","0.2970","0","-0.0080","260","0","100","7772","5","57","4","23","6","5","15","14","-1","-0","100","92","4","0","0","1","1","-0","-0","143","469","450","486","478","260","260","262","262","1","0","0","1","-17","-16","-14","-14","560","606","533","575"
"56.950","252","0","0","0","0","3244","0.2400","0","-0.0130","260","0","100","7800","5","57","4","24","6","5","17","16","-0","-0","100","92","4","0","0","1","1","-0","-0","143","457","476","522","496","260","260","262","262","1","0","0","1","-17","-17","-15","-15","558","603","535","573"
"57.000","252","-0","0","-0","0","3247","0.3020","0","-0.0250","261","0","100","7839","5","57","4","23","6","5","17","16","-1","-0","100","92","4","0","0","1","1","-0","-0","143","471","468","493","470","261","261","263","263","1","0","0","1","-17","-17","-14","-14","555","602","533","572"
"57.050","255","0","-0","0","0","3251","0.2760","0","-0.0250","261","0","100","7837","5","57","4","23","5","5","16","14","-1","-0","100","92","4","0","0","1","1","-0","-0","143","454","434","455","445","261","261","263","263","1","0","0","1","-17","-16","-13","-13","558","603","531","571"
"57.100","256","0","0","0","0","3254","0.2660","0","-0.0130","262","0","100","7862","5","57","4","23","5","5","15","14","-1","-0","100","92","4","0","0","1","1","-0","-0","143","447","444","454","446","262","262","264","264","1","0","0","1","-16","-16","-13","-13","555","602","532","571"
"57.150","262","-0","0","-0","-0","3258","0.2670","0","0.0190","262","1","100","7870","5","57","4","23","6","5","15","14","-0","-0","100","92","4","0","0","1","1","0","0","143","472","486","483","468","262","262","264","264","0","0","0","1","-17","-18","-14","-14","557","601","532","572"
"57.200","264","0","0","0","-0","3262","0.3100","0","0.0330","263","1","100","7857","5","57","4","23","6","6","16","15","0","0","100","92","4","0","0","1","1","0","0","143","490","496","508","484","263","263","264","264","-1","-0","0","1","-18","-18","-15","-14","557","602","532","572"
"57.250","263","0","0","0","-0","3265","0.2240","0","0.0520","263","2","100","7866","5","57","4","23","6","5","17","16","0","0","100","92","4","0","0","1","1","0","0","143","474","464","510","493","263","263","265","265","-1","-0","0","1","-18","-17","-15","-14","556","601","533","570"
"57.300","262","-0","0","-0","-0","3269","0.2780","0","0.0970","264","2","100","7902","5","57","4","22","6","5","16","16","-0","-0","100","92","4","0","0","1","1","0","0","143","459","468","487","488","264","264","265","266","-2","-0","0","1","-17","-17","-14","-14","553","601","533","570"
"57.350","264","0","0","0","-0","3273","0.2750","0","0.0710","264","1","100","7918","5","57","4","22","6","6","16","16","-1","-0","100","92","4","0","0","1","1","0","0","143","476","488","474","496","264","264","266","266","-2","-0","0","1","-18","-18","-14","-14","555","601","531","570"
"57.400","265","1","0","1","-0","3276","0.2680","0","0.0740","265","0","100","7933","5","57","4","22","6","5","16","16","-1","-0","100","92","4","0","0","1","1","0","0","143","490","482","490","505","265","265","266","266","-1","-0","0","1","-18","-17","-14","-15","552","599","531","570"
"57.450","264","1","0","1","-0","3280","0.2550","0","0.0860","265","1","101","7942","5","57","4","22","6","5","17","16","-0","-0","100","92","4","0","0","1","1","0","0","143","477","495","492","508","265","265","267","267","-1","-0","0","1","-18","-18","-14","-15","554","598","531","570"
"57.500","262","0","0","0","-0","3284","0.2710","0","0.0950","266","1","100","7971","5","58","4","22","6","6","16","16","-0","-0","100","92","4","0","0","1","1","0","0","143","480","504","480","499","266","266","268","268","-2","-0","0","1","-18","-18","-14","-15","554","600","531","569"
"57.550","258","0","0","0","-0","3287","0.2730","0","0.1230","266","2","100","7965","5","58","4","22","6","5","16","16","-0","-0","100","92","4","0","0","1","1","0","0","143","466","480","479","484","266","266","268","268","-2","-0","0","1","-17","-17","-14","-14","554","599","530","569"
"57.600","258","-0","0","-0","-0","3291","0.2630","0","0.1270","266","1","100","7991","5","58","4","21","6","5","16","15","-1","-0","100","92","4","0","0","1","1","0","0","143","467","479","474","482","266","267","269","269","-2","-0","0","1","-17","-17","-14","-14","551","596","530","569"
"57.650","256","0","0","0","-0","3295","0.3060","0","0.1120","267","1","100","8006","5","58","4","22","6","6","16","15","-1","-0","100","92","4","0","0","1","1","0","0","143","491","498","492","502","267","267","269","269","-2","-0","0","1","-18","-18","-14","-15","552","598","530","568"
"57.700","256","-0","0","-0","-0","3298","0.2450","0","0.1000","268","1","100","8006","5","58","3","23","6","6","17","17","-0","-0","100","92","4","0","0","1","1","0","0","143","482","494","515","519","268","268","269","269","-2","-0","0","1","-18","-18","-15","-15","550","595","530","567"
"57.750","262","0","-0","0","-0","3302","0.2210","0","0.1120","268","1","100","8034","5","58","3","22","6","5","17","17","-0","-0","100","92","4","0","0","1","1","0","0","143","484","474","471","487","268","268","270","270","-2","-0","0","1","-18","-17","-14","-14","552","596","529","567"
"57.800","268","-0","0","-0","-0","3306","0.2580","0","0.1100","268","1","100","8092","5","58","3","21","6","6","14","14","-0","-0","100","92","4","0","0","1","1","0","0","143","484","488","422","445","268","268","271","271","-1","-0","0","1","-18","-18","-12","-13","549","598","528","566"
"57.850","277","0","0","0","-0","3310","0.2800","0","0.1540","269","2","100","8072","5","58","3","21","6","6","14","14","1","0","100","92","4","0","0","1","1","0","0","143","503","521","472","487","269","269","271","271","-1","-0","0","1","-19","-19","-14","-14","552","595","531","566"
"57.900","277","0","0","0","-0","3313","0.1860","0","0.2080","270","2","100","8060","5","58","2","22","6","6","18","18","1","0","100","92","4","0","0","1","1","0","0","143","509","540","537","559","269","270","271","271","-1","-0","0","1","-19","-20","-16","-17","548","597","528","567"
"57.950","275","0","0","0","-0","3317","0.2060","0","0.2380","270","3","100","8089","5","58","2","21","6","6","18","18","1","0","100","92","4","0","0","1","1","0","0","143","504","566","520","552","270","270","271","271","-1","-0","0","1","-19","-21","-15","-16","550","591","526","566"
"58.000","273","0","0","0","-0","3321","0.2400","0","0.2240","270","3","100","8089","5","58","2","21","6","6","17","17","1","0","100","92","4","0","0","1","1","0","0","143","492","539","482","503","270","270","272","272","-2","-0","0","1","-18","-20","-14","-15","550","593","528","565"
"58.050","270","0","0","0","-0","3325","0.2010","0","0.1760","270","2","100","8089","5","58","2","20","6","5","16","16","-0","-0","100","92","4","0","0","1","1","0","0","143","449","498","475","477","270","271","272","272","-2","-0","0","1","-16","-18","-14","-14","549","591","527","565"
"58.100","268","-0","0","-0","-0","3328","0.2370","0","0.1920","271","1","100","8113","5","58","2","20","6","6","16","16","-0","-0","100","92","4","0","0","1","1","0","0","143","466","506","483","482","271","271","273","273","-2","-0","0","1","-17","-18","-14","-14","548","593","527","565"
"58.150","269","-0","0","-0","-0","3332","0.2840","0","0.1820","272","1","100","8114","5","58","2","21","6","6","17","16","-0","-0","100","92","4","0","0","1","1","0","0","143","489","523","525","526","272","272","273","273","-2","-0","0","1","-18","-19","-15","-15","547","590","527","564"
"58.200","270","0","-0","0","-0","3336","0.1580","0","0.1620","272","2","100","8148","5","58","3","21","6","6","19","19","0","0","100","92","4","0","0","1","1","0","0","143","480","509","530","534","272","272","273","273","-2","-0","0","1","-18","-19","-16","-16","548","592","527","564"
"58.250","269","0","0","0","-0","3340","0.2440","0","0.1480","272","2","100","8159","5","58","2","21","6","6","16","16","-0","-0","100","92","4","0","0","1","1","0","0","143","486","501","470","485","272","272","274","274","-2","-0","0","1","-18","-18","-13","-14","547","588","526","564"
"58.300","267","0","0","0","-0","3343","0.2530","0","0.1230","273","1","101","8179","5","58","2","20","6","6","15","15","-1","-0","100","92","4","0","0","1","1","0","0","143","477","509","468","479","273","273","275","275","-2","-0","0","1","-17","-19","-13","-14","544","592","526","563"
"58.350","266","-0","0","-0","-0","3347","0.2110","0","0.0950","273","1","100","8181","5","58","2","21","6","6","16","16","-1","-0","100","92","4","0","0","1","1","0","0","143","467","510","508","500","273","273","275","275","-2","-0","0","1","-17","-19","-15","-15","544","590","526","563"
"58.400","267","-0","0","-0","-0","3351","0.2420","0","0.0700","274","1","100","8174","5","58","2","22","6","6","17","16","-1","-0","100","92","4","0","0","1","1","0","0","143","486","526","528","507","274","274","275","275","-2","-0","0","1","-18","-19","-15","-15","546","590","525","563"
"58.450","267","0","0","0","-0","3355","0.2270","0","0.0680","274","1","100","8220","5","58","2","22","6","6","18","17","-1","-0","100","92","4","0","0","1","1","0","0","143","486","506","523","511","274","274","276","276","-2","-0","0","1","-18","-18","-15","-15","544","585","526","565"
"58.500","269","0","0","0","-0","3359","0.1790","0","0.0740","274","1","100","8219","5","59","2","22","6","5","17","16","-0","-0","100","92","4","0","0","1","1","0","0","143","486","474","480","477","274","274","276","276","-2","-0","0","1","-18","-17","-14","-14","545","588","525","560"
"58.550","270","13","6","19","-0","3362","0.1260","0","0.0380","274","1","100","8248","5","59","1","23","6","6","15","14","-1","-0","64","92","4","0","0","0","0","0","0","143","496","489","473","455","274","274","277","277","-2","-0","0","0","-18","-18","-14","-13","542","587","526","562"
"58.600","270","26","17","43","-0","3366","-0.6450","1","0.0310","273","1","62","7694","5","59","-0","24","6","6","16","15","-1","-0","0","92","4","-0","-0","-0","-0","0","0","143","489","516","467","444","272","273","272","272","-2","-0","-0","-0","-18","-19","-13","-13","548","593","525","562"
"58.650","265","72","46","118","-0","3370","-2.5290","3","0.0630","268","1","9","8246","5","59","-2","25","6","6","15","15","0","0","0","92","4","-1","-1","-1","-1","0","0","143","541","553","406","405","268","268","262","263","-1","-0","-1","-1","-20","-20","-11","-11","595","638","533","566"
"58.700","264","96","58","154","-0","3374","-3.2170","3","0.0890","262","1","-0","7580","5","59","-3","26","6","6","14","14","1","0","0","92","4","-1","-1","-1","-1","0","0","143","609","585","368","378","262","262","256","258","-0","-0","-1","-1","-23","-22","-10","-11","648","704","547","589"
"58.750","256","112","68","180","-0","3377","-3.6880","4","0.0910","255","1","-0","7294","5","59","-4","27","6","6","14","14","1","0","0","92","4","-1","-1","-1","-1","0","0","143","581","580","370","385","255","255","247","248","1","0","-1","-1","-22","-22","-10","-11","719","771","612","651"
"58.800","249","113","67","180","-0","3381","-3.5650","4","0.0800","249","1","-0","7188","5","59","-5","28","6","6","15","14","1","0","0","92","4","-1","-1","-1","-1","0","0","143","562","593","358","371","248","249","244","247","1","0","-1","-1","-21","-22","-10","-11","753","803","653","691"
"58.850","239","116","69","185","-0","3384","-3.5330","4","0.0500","243","1","-0","7109","5","59","-5","29","6","6","14","13","0","0","0","92","4","-1","-1","-1","-1","0","0","143","566","594","350","342","242","243","236","237","0","0","-1","-1","-22","-23","-10","-10","793","846","701","736"
"58.900","236","114","69","183","-0","3388","-3.4800","3","0.0330","236","0","-0","6821","5","59","-5","31","6","6","13","13","0","0","0","92","4","-1","-1","-1","-1","0","0","143","559","566","336","325","236","236","231","231","0","0","-1","-1","-22","-22","-10","-9","813","861","729","757"
"58.950","228","115","69","183","0","3391","-3.3560","3","0.0000","231","-0","-0","6587","5","59","-4","33","6","6","12","11","1","0","0","92","4","-1","-1","-2","-2","0","0","143","552","562","307","299","230","231","225","225","-0","-0","-1","-2","-21","-21","-9","-8","837","889","760","787"
"59.000","224","115","68","184","0","3394","-3.3210","3","-0.0560","225","-1","-0","6380","5","59","-3","34","6","6","11","10","0","0","0","92","4","-1","-1","-2","-2","-0","-0","143","550","557","303","291","225","225","216","216","-1","-0","-1","-2","-21","-21","-9","-8","856","910","773","804"
"59.050","213","112","68","180","0","3397","-3.4330","3","-0.0380","218","-0","-0","6341","5","59","-3","36","6","6","11","10","0","0","0","92","4","-1","-1","-2","-2","-0","-0","143","542","518","296","285","218","218","214","213","-1","-0","-1","-2","-21","-20","-8","-8","890","930","798","823"
"59.100","208","114","69","182","0","3400","-3.1910","3","-0.0490","213","-0","-0","6038","5","59","-2","37","6","6","10","9","1","0","0","92","4","-1","-1","-2","-2","-0","-0","143","531","524","268","264","213","213","206","207","-1","-0","-1","-2","-21","-20","-8","-7","900","942","811","840"
"59.150","204","110","66","176","0","3403","-3.2390","3","-0.0770","208","-1","-0","7742","4","59","-2","38","6","6","8","8","2","0","0","92","4","-1","-1","-2","-2","-0","-0","143","529","535","281","267","208","208","196","199","-3","-0","-1","-2","-21","-21","-8","-8","916","956","824","858"
"59.200","203","104","62","166","0","3406","-3.0530","3","-0.0600","202","0","-0","6352","4","59","-1","39","6","5","10","9","3","0","0","92","4","-1","-1","-2","-2","-0","-0","143","516","497","301","276","202","202","197","197","-3","-0","-1","-2","-20","-19","-9","-8","927","966","831","868"
"59.250","199","98","57","154","0","3409","-3.1010","3","-0.0590","197","1","-0","6962","4","59","-0","40","6","6","9","8","5","0","0","92","4","-1","-1","-2","-2","-0","-0","143","502","482","257","248","197","197","191","191","-3","-0","-1","-2","-20","-19","-7","-7","945","978","842","881"
"59.300","195","93","54","148","-0","3411","-2.6510","3","0.0180","193","2","-0","6306","4","59","0","41","6","6","7","6","6","0","0","92","4","-1","-1","-2","-2","0","0","143","482","474","222","228","192","193","182","184","0","0","-1","-2","-19","-18","-6","-7","950","982","850","885"
"59.350","188","94","55","148","-0","3414","-2.8860","3","0.0860","187","3","-0","5953","4","59","2","42","5","5","6","6","5","0","1","92","4","-1","-1","-2","-2","0","0","143","449","462","233","244","187","187","178","178","3","0","-1","-2","-18","-18","-7","-7","954","981","850","896"
"59.400","184","94","56","150","-0","3417","-2.8280","3","0.0480","183","3","-0","6240","4","59","2","44","6","6","7","6","4","0","4","92","4","-1","-1","-2","-2","0","0","143","447","486","252","242","182","183","177","178","2","0","-1","-2","-18","-19","-7","-7","958","984","849","900"
"59.450","178","90","54","144","-0","3419","-2.6970","3","0.0380","178","2","-0","5765","4","59","3","45","5","5","7","6","3","0","2","92","4","-1","-1","-2","-2","0","0","143","451","470","266","235","178","178","173","172","2","0","-1","-2","-18","-18","-8","-7","970","1000","855","907"
"59.500","176","90","53","142","-0","3421","-2.6410","3","0.0670","172","1","-0","5711","4","60","4","45","5","5","6","6","3","0","0","92","4","-1","-1","-2","-2","0","0","143","422","428","225","219","172","172","169","169","2","0","-1","-2","-17","-17","-7","-6","967","999","858","910"
"59.550","169","87","53","140","-0","3424","-2.5910","3","0.0920","169","1","0","7693","3","60","5","46","5","5","5","4","6","0","0","92","4","-1","-1","-2","-2","0","0","143","396","431","204","208","168","169","159","160","3","0","-1","-2","-16","-17","-6","-6","974","1010","860","915"
"59.600","165","84","49","133","-0","3426","-2.4220","2","0.1310","164","2","-0","6348","3","60","6","47","5","5","5","4","8","0","0","92","4","-1","-1","-2","-2","1","0","143","392","430","222","231","164","164","156","156","4","0","-1","-2","-16","-17","-7","-7","973","1005","861","913"
"59.650","156","73","42","115","-0","3428","-2.4270","2","0.1710","160","4","-0","6898","3","60","7","49","5","5","5","5","11","1","0","92","4","-1","-1","-2","-2","1","0","143","378","408","216","246","160","160","153","153","5","0","-1","-2","-15","-16","-6","-7","971","1012","861","919"
"59.700","151","71","42","113","-0","3431","-2.1900","2","0.2350","156","5","-0","6496","3","60","7","49","5","5","4","5","12","1","0","92","4","-1","-1","-1","-1","1","0","143","363","398","197","237","155","156","152","153","4","0","-1","-1","-14","-16","-6","-7","978","1007","860","917"
"59.750","146","68","40","108","-0","3433","-2.0870","2","0.3290","152","7","-0","6120","3","60","8","49","5","5","3","4","12","1","0","92","4","-1","-1","-2","-2","1","1","143","346","391","172","236","152","153","146","147","3","0","-1","-2","-14","-15","-5","-7","971","1008","856","918"
"59.800","147","65","39","104","-0","3435","-2.1380","2","0.4840","149","9","-0","6145","3","60","7","50","5","5","2","4","14","1","0","92","4","-1","-1","-2","-2","1","1","143","330","408","162","236","147","150","142","145","2","0","-1","-2","-13","-16","-5","-7","973","1002","847","917"
"59.850","145","66","39","106","-0","3437","-2.1400","2","0.6730","146","13","-0","6047","3","60","7","51","5","5","2","4","17","1","0","92","4","-1","-1","-2","-2","1","1","143","318","433","164","248","144","147","138","140","0","0","-1","-2","-13","-17","-5","-8","980","1001","845","915"
"59.900","145","65","38","103","-0","3439","-2.0850","2","0.8360","142","15","-0","5910","3","60","7","51","5","5","2","5","20","1","0","92","4","-2","-1","-1","-1","2","2","143","290","438","142","265","138","143","137","140","-1","-0","-1","-1","-11","-17","-4","-8","975","997","844","915"
"59.950","140","61","36","97","-0","3441","-1.9310","2","0.9830","139","19","-0","5680","3","60","7","50","5","5","0","5","19","1","0","92","4","-2","-1","-2","-2","2","2","143","269","444","126","260","134","140","130","137","-5","-0","-1","-2","-10","-17","-4","-8","971","998","840","914"
"60.000","134","60","35","95","-0","3443","-1.8880","2","1.0160","136","20","-0","5320","3","60","7","50","4","5","0","4","16","1","0","92","6","-2","-1","-1","-1","2","3","143","238","445","136","268","131","137","124","134","-8","-1","-1","-1","-9","-17","-4","-8","974","1001","839","912"
"60.050","126","59","34","93","-0","3445","-1.8890","2","1.0190","132","18","-0","7088","2","60","7","50","4","5","0","5","14","1","0","92","8","-2","-1","-1","-1","2","3","143","205","444","137","275","124","133","122","131","-8","-1","-1","-1","-8","-17","-4","-9","971","1001","832","909"
"60.100","123","56","33","89","-0","3447","-1.7670","2","1.0970","129","16","-0","6469","2","60","7","50","4","5","0","5","15","1","0","92","8","-2","-1","-1","-1","2","3","143","203","456","140","266","113","130","120","128","-6","-1","-1","-1","-8","-18","-4","-8","968","993","827","910"
"60.150","121","57","33","90","-0","3448","-1.7590","2","1.0540","127","15","-0","6050","2","60","8","50","4","5","-0","4","18","1","0","92","8","-2","-1","-1","-1","2","3","143","206","455","131","266","109","128","118","122","-4","-0","-1","-1","-8","-18","-4","-8","966","990","825","911"
"60.200","117","53","31","84","-0","3450","-1.8080","2","1.0410","124","17","-0","6329","2","60","8","50","4","5","-1","4","20","1","0","92","9","-2","-1","-2","-2","2","3","143","211","435","110","251","103","124","112","119","-4","-0","-1","-2","-8","-17","-3","-8","964","996","824","907"
"60.250","110","51","31","81","-0","3452","-1.6980","2","1.0920","120","19","-0","5879","2","60","9","51","4","5","-1","3","24","1","0","94","10","-2","-1","-2","-2","2","3","143","198","417","101","249","96","121","109","118","-4","-0","-1","-2","-8","-16","-3","-8","960","981","819","898"
"60.300","107","52","30","81","-0","3453","-1.6410","2","1.1320","117","19","-0","6032","2","60","9","52","4","4","-2","4","28","2","0","95","12","-2","-1","-1","-1","3","3","143","177","418","100","260","90","118","107","115","-3","-0","-1","-1","-7","-17","-3","-8","961","976","814","896"
"60.350","107","49","28","77","-0","3455","-1.5050","2","1.2120","115","20","-0","5670","2","60","10","52","4","4","-2","4","34","2","0","97","14","-2","-1","-1","-1","3","3","143","176","427","99","259","80","116","103","114","-1","-0","-1","-1","-7","-17","-3","-8","958","966","808","894"
"60.400","106","47","29","76","-0","3457","-1.5110","2","1.2200","112","22","-0","5673","2","60","10","52","4","4","-2","3","38","2","0","99","15","-2","-1","-1","-1","3","3","143","175","431","95","261","66","113","101","110","0","0","-1","-1","-7","-17","-3","-8","956","965","807","893"
"60.450","104","42","25","67","-0","3458","-1.3300","2","1.2880","109","24","-0","5411","2","60","11","52","4","4","-3","3","44","3","0","100","17","-2","-1","-1","-1","3","3","143","165","426","96","257","53","110","98","108","1","0","-1","-1","-6","-17","-3","-8","959","936","802","887"
"60.500","101","42","24","66","-0","3460","-1.3660","2","1.3680","107","25","-0","5501","2","61","11","52","4","4","-3","3","50","3","0","102","18","-2","-1","-1","-1","4","3","143","150","420","91","274","53","108","96","105","3","0","-1","-1","-6","-17","-3","-9","947","926","801","889"
"60.550","99","38","23","60","-0","3461","-1.2190","2","1.5040","104","27","-0","5285","2","61","11","52","3","4","-3","4","65","4","0","103","19","-2","-1","-1","-1","4","4","143","135","425","85","295","53","106","95","105","7","1","-1","-1","-5","-17","-2","-10","950","912","797","885"
"60.600","98","38","21","60","-0","3463","-1.2620","2","1.6250","102","29","-0","5267","2","61","11","52","3","4","-3","4","76","4","0","104","19","-2","-1","-1","-1","5","4","143","129","436","82","295","53","104","93","102","10","1","-1","-1","-5","-17","-2","-10","941","904","792","878"
"60.650","95","28","15","42","-0","3464","-1.1600","2","1.6970","100","34","-0","5118","2","61","13","51","3","4","-3","4","86","5","0","106","19","-2","-1","-1","-1","5","4","143","121","443","74","301","53","101","92","101","10","1","-1","-1","-5","-18","-2","-10","936","893","791","873"
"60.700","94","12","6","18","-0","3465","-0.8690","2","1.7850","99","37","-0","5112","2","61","14","51","3","4","-4","4","88","5","0","107","19","-2","-0","-1","-1","5","4","143","88","432","72","323","53","100","91","98","9","1","-1","-1","-3","-17","-2","-10","929","886","783","871"
"60.750","92","2","-1","2","-0","3467","-0.4860","2","1.8200","98","37","-0","5291","2","61","14","51","3","4","-4","5","94","5","0","109","19","0","0","-1","-1","6","5","143","40","404","96","362","53","100","93","98","11","1","0","-1","-1","-16","-3","-12","915","879","778","866"
"60.800","92","0","0","1","-0","3468","-0.3380","2","1.8090","97","35","-0","5188","2","61","14","51","2","3","-4","6","102","6","0","110","19","0","0","-1","-1","7","5","143","26","392","97","361","53","99","95","99","16","2","0","-1","-1","-16","-3","-12","909","859","778","862"
"60.850","90","2","2","4","-0","3470","-0.3870","2","1.8090","96","35","-0","5186","2","61","16","50","2","3","-4","5","116","7","0","111","19","0","0","-1","-1","7","5","143","39","398","97","340","15","98","95","97","20","2","0","-1","-1","-16","-3","-11","894","853","767","850"
"60.900","89","8","4","12","-0","3471","-0.4950","2","1.8380","95","37","-0","5119","2","61","16","50","2","3","-4","5","121","7","0","113","19","-1","-0","-0","-0","7","5","143","56","424","84","318","13","97","94","96","21","2","-0","-0","-2","-17","-2","-10","875","866","768","839"
"60.950","88","8","4","12","-0","3472","-0.5450","2","1.7900","94","39","-0","4990","2","61","15","50","2","3","-4","5","118","7","0","114","19","-2","-0","-0","-0","7","5","143","50","417","84","325","13","96","92","96","19","2","-0","-0","-2","-16","-2","-10","872","866","755","832"
"61.000","89","7","3","11","-0","3474","-0.5270","2","1.7610","93","39","-0","5026","2","61","15","51","2","3","-4","5","115","7","0","115","19","-2","-0","-0","-0","7","5","143","42","401","88","330","13","95","91","94","18","2","-0","-0","-1","-16","-3","-11","860","858","752","825"
"61.050","92","7","3","10","-0","3475","-0.5040","2","1.8230","92","38","-0","4913","2","61","15","50","2","3","-4","5","115","7","0","117","19","-2","-0","-0","-0","7","5","143","47","413","86","327","12","94","90","94","17","2","-0","-0","-2","-16","-3","-11","854","851","744","821"
"61.100","93","7","4","11","-0","3476","-0.5170","2","1.8180","91","39","-0","4918","2","61","16","50","2","3","-4","5","115","7","0","118","19","-2","-0","-0","-0","6","5","143","47","426","83","325","12","93","90","92","15","2","-0","-0","-2","-17","-2","-11","854","853","738","817"
"61.150","93","1","0","2","-0","3478","-0.4570","2","1.8050","91","40","-0","4829","2","61","15","50","2","3","-3","5","116","7","0","119","19","0","0","-1","-1","6","5","143","35","404","99","334","11","93","89","92","15","2","0","-1","-1","-16","-3","-11","840","840","739","811"
"61.200","93","2","1","2","-0","3479","-0.3360","2","1.7720","90","39","-0","4829","2","61","16","50","2","3","-4","5","118","7","0","120","19","0","0","-1","-1","7","5","143","32","389","89","345","11","92","88","91","16","2","0","-1","-1","-15","-3","-11","840","835","733","810"
"61.250","92","2","1","3","-0","3480","-0.4530","2","1.8290","89","40","-0","4839","2","61","16","50","2","3","-4","5","124","7","0","122","19","0","0","-1","-1","7","5","143","49","405","85","357","23","91","88","90","17","2","0","-1","-2","-16","-3","-12","828","841","729","803"
"61.300","91","5","2","8","-0","3481","-0.4290","2","1.8470","88","40","-0","4712","2","61","16","50","2","3","-4","6","129","8","0","123","19","-1","-0","-0","-0","7","5","143","50","410","82","346","25","90","87","90","19","2","-0","-0","-2","-16","-2","-11","829","838","728","804"
"61.350","87","8","5","13","-0","3483","-0.5200","2","1.7460","87","39","-1","4696","2","61","15","50","2","3","-4","5","139","8","0","124","19","-2","-0","-0","-0","8","5","143","34","400","89","330","35","89","86","89","23","3","-0","-0","-1","-16","-3","-11","821","837","724","794"
"61.400","87","9","4","13","-0","3484","-0.6000","2","1.8400","86","39","-0","4588","2","61","15","50","2","3","-3","5","143","8","0","125","19","-2","-0","-0","-0","8","5","143","54","426","90","316","42","88","84","88","24","3","-0","-0","-2","-17","-3","-10","822","825","721","793"
"61.450","86","5","2","6","-0","3485","-0.5770","2","1.8860","85","43","-0","4589","2","61","16","50","3","4","-4","5","144","8","0","126","19","0","0","-1","-1","8","5","143","55","432","92","348","47","87","84","87","22","3","0","-1","-2","-17","-3","-11","813","827","719","792"
"61.500","86","3","1","4","-0","3486","-0.4290","2","1.7720","84","43","-0","4526","2","62","16","50","2","3","-4","5","144","8","0","128","19","0","0","-1","-1","8","5","143","32","395","97","355","49","87","83","86","21","3","0","-1","-1","-16","-3","-12","810","827","717","789"
"61.550","85","0","-0","0","-0","3487","-0.4250","2","1.7580","84","39","-0","4514","2","62","17","50","2","3","-4","5","148","9","0","129","19","0","0","-1","-1","8","5","143","34","384","103","347","54","86","82","85","24","3","0","-1","-1","-15","-3","-11","806","811","716","785"
"61.600","82","1","0","2","-0","3489","-0.4240","2","1.8560","83","40","-0","4471","2","62","18","50","2","3","-4","5","149","9","0","130","19","0","0","-1","-1","8","5","143","40","410","103","352","60","85","82","84","24","3","0","-1","-1","-16","-3","-11","803","821","715","782"
"61.650","81","1","-0","1","-0","3490","-0.3830","2","1.8250","82","41","-0","4457","2","62","18","50","2","3","-4","6","148","9","0","130","19","0","0","-1","-1","8","5","143","32","404","100","356","66","84","81","84","23","3","0","-1","-1","-16","-3","-12","798","814","708","779"
"61.700","80","1","0","1","-0","3491","-0.3480","2","1.7220","82","41","-0","4378","2","62","18","50","2","3","-4","5","149","9","0","130","19","0","0","-1","-1","8","5","143","33","368","88","338","73","84","80","83","22","3","0","-1","-1","-15","-3","-11","792","818","711","776"
"61.750","81","1","0","1","-0","3492","-0.3730","2","1.6910","81","42","-0","4364","2","62","17","51","2","3","-5","4","149","9","0","130","19","0","0","-1","-1","8","5","143","40","358","80","322","75","83","80","82","20","3","0","-1","-1","-14","-2","-10","793","812","703","773"
"61.800","82","1","0","1","-0","3493","-0.3580","2","1.8540","80","45","-0","4344","2","62","17","51","2","3","-5","4","148","9","0","130","19","0","0","-1","-1","7","5","143","46","400","86","340","76","82","79","82","17","2","0","-1","-2","-16","-3","-11","784","814","707","771"
"61.850","81","1","0","2","-0","3494","-0.3650","2","1.8920","80","49","-0","4305","2","62","17","51","2","3","-5","6","147","9","0","130","19","0","0","-1","-1","6","4","143","34","428","89","359","77","82","79","82","14","2","0","-1","-1","-17","-3","-12","789","810","701","767"
"61.900","81","1","0","1","-0","3495","-0.3060","2","1.8840","80","49","-0","4277","2","62","17","51","2","3","-4","5","149","9","0","130","19","0","0","-1","-1","6","5","143","30","405","92","348","76","82","78","82","12","2","0","-1","-1","-16","-3","-11","776","809","700","763"
"61.950","81","1","0","1","-0","3497","-0.3980","2","1.9760","79","50","-0","4222","2","62","16","51","2","3","-4","5","152","9","0","130","19","0","0","-1","-1","6","5","143","38","415","89","371","75","81","77","81","12","2","0","-1","-1","-16","-3","-12","783","809","697","760"
"62.000","81","1","-0","1","-0","3498","-0.3180","2","1.9520","78","50","-0","4249","2","62","16","51","2","3","-4","7","151","9","2","130","19","0","0","-0","-0","6","5","143","37","426","84","392","75","81","76","80","12","2","0","-0","-1","-17","-3","-13","772","797","697","760"
"62.050","78","0","0","0","-0","3499","-0.3580","2","2.0100","78","49","-0","4136","2","62","17","50","2","3","-4","7","153","9","20","130","19","0","0","-0","-0","7","5","143","45","401","88","388","74","80","76","80","12","2","0","-0","-2","-16","-3","-13","776","807","692","759"
"62.100","77","1","-0","0","-0","3500","-0.3020","2","2.0580","77","49","-0","4613","2","62","17","50","2","3","-4","7","153","9","33","130","19","0","0","-0","-0","7","5","143","51","406","83","404","74","80","75","79","11","2","0","-0","-2","-16","-3","-13","766","793","693","755"
"62.150","74","0","-0","-0","-0","3501","0.1530","2","1.8760","76","52","-0","4510","2","62","17","49","2","3","-4","8","152","9","38","130","19","0","0","0","0","6","5","143","32","383","97","409","74","79","79","83","10","1","0","0","-1","-15","-3","-13","771","804","688","754"
"62.200","75","-0","-0","-0","-0","3502","0.2190","2","1.8450","77","50","-0","4600","2","62","17","48","1","2","-2","7","155","9","41","130","19","0","0","1","1","6","5","145","24","338","121","408","73","79","83","83","11","2","0","1","-1","-13","-4","-13","760","790","689","752"
"62.250","76","0","-0","0","-0","3503","0.2010","2","1.9190","77","47","-0","4232","2","62","18","47","1","2","-2","9","155","9","49","130","19","0","0","0","0","7","5","146","28","371","107","423","73","79","82","80","13","2","0","0","-1","-14","-3","-14","766","798","686","750"
"62.300","77","0","-0","0","-0","3504","0.2280","2","2.0020","77","49","-0","4455","2","62","19","46","2","3","-3","9","152","9","52","130","19","0","0","0","0","7","5","147","32","396","106","428","74","79","81","81","12","2","0","0","-1","-15","-3","-14","755","790","687","748"
"62.350","77","-0","-0","-0","-0","3505","0.1610","2","1.9950","78","50","-0","4401","2","62","19","46","2","3","-2","9","151","9","58","130","19","0","0","0","0","7","5","148","26","379","113","426","74","80","82","82","12","2","0","0","-1","-15","-4","-14","761","792","681","745"
"62.400","77","-0","-0","-0","-0","3507","0.2200","2","1.8140","78","47","-0","4509","2","62","18","46","2","2","-2","8","151","9","73","130","19","0","0","0","0","7","5","149","12","361","113","401","75","80","82","82","13","2","0","0","-0","-14","-4","-13","752","788","684","743"
"62.450","77","0","-0","-0","-0","3508","0.3440","2","1.8700","78","46","-0","4517","2","62","19","46","1","2","-2","7","149","9","83","130","19","0","0","1","1","7","5","150","16","351","129","392","74","80","83","83","14","2","0","1","-0","-14","-4","-13","756","791","682","745"
"62.500","78","0","-0","0","-0","3509","0.3270","2","1.9660","78","47","-0","4551","2","63","20","45","1","2","-2","8","142","8","89","130","19","0","0","1","1","6","5","152","22","380","128","432","75","81","83","83","11","2","0","1","-1","-15","-4","-14","747","793","683","743"
"62.550","81","0","-0","0","-0","3510","0.4250","2","1.9270","79","47","-0","4626","2","63","19","45","2","2","-2","9","133","8","94","130","19","0","0","1","1","6","5","153","16","368","134","429","75","82","84","84","9","1","0","1","-0","-14","-4","-14","750","789","678","743"
"62.600","82","0","-0","0","-0","3511","0.4750","2","1.8210","80","45","-0","4582","2","63","19","45","1","2","-1","8","132","8","90","130","19","0","0","1","1","6","5","154","11","328","133","412","76","82","85","85","9","1","0","1","-0","-13","-4","-13","745","788","681","740"
"62.650","82","0","0","0","-0","3512","0.3950","2","1.8740","81","45","-0","4719","2","63","19","44","1","2","-2","9","126","7","90","130","19","0","0","1","1","6","5","155","18","347","117","419","76","83","86","85","7","1","0","1","-1","-14","-4","-14","745","785","675","739"
"62.700","82","0","0","0","-0","3513","0.4940","2","1.9890","81","49","-0","4714","2","63","20","44","1","2","-2","9","113","7","89","130","19","0","0","1","1","5","5","156","33","372","116","429","76","84","87","87","-0","-0","0","1","-1","-15","-4","-14","744","786","679","741"
"62.750","81","0","0","0","-0","3514","0.4920","2","1.8740","82","50","-0","4783","2","63","20","44","1","2","-2","9","95","6","86","130","19","0","0","1","1","4","5","157","23","354","131","426","78","85","88","88","-6","-1","0","1","-1","-14","-4","-14","741","782","676","736"
"62.800","80","0","0","0","-0","3516","0.5160","2","1.7830","84","46","-0","4782","2","63","20","43","1","2","-1","9","92","5","82","130","19","0","0","1","1","4","5","158","5","351","148","418","79","86","88","88","-6","-1","0","1","0","-14","-5","-14","745","783","674","737"
"62.850","78","0","0","0","-0","3517","0.5590","2","1.8670","84","41","-0","4796","2","63","22","43","1","2","-0","9","87","5","83","130","19","0","0","1","1","4","5","159","3","386","161","420","79","86","89","89","-3","-0","0","1","0","-15","-5","-14","736","779","674","735"
"62.900","76","0","-0","0","-0","3518","0.5330","2","1.8040","85","38","-0","4870","2","63","22","44","1","2","0","9","80","5","84","130","19","0","0","1","1","5","5","161","7","369","165","423","79","87","89","89","-2","-0","0","1","-0","-14","-5","-14","739","780","672","735"
"62.950","77","0","0","0","-0","3519","0.5480","2","1.5840","86","32","-0","4886","2","63","23","43","1","2","0","9","74","4","89","130","19","0","0","1","1","5","4","162","10","321","159","407","79","88","90","90","1","0","0","1","-0","-12","-5","-13","733","776","673","732"
"63.000","78","0","-0","0","-0","3520","0.5850","2","1.4950","87","30","-0","4973","2","63","23","43","1","1","-0","7","74","4","93","130","19","0","0","1","1","5","4","163","26","305","158","358","79","88","91","91","2","0","0","1","-1","-12","-5","-11","736","777","669","732"
"63.050","82","0","0","0","-0","3522","0.6880","2","1.5420","87","34","-0","5120","2","63","24","43","1","2","-0","6","76","4","98","130","19","0","0","1","1","4","4","164","37","317","172","376","80","89","93","92","1","0","0","1","-1","-12","-5","-12","734","774","669","735"
"63.100","84","-0","0","0","-0","3523","0.7310","2","1.5580","89","34","-0","5062","2","63","23","43","1","2","0","9","77","4","97","130","19","0","0","1","1","4","4","165","24","323","190","434","85","90","94","94","1","0","0","1","-1","-13","-6","-14","735","772","670","729"
"63.150","85","0","0","0","-0","3524","0.6800","2","1.5300","90","32","-0","5087","2","63","23","43","1","2","1","10","77","4","97","130","19","0","0","1","1","4","4","167","18","316","175","415","86","91","94","94","3","0","0","1","-0","-12","-6","-13","732","771","667","729"
"63.200","87","0","0","0","-0","3525","0.7200","2","1.5590","91","33","-0","5294","2","63","23","42","1","2","0","8","76","4","93","130","19","0","0","1","1","4","4","168","33","318","168","384","86","92","96","96","2","0","0","1","-1","-12","-5","-12","728","766","667","727"
"63.250","88","-0","0","0","-0","3527","0.7830","2","1.5290","92","35","-0","5337","2","63","22","42","1","2","0","8","72","4","90","130","19","0","0","1","1","4","4","169","29","306","176","396","89","94","98","98","0","0","0","1","-1","-12","-6","-13","730","766","664","725"
"63.300","88","-0","0","0","-0","3528","0.8260","2","1.4890","94","34","-0","5382","2","63","22","42","1","1","1","9","70","4","90","130","19","0","0","1","1","4","4","170","23","301","176","420","90","95","99","99","-1","-0","0","1","-1","-12","-6","-13","724","758","667","727"
"63.350","90","-0","0","-0","-0","3529","0.8430","2","1.5570","95","33","-0","5551","2","63","23","41","1","1","0","9","64","4","91","130","19","0","0","1","1","4","4","172","31","312","181","419","91","96","100","100","-1","-0","0","1","-1","-12","-6","-13","726","768","665","724"
"63.400","92","0","0","0","-0","3531","0.9600","2","1.5180","96","32","-0","5590","2","63","23","41","1","2","1","9","58","3","92","130","19","0","0","2","2","4","4","173","28","304","194","420","92","98","102","102","-3","-0","0","2","-1","-12","-6","-13","727","759","664","726"
"63.450","92","-0","0","0","-0","3532","0.9830","2","1.3620","98","28","-0","5652","2","63","24","40","0","1","2","9","50","3","92","130","19","0","0","2","2","3","3","174","24","291","207","428","94","99","104","104","-2","-0","0","2","-1","-11","-7","-14","720","760","661","723"
"63.500","92","0","0","0","-0","3533","1.0120","2","1.2740","100","25","-0","5848","2","64","24","39","0","1","2","9","47","3","94","130","19","0","0","2","2","3","3","176","39","289","226","394","95","101","106","105","-1","-0","0","2","-1","-11","-7","-13","724","763","663","721"
"63.550","95","0","0","0","-0","3535","1.1010","2","1.1110","102","22","0","5876","2","64","23","39","0","0","3","8","44","3","92","130","19","0","0","2","2","3","3","178","49","246","261","377","98","103","108","108","1","0","0","2","-2","-9","-8","-12","724","753","659","720"
"63.600","98","1","0","1","-0","3536","1.0770","1","0.8540","104","16","-0","5932","2","64","22","39","-1","-0","5","8","43","2","91","130","19","0","0","2","2","3","2","180","45","227","267","391","100","104","109","109","5","1","0","2","-1","-9","-8","-12","720","761","663","719"
"63.650","99","-0","0","-0","-0","3538","0.9660","1","0.7550","105","13","-0","6129","2","64","20","38","0","1","4","7","33","2","92","130","19","0","0","2","2","2","2","181","84","228","254","347","102","106","111","111","4","0","0","2","-3","-9","-8","-11","723","760","662","718"
"63.700","100","0","0","0","-0","3539","1.0410","1","0.7420","107","18","-0","6394","2","64","18","38","1","2","4","8","22","1","92","130","19","0","0","2","2","2","2","183","93","222","284","304","106","108","115","115","-2","-0","0","2","-3","-8","-9","-10","719","752","660","719"
"63.750","103","-0","-0","-0","-0","3541","1.1250","1","0.7050","109","16","-0","6446","2","64","18","39","0","1","6","8","15","1","93","130","19","0","0","2","2","2","2","186","50","220","300","395","107","110","118","119","-6","-1","0","2","-2","-8","-10","-13","716","758","657","718"
"63.800","106","0","0","0","-0","3542","1.1050","1","0.8870","111","12","-0","6456","2","64","18","40","-0","0","5","12","15","1","99","130","19","0","0","2","2","2","3","189","70","206","244","439","108","111","119","119","-4","-0","0","2","-2","-8","-8","-14","721","756","657","716"
"63.850","107","0","0","0","-0","3544","1.1380","2","0.9740","112","12","-0","6610","2","64","21","43","0","0","3","9","13","1","100","130","19","0","0","2","2","3","3","192","126","183","197","392","110","113","120","119","-4","-0","0","2","-5","-7","-6","-12","718","750","659","716"
"63.900","108","-0","-0","-0","-0","3545","1.1800","1","0.8100","114","14","-0","6721","2","64","22","44","0","0","1","9","15","1","100","130","19","0","0","2","2","2","3","196","125","192","212","413","113","115","123","123","-5","-1","0","2","-5","-7","-7","-13","714","756","658","714"
"63.950","110","-0","0","-0","-0","3547","1.1930","1","0.7900","117","13","-0","6613","2","64","22","46","0","1","4","9","14","1","100","130","19","0","0","2","2","2","2","199","108","222","279","428","115","118","124","124","-5","-0","0","2","-4","-8","-9","-14","715","753","655","711"
"64.000","112","0","0","1","-0","3549","1.0800","1","0.6670","120","10","-0","6804","2","64","25","46","0","1","7","11","10","1","100","130","19","0","0","2","2","2","2","200","134","215","315","426","117","121","124","125","-3","-0","0","2","-5","-8","-10","-14","716","749","655","713"
"64.050","113","-0","0","-0","-0","3550","1.1410","1","0.5680","123","5","-0","6992","2","64","23","46","1","1","7","10","5","0","100","130","19","0","0","2","2","1","2","200","179","195","316","394","120","123","127","127","-1","-0","0","2","-7","-7","-10","-13","715","744","657","709"
"64.100","114","-0","0","0","-0","3552","1.1440","1","0.4140","125","2","0","6985","2","64","23","46","1","1","7","8","3","0","100","130","19","0","0","2","2","1","1","200","174","151","326","373","122","125","129","129","0","0","0","2","-7","-6","-10","-12","712","750","654","711"
"64.150","116","0","0","0","-0","3554","1.0640","1","0.3350","126","2","-0","7088","2","64","22","43","0","-0","7","9","8","0","100","130","19","0","0","2","2","1","1","200","178","112","302","402","124","126","130","130","2","0","0","2","-7","-4","-9","-13","710","751","656","709"
"64.200","119","0","0","0","-0","3555","1.0570","1","0.4660","126","4","0","7262","2","64","21","42","1","1","5","10","13","1","100","130","19","0","0","2","2","1","1","200","218","169","278","388","126","126","132","132","3","0","0","2","-8","-6","-9","-12","714","748","654","710"
"64.250","123","0","0","0","-0","3557","1.2140","1","0.4880","128","10","-0","7499","2","64","21","40","2","2","6","7","15","1","100","130","19","0","0","2","2","1","1","203","162","242","316","398","128","128","137","137","1","0","0","2","-6","-9","-10","-13","712","746","654","708"
"64.300","126","0","0","0","-0","3559","1.0870","1","0.5330","130","9","-0","7243","2","64","19","41","1","1","8","13","15","1","100","130","19","0","0","2","2","1","1","206","96","239","344","431","129","131","135","135","0","0","0","2","-3","-9","-11","-14","708","749","653","708"
"64.350","128","0","0","0","-0","3561","1.0540","1","0.6260","132","9","-0","7533","2","64","19","41","2","2","9","10","10","1","100","130","19","0","0","2","2","1","1","206","137","274","342","390","131","132","137","137","-1","-0","0","2","-5","-10","-11","-12","710","743","653","707"
"64.400","130","0","0","0","-0","3563","1.1220","1","0.5020","134","8","-0","7674","2","64","17","42","2","2","9","8","7","0","100","130","19","0","0","2","2","1","1","206","136","289","359","389","133","134","140","140","-2","-0","0","2","-5","-11","-11","-12","706","745","653","707"
"64.450","133","0","0","0","-0","3565","1.0530","1","0.4360","136","5","-0","7599","2","64","13","43","1","2","9","11","6","0","100","130","19","0","0","2","2","1","1","206","108","240","366","382","135","136","141","141","-1","-0","0","2","-4","-9","-11","-12","705","744","651","705"
"64.500","135","0","0","0","-0","3566","1.0250","1","0.4600","137","3","0","7850","2","65","12","42","1","2","9","9","8","0","100","130","19","0","0","2","2","1","1","206","148","208","337","370","137","138","143","143","2","0","0","2","-5","-8","-11","-12","708","743","647","705"
"64.550","136","0","0","0","-0","3568","1.0550","1","0.3390","139","4","-0","7866","2","65","12","39","2","2","7","10","10","1","100","130","19","0","0","2","2","1","1","206","176","238","325","406","139","140","145","145","3","0","0","2","-7","-9","-10","-13","706","742","647","703"
"64.600","138","0","0","0","-0","3570","1.0350","1","0.3560","142","5","-0","7984","2","65","12","38","2","3","8","10","12","1","100","130","19","0","0","1","1","1","1","206","168","282","368","408","141","142","146","146","4","0","0","1","-6","-11","-12","-13","706","736","650","702"
"64.650","140","-0","0","0","-0","3572","0.9610","1","0.3460","143","5","-0","8106","2","65","12","35","2","2","10","10","13","1","100","130","19","0","0","1","1","1","1","206","148","314","413","412","142","144","149","149","4","0","0","1","-5","-12","-13","-13","705","736","647","702"
"64.700","142","0","0","1","-0","3574","0.9970","1","0.3780","145","5","0","8200","2","65","13","33","2","2","11","12","14","1","100","130","19","0","0","1","1","1","1","206","138","302","396","450","144","146","150","150","5","0","0","1","-5","-11","-12","-14","704","740","648","703"
"64.750","144","-0","0","0","-0","3576","0.8050","1","0.4900","146","7","-0","7190","2","65","16","31","2","2","10","11","14","1","100","130","19","0","0","1","1","1","1","206","164","305","339","434","146","147","148","149","4","0","0","1","-6","-11","-11","-14","703","736","648","701"
"64.800","144","0","0","0","-0","3578","-0.2150","1","0.6290","148","10","-0","7149","3","65","18","32","3","3","8","8","15","1","100","130","19","0","0","0","0","1","1","206","186","365","301","387","147","148","142","145","2","0","0","0","-7","-14","-9","-12","701","740","648","699"
"64.850","144","-0","-0","-0","-0","3580","0.9020","1","0.7660","147","13","-0","6372","3","65","18","35","3","3","7","9","19","1","100","130","19","0","0","1","1","2","1","208","140","330","311","388","147","148","158","158","2","0","0","1","-5","-12","-10","-12","702","738","648","698"
"64.900","144","-0","0","-0","-0","3582","0.7270","1","0.8740","148","12","-0","6698","3","65","18","35","1","1","8","11","26","2","100","130","19","0","0","1","1","2","2","209","91","256","296","414","147","149","154","154","7","0","0","1","-3","-10","-9","-13","698","736","646","699"
"64.950","146","0","-0","0","-0","3585","0.7750","1","1.1820","150","15","-0","6859","3","65","19","34","2","2","5","12","33","2","100","130","19","0","0","1","1","3","2","209","121","314","246","446","149","150","154","154","9","1","0","1","-4","-12","-7","-14","699","738","648","697"
"65.000","148","0","0","0","-0","3587","0.9800","2","1.4210","152","22","-0","6806","3","65","19","34","3","3","5","11","35","2","100","130","19","0","0","1","1","3","2","210","128","384","274","486","150","153","158","158","8","1","0","1","-4","-15","-8","-15","698","736","647","697"
"65.050","150","0","0","0","-0","3589","0.7650","2","1.4910","153","22","-0","6811","3","65","17","34","2","3","8","15","42","2","100","130","19","0","0","1","1","3","3","210","75","369","298","530","151","154","157","157","10","1","0","1","-2","-14","-9","-17","697","735","644","699"
"65.100","150","0","-0","-0","-0","3591","0.7280","2","1.7400","154","23","-0","6912","3","65","17","34","2","3","7","15","47","3","100","130","19","0","0","1","1","4","3","210","69","408","262","516","151","155","158","158","12","1","0","1","-2","-16","-8","-16","697","735","644","698"
"65.150","150","1","0","1","-0","3593","0.8080","2","1.8930","155","29","-0","7009","3","65","17","32","3","4","5","14","48","3","100","130","19","0","0","1","1","4","3","210","71","432","243","510","154","157","161","161","10","1","0","1","-2","-17","-7","-16","694","733","644","697"
"65.200","150","0","0","0","-0","3595","0.7380","2","1.8990","157","30","-0","7056","3","65","17","32","2","3","5","15","50","3","100","130","19","0","0","1","1","4","3","210","43","406","244","534","154","158","162","162","10","1","0","1","-1","-16","-7","-17","696","732","643","693"
"65.250","152","0","0","0","-0","3597","0.6890","2","2.0800","158","30","-0","7143","3","65","16","33","2","3","5","15","50","3","100","130","19","0","0","1","1","4","4","210","42","427","230","540","154","159","163","163","10","1","0","1","-1","-16","-7","-17","692","733","643","693"
"65.300","153","0","0","0","-0","3600","0.7520","2","2.2040","159","32","-0","7192","3","65","16","33","3","4","4","15","45","3","100","130","19","0","0","1","1","4","4","210","58","462","220","546","155","161","165","165","6","0","0","1","-2","-18","-6","-17","694","730","643","693"
"65.350","154","-0","0","0","-0","3602","0.7340","2","2.1620","161","31","-0","7219","3","65","16","32","3","4","5","16","40","2","100","130","19","0","0","1","1","4","4","210","44","452","227","559","157","162","166","166","3","0","0","1","-1","-17","-7","-18","691","732","642","692"
"65.400","155","-0","0","0","-0","3604","0.6970","2","2.1740","162","29","-0","7308","3","65","16","32","3","4","5","15","41","2","100","130","19","0","0","1","1","4","4","210","29","459","228","548","157","163","168","168","5","0","0","1","-0","-18","-7","-17","692","728","642","691"
"65.450","155","1","0","1","-0","3606","0.7280","2","2.2670","162","29","-0","7363","3","65","15","31","3","4","5","15","41","2","100","130","19","0","0","1","1","4","4","210","26","476","231","543","158","164","169","169","5","0","0","1","-0","-18","-7","-17","690","730","641","691"
"65.500","156","0","0","0","-0","3609","0.7040","2","2.2930","164","29","-0","7396","3","66","15","30","3","4","5","15","38","2","100","130","19","0","0","1","1","4","4","211","33","478","240","555","159","165","170","170","3","0","0","1","-0","-18","-7","-18","688","727","642","691"
"65.550","158","-0","0","-0","-0","3611","0.7480","2","2.2980","165","27","-0","7443","3","66","14","30","3","4","6","16","31","2","100","130","19","0","0","1","1","4","4","211","44","494","263","566","160","166","171","171","2","0","0","1","-1","-19","-8","-18","691","729","641","689"
"65.600","159","-1","0","-1","-0","3613","0.7260","2","2.2730","166","23","-0","7453","3","66","14","30","3","4","7","17","33","2","100","130","19","0","0","1","1","4","4","211","46","499","277","589","163","167","171","171","7","1","0","1","-1","-19","-8","-19","688","727","638","689"
"65.650","158","0","0","0","-0","3616","0.6830","2","2.2670","167","21","0","7508","3","66","14","30","3","4","7","17","49","3","100","130","19","0","0","1","1","5","4","211","48","482","256","585","164","168","172","172","16","1","0","1","-1","-19","-8","-19","689","727","640","688"
"65.700","156","0","0","0","-0","3618","0.6890","2","2.3180","168","25","-0","7575","3","66","14","30","3","4","6","16","57","3","100","130","19","0","0","1","1","5","4","211","45","474","239","552","165","169","173","173","21","1","0","1","-1","-18","-7","-18","689","727","638","687"
"65.750","156","-1","0","-1","-0","3620","0.6980","2","2.2920","169","31","-0","7595","3","66","14","30","3","4","6","16","57","3","100","130","19","0","0","1","1","5","4","211","29","477","247","555","166","170","175","175","19","1","0","1","-0","-18","-7","-18","688","726","637","686"
"65.800","155","-0","0","-0","-0","3623","0.6890","3","2.4320","170","31","-0","7644","3","66","14","30","3","4","6","16","55","3","100","130","19","0","0","1","1","5","4","211","34","483","248","580","165","172","176","176","15","1","0","1","-0","-19","-7","-18","687","726","637","686"
"65.850","155","0","0","0","-0","3625","0.6890","3","2.4510","171","35","-0","7700","3","66","14","29","3","4","6","17","45","3","100","130","19","0","0","1","1","4","4","211","67","508","218","609","168","173","177","177","7","0","0","1","-2","-20","-6","-19","686","726","635","687"
"65.900","157","-1","0","-1","-0","3627","0.7970","3","2.4810","172","36","-0","7884","3","66","15","29","3","4","7","18","36","2","100","130","19","0","0","1","1","4","4","212","73","503","249","657","170","174","182","182","-1","-0","0","1","-2","-19","-7","-21","684","724","635","684"
"65.950","162","0","0","0","-0","3630","0.6470","3","2.5160","174","28","-0","7931","3","66","16","32","3","4","9","20","27","2","100","130","19","0","0","1","1","4","4","213","63","499","286","652","172","175","178","178","-4","-0","0","1","-2","-19","-9","-20","682","725","637","683"
"66.000","164","0","0","0","-0","3632","0.7470","2","2.0810","174","24","-0","7877","3","66","17","33","3","4","7","17","18","1","100","130","19","0","0","1","1","4","4","213","39","465","247","542","173","176","181","181","-7","-0","0","1","-1","-18","-7","-17","683","725","637","685"
"66.050","168","1","0","1","-0","3635","0.6760","2","1.6270","175","21","0","8014","3","66","18","33","2","2","6","12","8","0","100","130","19","0","0","1","1","4","4","214","23","347","191","410","173","176","185","185","-12","-1","0","1","0","-13","-5","-13","681","724","634","683"
"66.100","170","1","0","1","-0","3637","0.5340","2","1.5920","176","24","0","8598","3","66","18","33","2","2","-2","8","5","0","100","130","19","0","0","1","1","4","5","217","81","297","186","409","174","177","192","191","-18","-1","0","1","-2","-11","-5","-12","682","724","634","683"
"66.150","172","0","0","0","-0","3640","0.9630","2","1.7780","177","24","-0","7895","3","66","18","34","2","3","5","14","4","0","100","130","19","0","0","1","1","3","4","222","91","388","229","545","175","178","189","189","-19","-1","0","1","-3","-14","-7","-17","680","719","634","683"
"66.200","171","-0","0","-0","-0","3642","0.6450","2","2.0200","179","17","-0","7980","3","66","18","35","3","4","6","18","5","0","100","130","19","0","0","1","1","3","4","224","48","485","254","615","176","180","185","185","-12","-1","0","1","-1","-18","-7","-19","679","721","635","682"
"66.250","171","-1","0","-1","-0","3645","0.5160","2","2.0890","180","8","-0","8015","3","66","17","33","3","4","7","17","7","0","100","130","19","0","0","1","1","4","4","224","68","474","254","549","176","180","183","183","-3","-0","0","1","-2","-18","-7","-17","681","718","633","681"
"66.300","173","-0","-0","-0","-0","3647","0.5620","2","1.7760","180","7","-0","8092","3","66","16","32","3","4","5","14","10","1","100","130","19","0","0","1","1","4","4","224","98","425","233","459","179","180","185","185","2","0","0","1","-3","-16","-7","-14","680","716","633","680"
"66.350","180","0","-0","0","-0","3650","0.5830","2","1.5640","181","12","-0","8088","3","66","15","32","3","4","4","11","16","1","100","130","19","0","0","1","1","4","3","224","113","382","248","446","180","181","186","186","2","0","0","1","-4","-14","-7","-14","679","720","632","680"
"66.400","184","0","0","0","-0","3652","0.5170","2","1.4640","182","13","-0","8055","3","66","15","32","3","4","6","13","14","1","100","130","19","0","0","1","1","3","3","224","120","375","283","490","181","183","186","186","-1","-0","0","1","-4","-14","-8","-15","678","719","632","678"
"66.450","187","2","1","2","-0","3655","0.2980","1","1.2780","183","10","0","8158","3","66","13","33","4","4","7","14","2","0","100","130","19","0","0","1","1","2","3","224","157","402","313","492","182","184","183","183","-6","-0","0","1","-5","-15","-9","-15","675","718","632","680"
"66.500","185","9","6","15","-0","3657","0.1510","1","0.8730","183","4","0","7515","3","67","11","33","4","4","9","14","-9","-1","51","130","19","0","0","0","0","2","2","224","206","369","351","452","182","183","183","183","-10","-1","0","0","-7","-14","-11","-14","676","715","632","678"
"66.550","182","30","20","50","-0","3660","-0.5950","1","0.2820","180","-7","0","7400","3","67","9","34","4","4","10","12","-19","-1","0","130","19","-0","-0","-0","-0","1","1","224","295","338","338","358","180","181","188","187","-7","-0","-0","-0","-11","-12","-10","-11","679","725","630","677"
"66.600","178","41","25","66","0","3662","-1.4830","2","-0.2530","179","-12","0","7227","3","67","7","36","5","5","9","8","-21","-1","0","130","19","-1","-1","-1","-1","-0","-0","224","416","341","315","276","180","178","177","174","1","0","-1","-1","-16","-13","-9","-8","691","737","633","678"
"66.650","174","50","30","80","0","3665","-2.0030","2","-0.7070","176","-18","-0","7571","3","67","6","38","5","5","9","6","-21","-1","0","130","19","-1","-1","-1","-1","-1","-1","224","488","336","319","235","177","174","173","172","3","0","-1","-1","-19","-12","-10","-7","713","767","649","694"
"66.700","171","55","34","88","0","3667","-1.9200","2","-1.0420","173","-20","0","7222","3","67","4","39","5","5","9","4","-23","-1","0","130","19","-1","-1","-1","-1","-2","-2","224","527","310","342","203","174","170","169","168","1","0","-1","-1","-21","-11","-10","-6","726","777","663","704"
"66.750","169","48","28","77","0","3670","-1.9440","2","-1.3900","170","-22","-0","7144","3","67","4","40","5","5","10","4","-27","-2","0","130","19","-1","-1","-1","-1","-2","-2","224","556","279","376","183","171","164","167","164","1","0","-1","-1","-22","-10","-12","-5","735","797","684","721"
"66.800","170","45","27","72","0","3672","-1.6000","2","-1.6380","166","-23","-0","7072","3","67","4","40","5","5","11","3","-28","-2","0","130","19","-1","-1","-1","-1","-3","-3","224","571","244","405","172","168","162","164","162","0","0","-1","-1","-22","-9","-13","-5","736","802","694","728"
"66.850","168","44","26","70","0","3674","-1.6110","2","-1.7480","163","-23","-0","6867","3","67","5","39","5","5","11","3","-28","-2","0","130","19","-1","-1","-1","-1","-3","-3","224","574","220","416","171","165","157","163","158","0","0","-1","-1","-23","-8","-13","-5","738","800","702","737"
"66.900","164","35","21","56","0","3676","-1.3640","2","-1.8330","161","-24","0","6847","3","67","5","39","5","5","12","3","-28","-2","0","130","19","-0","-1","-1","-1","-3","-3","224","574","210","424","176","162","155","160","156","1","0","-1","-1","-23","-8","-13","-5","739","808","706","741"
"66.950","161","36","20","57","0","3679","-1.2940","2","-1.8350","159","-22","-0","6738","3","67","5","38","5","4","12","3","-31","-2","0","130","19","-0","-1","-1","-1","-3","-3","224","567","196","440","184","160","154","158","155","2","0","-1","-1","-23","-7","-14","-5","736","805","712","742"
"67.000","158","34","20","54","0","3681","-1.2850","2","-1.8950","156","-22","-0","6636","3","67","6","38","5","4","12","3","-35","-2","0","130","19","-0","-1","-1","-1","-3","-3","224","564","191","440","180","157","149","155","153","5","0","-1","-1","-23","-7","-14","-5","739","806","712","738"
"67.050","155","34","18","53","0","3683","-1.1710","2","-1.9080","154","-25","-0","6536","3","67","7","39","5","4","12","3","-38","-2","0","130","19","-0","-1","-1","-1","-4","-3","224","553","183","437","172","155","148","153","150","5","0","-1","-1","-22","-7","-14","-5","732","798","714","741"
"67.100","151","30","18","48","0","3685","-1.1860","2","-1.8810","151","-26","-0","6437","3","67","7","39","5","4","12","3","-39","-2","0","130","19","-0","-1","-1","-1","-4","-3","224","524","165","425","164","152","144","151","148","4","0","-1","-1","-21","-6","-13","-5","731","806","712","737"
"67.150","148","29","16","45","0","3687","-1.0230","2","-1.9000","149","-29","-0","6332","3","67","8","40","5","4","11","1","-41","-2","0","130","19","-0","-1","-1","-1","-4","-3","224","526","156","404","148","150","143","149","146","3","0","-1","-1","-21","-6","-13","-4","733","798","715","739"
"67.200","148","26","15","41","0","3689","-1.0570","2","-1.9680","147","-30","-0","6268","3","67","9","40","5","4","11","1","-42","-2","0","130","19","-0","-1","-1","-1","-4","-3","224","533","148","417","137","149","140","147","143","2","0","-1","-1","-21","-5","-13","-4","729","801","714","736"
"67.250","146","22","13","35","0","3691","-0.8900","2","-2.0440","145","-31","-0","6194","3","67","10","41","5","4","11","0","-44","-3","0","130","19","-0","-1","-0","-0","-4","-4","224","527","137","447","134","147","138","145","142","2","0","-0","-0","-21","-5","-14","-4","724","799","711","737"
"67.300","144","22","13","35","0","3693","-0.8920","2","-2.1390","144","-32","0","6137","3","67","10","41","5","4","12","0","-46","-3","2","130","19","-0","-1","-0","-0","-4","-4","224","525","130","459","136","145","136","144","140","2","0","-0","-0","-21","-5","-15","-4","722","788","710","736"
"67.350","140","17","10","27","0","3695","-0.7730","2","-2.2420","142","-33","0","6053","3","67","11","42","5","4","12","0","-49","-3","3","130","19","-0","-1","-0","-0","-4","-4","224","524","123","468","133","143","134","142","138","3","0","-0","-0","-21","-4","-15","-4","719","785","711","733"
"67.400","139","18","9","26","0","3697","-0.7090","2","-2.2550","140","-34","-0","6027","3","67","12","42","5","4","12","-0","-51","-3","3","130","19","-0","-1","-0","-0","-4","-4","224","520","116","478","127","142","133","141","137","3","0","-0","-0","-21","-4","-15","-4","716","780","711","733"
"67.450","136","12","7","19","0","3699","-0.6430","2","-2.2480","139","-34","0","5939","3","67","13","42","5","4","12","-0","-52","-3","6","130","19","-0","-1","-0","-0","-4","-4","224","498","100","476","121","141","132","140","136","3","0","-0","-0","-20","-3","-15","-3","713","774","709","729"
"67.500","135","10","6","16","0","3701","-0.5570","2","-2.2530","137","-35","0","5906","3","68","13","42","5","4","12","-1","-53","-3","7","130","19","-0","-1","-0","-0","-4","-4","224","493","91","465","112","139","130","138","135","2","0","-0","-0","-20","-3","-15","-3","710","763","704","727"
"67.550","130","6","3","9","0","3703","-0.4530","2","-2.2420","136","-36","0","5854","3","68","14","43","5","4","11","-1","-52","-3","6","130","19","-0","-1","-0","-0","-4","-4","224","487","82","459","112","138","130","137","133","1","0","-0","-0","-19","-3","-15","-3","707","756","697","727"
"67.600","129","7","3","10","0","3705","-0.4480","2","-2.2120","135","-35","-0","5812","3","68","14","43","4","3","11","-1","-52","-3","6","130","19","-0","-1","-0","-0","-4","-4","224","478","74","458","108","137","129","136","133","1","0","-0","-0","-19","-2","-15","-3","705","763","698","721"
"67.650","127","7","2","9","0","3707","-0.4100","2","-2.2170","134","-35","-0","5765","3","68","14","44","4","3","11","-2","-49","-3","8","130","19","-0","-1","-0","-0","-4","-4","224","498","74","437","108","136","128","135","132","-1","-0","-0","-0","-20","-2","-14","-3","702","757","694","717"
"67.700","127","5","3","8","0","3709","-0.4120","2","-2.2080","133","-35","-0","5728","3","68","14","44","4","3","10","-1","-45","-3","7","130","19","-0","-1","-0","-0","-4","-5","224","496","70","423","122","135","128","134","131","-3","-0","-0","-0","-20","-2","-14","-3","703","755","691","715"
"67.750","124","5","3","7","0","3711","-0.3930","2","-2.1830","132","-34","0","5698","3","68","13","44","4","3","10","-1","-41","-2","8","130","19","-0","-1","-0","-0","-4","-5","224","479","67","430","124","134","127","133","130","-4","-0","-0","-0","-19","-2","-14","-4","706","750","686","714"
"67.800","122","5","2","7","0","3713","-0.3740","2","-2.1390","131","-32","-0","5643","3","68","13","44","4","3","10","-1","-43","-3","8","130","19","0","0","-0","-0","-4","-5","224","467","62","441","123","133","126","132","129","-2","-0","0","-0","-19","-2","-14","-4","704","749","682","716"
"67.850","118","5","2","7","0","3714","-0.3800","2","-2.1180","130","-31","0","5607","3","68","13","44","4","3","10","-2","-50","-3","9","130","19","0","0","-0","-0","-5","-4","224","467","58","437","118","132","126","131","128","1","0","0","-0","-19","-2","-14","-3","702","747","680","715"
"67.900","116","5","2","7","0","3716","-0.3710","2","-2.1770","129","-31","-0","5560","3","68","13","44","4","3","10","-2","-54","-3","9","130","19","0","0","-0","-0","-5","-5","224","474","56","427","123","131","124","130","128","4","0","0","-0","-19","-2","-13","-4","699","747","681","709"
"67.950","115","5","2","7","0","3718","-0.3440","2","-2.1930","128","-34","0","5522","3","68","13","44","4","3","9","-2","-57","-3","8","130","19","-0","-1","-0","-0","-5","-5","224","479","65","420","110","130","124","129","126","5","0","-0","-0","-19","-2","-13","-3","698","745","677","710"
"68.000","115","3","2","5","0","3720","-0.3700","2","-2.1360","128","-35","-0","5492","3","68","13","45","4","3","10","-2","-62","-4","8","130","19","0","0","-0","-0","-5","-4","224","466","57","434","117","129","123","128","126","6","1","0","-0","-18","-2","-14","-3","701","745","678","708"
"68.050","114","4","2","5","0","3722","-0.3870","2","-2.1450","126","-35","-0","5453","3","68","14","45","4","3","10","-2","-71","-4","10","130","19","0","0","-0","-0","-5","-4","224","458","52","435","114","128","121","127","125","10","1","0","-0","-18","-2","-14","-3","696","743","676","705"
"68.100","114","5","2","7","0","3723","-0.3600","2","-2.2100","125","-36","-0","5400","3","68","14","45","4","3","9","-2","-74","-4","7","130","19","0","0","-0","-0","-6","-5","224","466","57","426","106","127","120","126","124","11","1","0","-0","-18","-2","-13","-3","692","735","675","705"
"68.150","113","4","2","7","0","3725","-0.3710","2","-2.1490","124","-39","-0","5367","3","68","13","45","4","3","9","-3","-74","-4","9","130","19","0","0","-0","-0","-5","-5","224","456","52","420","106","126","119","125","123","9","1","0","-0","-18","-2","-13","-3","694","734","674","705"
"68.200","112","3","2","5","0","3727","-0.3500","2","-2.0960","123","-39","-0","5313","3","68","13","45","4","3","9","-3","-73","-4","11","130","19","0","0","-0","-0","-5","-4","224","448","46","411","107","125","118","124","122","7","1","0","-0","-18","-1","-13","-3","697","739","672","703"
"68.250","109","2","1","4","0","3729","-0.3290","2","-2.1360","122","-40","-0","5442","3","68","14","45","4","3","8","-3","-69","-4","11","130","19","0","0","-0","-0","-5","-5","224","461","46","411","103","124","116","124","121","4","0","0","-0","-18","-1","-13","-3","697","738","669","701"
"68.300","107","4","1","4","0","3730","-0.1240","2","-2.1240","122","-41","-0","5783","3","68","15","45","4","3","9","-3","-66","-4","13","130","19","0","0","-0","-0","-5","-4","224","454","32","424","117","124","116","126","122","2","0","0","-0","-18","-1","-13","-3","688","738","670","702"
"68.350","106","2","0","2","0","3732","-0.0220","2","-2.0600","121","-37","-0","5346","3","68","15","45","3","2","9","-2","-64","-4","9","130","19","0","0","0","0","-5","-4","224","426","17","437","135","123","115","124","124","3","0","0","0","-17","-0","-14","-4","690","736","666","699"
"68.400","106","2","0","2","0","3734","-0.0410","2","-2.1190","121","-34","-0","5244","3","68","15","44","3","2","10","-2","-64","-4","12","130","19","0","0","0","0","-5","-4","224","442","34","434","123","122","112","124","123","5","0","0","0","-17","-1","-14","-4","690","739","667","699"
"68.450","103","1","0","2","0","3735","-0.0230","2","-2.1790","120","-35","-0","5312","3","68","16","44","4","3","9","-2","-65","-4","8","130","19","0","0","0","0","-5","-5","224","458","43","433","116","122","114","122","122","7","1","0","0","-18","-1","-14","-3","692","740","666","699"
"68.500","104","2","0","2","0","3737","-0.0960","2","-2.0890","120","-34","-0","5305","3","69","16","44","4","2","10","-2","-72","-4","1","130","19","0","0","0","0","-6","-5","224","437","30","444","124","122","116","122","122","12","1","0","0","-17","-1","-14","-4","688","736","664","697"
"68.550","104","2","1","3","0","3739","-0.1200","2","-2.1020","119","-30","-0","5198","3","69","16","45","3","2","10","-2","-90","-5","0","130","19","0","0","-0","-0","-7","-5","224","441","34","429","118","120","114","121","121","21","2","0","-0","-17","-1","-13","-3","689","734","663","698"
"68.600","106","2","0","3","0","3741","-0.1820","2","-2.1340","118","-31","-0","5111","3","69","15","45","4","3","9","-3","-97","-6","0","130","19","0","0","-0","-0","-7","-5","224","457","45","422","109","120","114","120","120","26","2","0","-0","-18","-1","-13","-3","689","733","659","694"
"68.650","102","2","0","2","0","3742","-0.2240","2","-2.0230","118","-32","-0","5041","3","69","15","46","3","2","9","-2","-99","-6","0","130","19","0","0","-0","-0","-7","-5","224","431","37","416","117","119","113","120","118","28","3","0","-0","-17","-1","-13","-3","687","736","661","693"
"68.700","101","2","0","2","0","3744","-0.2300","2","-1.9520","117","-31","-0","4791","3","69","15","47","3","2","9","-2","-100","-6","0","130","19","0","0","-0","-0","-7","-5","224","420","39","389","107","118","112","118","116","28","3","0","-0","-17","-1","-12","-3","687","733","659","695"
"68.750","102","2","1","2","0","3745","-0.3620","2","-2.0220","116","-35","-0","5182","3","69","15","47","3","2","7","-4","-101","-6","0","130","19","0","0","-0","-0","-7","-5","224","439","46","377","97","118","112","117","114","26","3","0","-0","-17","-1","-12","-3","690","732","657","693"
"68.800","102","3","1","3","0","3747","-0.2710","2","-2.0220","116","-38","-0","4873","3","69","15","47","3","3","7","-4","-101","-6","0","130","19","0","0","-0","-0","-7","-4","224","441","38","393","106","117","112","117","114","24","2","0","-0","-17","-1","-12","-3","684","731","659","694"
"68.850","102","2","0","2","0","3749","-0.3620","2","-2.0270","115","-38","-0","5060","3","69","15","48","4","2","8","-3","-103","-6","0","130","19","0","0","-0","-0","-7","-4","224","440","35","400","108","117","110","116","114","23","2","0","-0","-17","-1","-13","-3","681","735","659","691"
"68.900","102","2","1","2","0","3750","-0.2930","2","-2.1250","114","-38","-0","4896","3","69","15","47","4","3","8","-3","-103","-6","0","130","19","0","0","-0","-0","-7","-5","224","454","39","402","101","116","109","115","113","22","2","0","-0","-18","-1","-13","-3","686","731","655","692"
"68.950","100","1","1","2","0","3752","-0.3140","2","-2.1180","113","-40","-0","4901","3","69","16","47","4","3","8","-3","-102","-6","0","130","19","0","0","-0","-0","-7","-5","224","455","36","411","107","115","109","114","112","21","2","0","-0","-18","-1","-13","-3","684","728","656","691"
"69.000","100","1","0","2","0","3754","-0.3250","2","-2.0900","112","-39","-0","4889","3","69","15","47","4","3","8","-3","-103","-6","0","130","19","0","0","-0","-0","-7","-5","224","443","33","408","107","114","108","114","111","20","2","0","-0","-17","-1","-13","-3","681","732","654","691"
"69.050","98","1","0","1","0","3755","-0.2430","2","-2.0550","111","-39","-0","4756","3","69","16","47","4","3","8","-3","-103","-6","22","130","19","0","0","-0","-0","-7","-5","224","440","35","399","98","113","107","113","110","20","2","0","-0","-17","-1","-13","-3","684","732","654","691"
"69.100","100","1","0","2","0","3757","-0.2690","2","-2.0800","111","-39","-0","5059","3","69","16","47","4","3","8","-3","-103","-6","32","130","19","0","0","-0","-0","-7","-5","224","435","36","402","101","113","106","112","110","20","2","0","-0","-17","-1","-13","-3","686","728","655","687"
"69.150","101","1","0","1","0","3758","-0.1810","2","-2.1000","110","-39","-0","4769","3","69","17","47","4","3","8","-3","-102","-6","44","130","19","0","0","-0","-0","-7","-5","224","435","34","416","105","112","106","112","109","19","2","0","-0","-17","-1","-13","-3","678","722","651","689"
"69.200","100","-0","-0","-0","0","3760","0.0390","2","-2.0060","109","-39","-0","4983","3","69","17","46","3","2","8","-3","-102","-6","50","130","19","0","0","0","0","-6","-4","224","421","26","419","116","111","106","115","112","19","2","0","0","-16","-1","-13","-3","685","730","652","686"
"69.250","97","-0","-0","-1","0","3761","0.2200","2","-1.9710","109","-36","-0","5079","3","69","17","45","3","2","9","-2","-102","-6","67","130","19","0","0","0","0","-7","-4","225","400","21","424","129","111","105","115","116","21","2","0","0","-16","-0","-13","-4","682","726","650","686"
"69.300","96","0","-0","0","0","3763","0.2140","2","-1.9700","109","-34","-0","5096","3","69","18","45","3","2","9","-2","-101","-6","82","130","19","0","0","1","1","-7","-5","226","400","23","433","129","110","105","114","115","22","2","0","1","-16","-1","-14","-4","677","720","649","687"
"69.350","94","0","-0","-0","0","3764","0.3530","2","-1.9660","109","-33","-0","5027","3","69","19","44","3","2","9","-2","-100","-6","94","130","19","0","0","1","1","-7","-5","228","394","22","442","140","111","105","115","115","23","2","0","1","-15","-0","-14","-4","682","725","651","685"
"69.400","93","0","-0","0","0","3766","0.3680","2","-1.9250","109","-32","-0","4997","3","69","19","44","3","2","10","-1","-100","-6","100","130","19","0","0","1","1","-7","-5","230","382","17","444","146","111","105","115","115","24","3","0","1","-15","-0","-14","-4","677","727","648","684"
"69.450","92","-0","0","-0","0","3767","0.3490","2","-1.9200","110","-31","-0","4877","3","69","19","44","3","2","10","-1","-100","-6","100","130","19","0","0","1","1","-7","-5","231","381","19","430","143","111","105","115","115","25","3","0","1","-15","-0","-14","-4","676","726","647","685"
"69.500","91","0","0","0","0","3769","0.3950","2","-1.9120","110","-31","-0","4978","3","70","19","43","3","2","9","-1","-100","-6","98","130","19","0","0","1","1","-7","-5","233","378","20","430","148","112","106","115","115","25","3","0","1","-15","-0","-14","-5","679","729","647","683"
"69.550","90","0","0","0","0","3770","0.4360","2","-1.8820","110","-32","-0","5065","3","70","19","43","3","2","10","-1","-99","-6","97","130","19","0","0","1","1","-7","-4","234","379","19","439","152","112","106","116","116","25","3","0","1","-15","-0","-14","-5","679","728","643","683"
"69.600","91","-0","0","-0","0","3772","0.4380","2","-1.9280","111","-33","-0","5127","3","70","19","43","3","2","10","-1","-98","-6","98","130","19","0","0","1","1","-7","-4","236","379","24","439","149","113","107","117","117","23","2","0","1","-15","-1","-14","-5","674","724","645","682"
"69.650","95","0","0","0","0","3774","0.4860","2","-1.9390","112","-34","-0","5167","3","70","19","43","3","2","10","-1","-96","-6","99","130","19","0","0","1","1","-7","-4","237","378","20","443","158","114","107","118","118","22","2","0","1","-15","-0","-14","-5","681","720","648","682"
"69.700","98","0","0","0","0","3775","0.4850","2","-1.8830","112","-34","-0","5172","3","70","19","43","3","2","10","-1","-95","-6","99","130","19","0","0","1","1","-6","-4","239","374","13","447","169","114","108","118","118","21","2","0","1","-14","-0","-14","-5","680","727","643","682"
"69.750","99","0","0","0","0","3777","0.5200","2","-1.8640","113","-34","-0","5161","3","70","20","42","2","2","10","-0","-92","-5","96","130","19","0","0","1","1","-6","-4","240","374","18","440","159","115","108","119","119","19","2","0","1","-14","-0","-14","-5","673","723","642","681"
"69.800","99","0","0","0","0","3778","0.5570","2","-1.9370","114","-36","-0","5243","3","70","20","42","3","2","10","-0","-86","-5","93","130","19","0","0","1","1","-6","-4","242","383","19","437","155","116","108","120","120","15","1","0","1","-15","-0","-14","-5","681","720","645","681"
"69.850","100","0","0","0","0","3780","0.5990","2","-1.9390","115","-39","-0","5337","3","70","20","42","3","2","10","-0","-76","-4","88","130","19","0","0","1","1","-5","-4","244","382","12","450","160","117","109","122","122","9","1","0","1","-15","-0","-14","-5","676","716","643","681"
"69.900","101","-0","0","-0","0","3782","0.5910","2","-1.8930","116","-38","-0","5390","3","70","20","42","2","2","11","-0","-73","-4","87","130","19","0","0","1","1","-5","-4","245","368","9","466","159","118","110","122","123","7","1","0","1","-14","0","-15","-5","671","724","643","681"
"69.950","104","0","0","0","0","3783","0.6290","2","-1.9130","117","-37","-0","5393","3","70","20","41","2","1","11","-0","-72","-4","85","130","19","0","0","1","1","-5","-4","247","375","13","455","157","118","109","124","124","5","1","0","1","-14","-0","-14","-5","674","721","643","679"
"70.000","106","0","0","0","0","3785","0.6310","2","-2.0200","117","-40","-0","5425","3","70","20","41","3","2","10","-0","-69","-4","85","130","19","0","0","1","1","-4","-4","248","394","17","458","162","119","110","125","125","1","0","0","1","-15","-0","-14","-5","677","717","642","680"
"70.050","107","0","0","0","0","3787","0.6370","2","-2.0410","119","-41","-0","5479","3","70","20","40","3","2","12","0","-54","-3","83","130","19","0","0","1","1","-4","-5","250","402","18","488","172","121","112","126","126","-6","-1","0","1","-16","-0","-15","-5","671","718","642","682"
"70.100","108","0","0","0","0","3788","0.6850","2","-1.9250","119","-39","-0","5583","3","70","20","40","3","2","13","1","-36","-2","80","130","19","0","0","1","1","-4","-5","252","393","10","485","190","121","112","127","127","-15","-1","0","1","-15","0","-15","-6","673","722","641","677"
"70.150","107","0","0","0","0","3790","0.7130","2","-1.8170","120","-33","-1","5663","3","70","20","38","2","2","12","1","-13","-1","78","130","19","0","0","1","1","-4","-6","254","370","14","464","205","122","111","129","129","-21","-2","0","1","-14","-0","-15","-6","677","720","639","677"
"70.200","108","-0","0","0","0","3792","0.7830","2","-1.7460","122","-29","-0","5666","3","70","20","38","3","2","11","2","-8","-0","75","130","19","0","0","1","1","-4","-6","258","372","34","463","202","123","114","130","130","-22","-2","0","1","-14","-1","-15","-6","674","718","638","677"
"70.250","110","0","0","0","0","3793","0.8310","2","-1.7200","123","-24","-1","5678","3","70","20","38","3","2","12","2","-11","-1","80","130","19","0","0","1","1","-4","-5","261","385","24","476","212","124","118","131","131","-18","-2","0","1","-15","-0","-15","-7","670","715","637","676"
"70.300","111","-0","0","-0","0","3795","0.8410","2","-1.7590","124","-21","-0","5687","3","70","19","38","2","2","12","3","-16","-1","84","130","19","0","0","1","1","-4","-5","264","376","19","475","220","125","119","131","131","-10","-1","0","1","-14","-0","-15","-7","674","720","639","676"
"70.350","113","0","0","0","0","3797","0.8610","2","-1.8370","125","-20","-0","5779","3","70","19","37","3","2","12","2","-36","-2","93","130","19","0","0","1","1","-4","-4","266","376","32","480","205","126","120","132","132","-0","-0","0","1","-14","-1","-15","-6","675","721","639","676"
"70.400","115","0","0","0","0","3798","0.8830","2","-1.8830","126","-23","-0","5865","3","70","19","37","3","2","13","2","-50","-3","98","130","19","0","0","1","1","-5","-4","268","380","28","497","197","127","123","133","134","6","0","0","1","-15","-1","-16","-6","673","718","638","676"
"70.450","118","-0","0","-0","0","3800","0.8840","2","-1.8710","128","-27","-0","5865","3","70","19","37","3","2","13","2","-50","-3","100","130","19","0","0","1","1","-4","-4","270","370","23","494","206","129","123","134","134","5","0","0","1","-14","-0","-16","-6","670","718","638","675"
"70.500","119","-0","0","0","0","3802","0.8650","2","-1.7740","129","-28","-1","5930","3","71","19","37","3","2","13","3","-41","-2","100","130","19","0","0","1","1","-4","-4","272","379","27","477","216","130","124","136","136","0","0","0","1","-15","-1","-15","-7","669","713","637","675"
"70.550","120","-0","0","0","0","3804","0.8910","2","-1.7100","130","-28","-0","5966","3","71","20","36","3","2","12","3","-36","-2","100","130","19","0","0","1","1","-3","-3","274","398","31","469","224","132","126","137","137","-2","-0","0","1","-15","-1","-15","-7","669","712","637","675"
"70.600","120","0","0","0","0","3806","0.8980","2","-1.7220","132","-27","-0","6021","3","71","20","36","3","2","13","3","-40","-2","100","130","19","0","0","1","1","-3","-3","275","399","22","483","228","133","128","138","138","0","0","0","1","-15","-0","-15","-7","669","718","635","676"
"70.650","120","0","0","0","0","3808","0.8700","2","-1.7490","133","-25","-0","6057","3","71","19","36","3","2","13","4","-44","-3","100","130","19","0","0","1","1","-4","-3","277","397","18","497","227","135","129","139","139","4","0","0","1","-15","-0","-16","-7","670","715","635","673"
"70.700","120","-0","0","-0","0","3809","0.8620","2","-1.7990","135","-25","-0","6156","3","71","19","36","3","2","13","4","-44","-3","100","130","19","0","0","1","1","-4","-3","279","403","30","494","225","136","130","140","140","5","0","0","1","-15","-1","-15","-7","664","716","637","673"
"70.750","122","0","0","0","0","3811","0.8780","2","-1.8110","136","-27","-0","6207","3","71","19","35","3","2","14","4","-45","-3","100","130","19","0","0","1","1","-4","-3","281","398","39","505","226","137","132","142","142","5","0","0","1","-15","-1","-16","-7","664","715","635","671"
"70.800","126","0","0","0","0","3813","0.8420","2","-1.7930","137","-27","-0","6260","3","71","19","35","3","2","14","4","-45","-3","100","130","19","0","0","1","1","-4","-3","283","388","40","513","236","139","134","143","143","5","0","0","1","-15","-1","-16","-7","668","710","635","672"
"70.850","130","0","0","0","0","3815","0.8580","2","-1.8150","139","-27","-0","6343","3","71","18","35","3","2","14","4","-45","-3","100","130","19","0","0","1","1","-4","-3","285","396","42","497","241","140","135","145","145","5","0","0","1","-15","-1","-16","-7","666","712","637","671"
"70.900","132","0","0","0","0","3817","0.8640","2","-1.8080","140","-28","-0","6412","3","71","18","35","3","2","14","4","-45","-3","100","130","19","0","0","1","1","-4","-3","287","403","34","499","233","141","136","146","147","5","0","0","1","-16","-1","-16","-7","667","712","632","672"
"70.950","133","-0","0","-0","0","3819","0.8440","2","-1.8390","142","-28","-0","6442","3","71","17","35","3","2","14","4","-49","-3","100","130","19","0","0","1","1","-4","-3","289","398","27","515","231","143","138","148","148","7","1","0","1","-15","-0","-16","-7","667","710","634","672"
"71.000","134","0","0","0","0","3821","0.8310","2","-1.9180","143","-29","-0","6534","3","71","17","35","3","2","14","4","-51","-3","100","130","19","0","0","1","1","-4","-4","291","416","26","514","232","144","138","149","149","7","1","0","1","-16","-0","-16","-7","662","713","632","671"
"71.050","135","0","0","0","0","3823","0.8500","2","-1.9800","144","-31","-0","6563","3","71","18","34","3","2","14","4","-50","-3","100","130","19","0","0","1","1","-4","-4","293","425","25","521","225","146","139","151","151","6","0","0","1","-16","-0","-16","-7","666","714","632","671"
"71.100","137","0","0","0","0","3825","0.8300","2","-2.0090","145","-31","-0","6633","3","71","17","34","3","2","14","4","-47","-3","100","130","19","0","0","1","1","-4","-4","295","422","25","530","223","147","140","152","152","3","0","0","1","-16","-0","-17","-7","664","713","632","669"
"71.150","138","0","0","0","0","3827","0.8380","2","-2.0370","147","-31","-0","6693","3","71","18","34","3","2","14","3","-38","-2","100","130","19","0","0","1","1","-4","-4","297","431","32","531","224","148","141","154","154","-0","-0","0","1","-17","-1","-17","-7","661","713","633","669"
"71.200","140","0","0","0","0","3829","0.8560","2","-2.0100","148","-30","-0","6749","3","71","18","34","3","2","15","4","-34","-2","100","130","19","0","0","1","1","-4","-4","299","436","38","547","229","150","144","155","155","-3","-0","0","1","-17","-1","-17","-7","664","712","632","669"
"71.250","144","-0","0","-0","0","3831","0.8250","2","-1.9550","149","-26","-0","6771","3","71","18","33","3","2","15","5","-32","-2","100","130","19","0","0","1","1","-3","-4","301","431","31","546","238","151","145","156","156","-2","-0","0","1","-17","-1","-17","-7","661","711","632","667"
"71.300","147","0","0","1","0","3833","0.8190","2","-1.9760","150","-24","-0","6868","3","71","18","33","3","2","15","4","-32","-2","100","130","19","0","0","1","1","-4","-4","302","446","37","522","235","152","146","157","157","1","0","0","1","-17","-1","-16","-7","666","711","631","667"
"71.350","150","-0","0","-0","0","3835","0.8630","2","-1.9560","152","-24","-0","6919","3","71","17","33","4","3","14","4","-32","-2","100","130","19","0","0","1","1","-4","-4","304","441","40","524","239","153","148","159","159","1","0","0","1","-17","-1","-16","-7","663","710","630","668"
"71.400","152","-0","0","0","0","3838","0.8020","2","-1.8860","153","-23","-0","6907","3","71","17","33","3","2","15","5","-33","-2","100","130","19","0","0","1","1","-4","-4","305","415","35","539","247","154","150","159","159","3","0","0","1","-16","-1","-17","-7","662","709","630","668"
"71.450","153","0","0","0","0","3840","0.8060","2","-1.9060","154","-22","-0","6981","3","71","16","33","3","3","15","5","-34","-2","100","130","19","0","0","1","1","-4","-3","305","418","60","534","238","156","151","160","160","5","0","0","1","-16","-2","-17","-7","664","710","631","667"
"71.500","153","-0","0","0","0","3842","0.8330","2","-1.8650","156","-23","-0","7023","3","72","16","33","3","3","15","5","-37","-2","100","130","19","0","0","1","1","-4","-3","305","408","62","545","248","157","153","162","162","7","1","0","1","-16","-2","-17","-7","661","708","630","667"
"71.550","153","-0","0","0","0","3844","0.7390","2","-1.7890","157","-22","-0","7095","3","72","17","33","3","2","16","5","-41","-2","100","130","19","0","0","1","1","-4","-3","305","398","41","534","246","158","154","162","162","9","1","0","1","-15","-1","-17","-7","662","710","630","665"
"71.600","156","0","0","0","0","3846","0.8100","2","-1.8610","158","-25","-0","7173","3","72","16","33","3","2","14","4","-41","-2","100","130","19","0","0","1","1","-4","-3","305","420","58","509","228","159","155","164","164","8","1","0","1","-16","-1","-16","-7","661","707","628","665"
"71.650","160","0","0","0","0","3848","0.7960","2","-1.8390","160","-26","-0","7213","3","72","16","33","3","2","15","4","-35","-2","100","130","19","0","0","1","1","-4","-3","306","419","54","529","242","161","157","166","166","4","0","0","1","-16","-1","-16","-7","661","707","629","664"
"71.700","162","-0","0","-0","0","3851","0.7320","2","-1.8250","161","-25","-0","7277","3","72","16","33","3","2","15","5","-32","-2","100","130","19","0","0","1","1","-3","-3","306","415","54","527","245","162","157","166","166","2","0","0","1","-16","-1","-16","-7","660","708","628","665"
"71.750","163","0","0","0","0","3853","0.8160","2","-1.8690","162","-24","-0","7349","3","72","17","33","4","3","15","4","-29","-2","100","130","19","0","0","1","1","-3","-3","306","431","68","528","247","163","159","169","169","1","0","0","1","-16","-2","-16","-7","659","708","632","665"
"71.800","164","0","0","0","0","3855","0.7700","2","-1.7840","163","-22","-0","7327","3","72","17","32","3","3","16","5","-28","-2","100","130","19","0","0","1","1","-3","-3","306","400","56","557","257","164","161","169","169","3","0","0","1","-15","-1","-17","-8","659","707","629","664"
"71.850","165","0","0","0","0","3857","0.7050","2","-1.6670","164","-17","-0","7425","3","72","16","32","3","2","16","5","-28","-2","100","130","19","0","0","1","1","-3","-3","306","378","68","526","245","165","161","170","170","5","0","0","1","-14","-2","-16","-7","659","708","629","664"
"71.900","166","0","0","0","0","3860","0.8040","2","-1.5830","166","-19","-0","7539","3","72","16","31","4","3","13","5","-26","-2","100","130","19","0","0","1","1","-3","-3","306","390","84","489","256","167","163","172","172","4","0","0","1","-15","-2","-15","-8","657","706","630","663"
"71.950","170","0","0","0","0","3862","0.7940","2","-1.4800","167","-19","-0","7514","3","72","16","31","3","3","15","6","-25","-1","100","130","19","0","0","1","1","-3","-3","306","391","62","495","292","168","165","173","173","3","0","0","1","-15","-2","-15","-9","659","707","629","663"
"72.000","174","1","0","1","0","3864","0.6790","2","-1.4420","169","-16","-0","7593","3","72","15","32","3","2","15","7","-25","-1","100","130","19","0","0","1","1","-3","-2","306","403","76","519","294","169","166","174","174","3","0","0","1","-15","-2","-16","-9","657","706","628","665"
"72.050","177","0","0","0","0","3867","0.8330","2","-1.5250","169","-16","-0","7672","3","72","16","30","4","3","14","7","-14","-1","100","130","19","0","0","1","1","-3","-3","306","417","127","510","300","170","168","176","176","-0","-0","0","1","-16","-4","-16","-9","657","703","628","661"
"72.100","180","0","0","0","0","3869","0.7450","2","-1.3250","171","-13","-0","7619","3","72","16","29","4","3","16","8","-7","-0","100","130","19","0","0","1","1","-2","-3","306","408","122","501","320","172","170","176","176","-4","-0","0","1","-15","-4","-15","-10","656","705","626","661"
"72.150","182","-0","0","-0","0","3872","0.7160","1","-1.0750","172","-6","-0","7731","3","72","16","29","4","3","14","9","-7","-0","100","130","19","0","0","1","1","-2","-2","306","354","129","527","322","173","171","177","177","-1","-0","0","1","-13","-4","-16","-10","658","703","627","661"
"72.200","185","0","0","0","0","3874","0.6970","1","-0.9390","174","-4","-0","7749","3","72","16","28","3","3","16","8","-6","-0","100","130","19","0","0","1","1","-2","-2","306","336","195","493","312","174","173","178","178","0","0","0","1","-12","-7","-15","-9","655","701","627","660"
"72.250","188","0","0","0","0","3876","0.8260","1","-0.6170","175","-3","-0","7872","3","72","15","26","4","4","13","8","0","0","100","130","19","0","0","1","1","-1","-1","306","306","227","492","329","175","175","181","181","-2","-0","0","1","-11","-8","-15","-10","651","703","626","659"
"72.300","190","0","0","0","0","3879","0.6950","1","-0.3960","176","-1","-0","7824","3","72","14","23","4","3","16","10","3","0","100","130","19","0","0","1","1","-1","-1","306","265","239","500","365","176","176","180","180","-2","-0","0","1","-10","-9","-15","-11","651","701","626","659"
"72.350","189","-0","0","-0","0","3881","0.7480","1","-0.1940","178","2","-0","7868","3","72","14","21","4","4","15","11","2","0","100","130","19","0","0","1","1","-0","-0","306","311","288","494","396","178","178","182","182","-0","-0","0","1","-11","-11","-15","-12","654","702","627","659"
"72.400","188","-0","0","0","0","3884","0.7640","1","-0.1240","179","2","-0","7947","3","72","13","21","4","4","14","13","-0","-0","100","130","19","0","0","1","1","-0","-0","306","355","287","497","458","179","179","182","182","2","0","0","1","-13","-11","-15","-14","652","702","625","658"
"72.450","190","-0","0","-0","0","3886","0.6450","1","-0.1980","180","-1","-0","7948","3","72","12","20","4","4","16","15","-5","-0","100","130","19","0","0","1","1","-0","-0","306","335","246","468","464","180","180","183","183","2","0","0","1","-12","-9","-14","-14","654","702","625","658"
"72.500","192","-0","0","-0","0","3889","0.6480","1","-0.1820","181","-3","-0","8091","3","73","11","19","4","3","14","12","-6","-0","100","130","19","0","0","1","1","-0","-0","306","319","264","436","384","181","181","185","185","1","0","0","1","-12","-10","-13","-12","652","703","623","658"
"72.550","196","-0","0","-0","0","3891","0.7800","1","-0.1680","183","-3","-0","8215","3","73","12","18","4","4","11","10","-2","-0","100","130","19","0","0","1","1","-0","-0","306","339","271","437","382","183","182","188","188","-0","-0","0","1","-12","-10","-13","-12","651","696","624","657"
"72.600","198","0","0","0","0","3894","0.6780","1","-0.1360","184","-3","-0","8110","3","73","13","19","4","4","15","14","-0","-0","100","130","19","0","0","1","1","-0","-0","306","360","226","475","469","184","184","188","187","-1","-0","0","1","-13","-8","-14","-14","651","696","624","659"
"72.650","200","-0","0","-0","0","3896","0.6540","1","-0.2010","185","-2","-0","8196","3","73","11","21","4","3","15","15","-2","-0","100","130","19","0","0","1","1","-0","-0","306","306","189","466","491","186","185","189","189","-0","-0","0","1","-11","-6","-14","-15","650","700","625","656"
"72.700","200","0","0","0","0","3899","0.4990","1","-0.2260","186","-1","-0","8294","3","73","11","20","3","3","15","12","-2","-0","100","130","19","0","0","1","1","-0","-0","306","254","217","403","393","186","185","190","190","-0","-0","0","1","-9","-8","-12","-12","648","700","621","655"
"72.750","199","0","0","0","0","3902","0.7670","1","-0.0610","188","-0","-0","8480","3","73","10","21","4","4","10","8","3","0","100","130","19","0","0","1","1","-0","-0","306","314","270","393","371","188","187","194","194","-1","-0","0","1","-11","-10","-12","-11","650","698","623","655"
"72.800","198","0","0","0","-0","3904","0.6340","1","0.0700","189","1","-0","8043","3","73","9","22","4","4","13","13","6","0","100","130","19","0","0","1","1","0","0","306","310","273","473","457","189","188","192","192","1","0","0","1","-11","-10","-14","-14","650","698","620","655"
"72.850","197","0","0","0","-0","3907","-0.3450","0","0.0920","189","4","-0","7117","4","73","8","25","4","4","15","14","6","0","100","130","19","0","0","0","0","0","0","306","318","316","459","448","189","189","186","186","2","0","0","0","-12","-12","-14","-14","651","695","624","655"
"72.900","197","-0","0","-0","-0","3909","0.4800","1","0.1990","189","5","-0","6758","4","73","8","25","4","5","13","12","5","0","100","130","19","0","0","1","1","0","0","306","296","348","408","399","189","189","196","195","0","0","0","1","-11","-13","-12","-12","648","694","624","655"
"72.950","201","-0","-0","-0","-0","3912","0.5110","1","0.3620","190","5","-0","6785","4","73","10","25","4","4","12","12","4","0","100","130","19","0","0","1","1","1","1","306","236","309","398","418","190","190","194","194","-1","-0","0","1","-8","-11","-12","-13","648","696","623","654"
"73.000","203","-0","-0","-0","-0","3915","0.5820","1","0.3280","191","4","-0","6806","4","73","11","28","5","4","13","14","2","0","100","130","19","0","0","1","1","0","1","306","321","291","395","500","191","191","195","195","-2","-0","0","1","-12","-11","-12","-15","648","696","622","654"
"73.050","204","0","-0","0","-0","3917","0.5310","1","0.1520","192","-0","-0","6853","4","73","13","30","4","4","14","17","-4","-0","100","130","19","0","0","1","1","0","0","306","317","277","458","518","192","192","195","195","-2","-0","0","1","-12","-10","-14","-16","648","692","621","653"
"73.100","204","0","0","0","-0","3920","0.4100","0","0.0790","192","-1","-0","6934","4","73","14","29","3","4","15","13","-5","-0","100","130","19","0","0","1","1","0","0","306","242","292","439","391","193","192","195","195","-2","-0","0","1","-9","-11","-13","-12","648","692","620","652"
"73.150","204","0","0","0","-0","3923","0.6150","1","0.1630","194","-0","-0","7057","4","73","13","28","4","4","10","7","-1","-0","100","130","19","0","0","1","1","0","0","306","292","327","400","344","194","194","199","199","-2","-0","0","1","-11","-12","-12","-10","644","692","620","653"
"73.200","204","1","1","2","0","3925","0.5890","1","0.0500","195","0","-0","6929","4","73","12","29","5","4","14","13","-1","-0","100","130","19","0","0","1","1","0","0","306","321","301","484","480","195","195","198","197","-1","-0","0","1","-12","-11","-15","-15","644","694","619","652"
"73.250","202","21","13","34","0","3928","-0.0640","0","-0.0960","194","-0","-0","6905","4","73","9","32","3","4","20","18","-6","-0","0","130","19","0","0","0","0","-0","-0","306","272","304","535","473","193","194","198","198","3","0","0","0","-10","-11","-16","-14","647","691","618","652"
"73.300","201","35","21","56","0","3931","-0.7750","1","-0.1600","194","-2","-0","6018","4","73","7","33","6","5","12","10","-9","-1","0","130","19","-0","-0","-0","-0","-1","-0","306","383","395","404","323","194","194","189","189","5","0","-0","-0","-14","-15","-12","-9","649","700","619","652"
"73.350","197","56","35","91","0","3933","-2.1590","2","-0.2850","190","-7","-0","6884","4","73","5","35","5","5","11","8","-10","-1","0","130","19","-1","-1","-1","-1","-1","-0","306","494","398","302","279","190","189","186","185","3","0","-1","-1","-19","-15","-9","-8","669","725","630","661"
"73.400","196","62","38","99","0","3936","-2.0750","2","-0.3420","185","-9","-0","6267","4","73","4","38","5","5","8","7","-10","-1","0","130","19","-1","-1","-1","-1","-1","-1","306","445","336","301","257","186","183","182","182","0","0","-1","-1","-17","-12","-9","-7","691","744","643","674"
"73.450","193","63","37","100","0","3939","-2.2530","2","-0.2710","180","-6","-0","6151","4","73","3","42","5","5","8","5","-3","-0","0","130","19","-1","-1","-1","-1","-0","-1","306","426","367","264","208","180","179","176","175","-1","-0","-1","-1","-16","-14","-8","-6","709","765","670","697"
"73.500","190","58","36","95","0","3941","-1.9530","2","-0.1310","179","-2","-0","5833","4","74","3","42","6","5","6","3","-0","-0","0","130","19","-1","-1","-1","-1","-0","-0","306","429","439","258","202","178","179","172","171","1","0","-1","-1","-16","-17","-7","-6","718","776","686","709"
"73.550","184","62","35","97","0","3944","-2.1880","2","-0.1950","175","2","-0","6126","4","74","3","41","5","5","7","4","-8","-0","0","130","19","-1","-1","-1","-1","-1","-0","306","421","420","307","247","174","175","171","171","7","0","-1","-1","-16","-16","-9","-7","726","793","702","724"
"73.600","181","56","32","88","0","3946","-1.9150","2","-0.6410","171","-3","-0","5942","4","74","3","41","5","5","9","6","-21","-1","2","130","19","-1","-1","-1","-1","-2","-1","306","488","360","330","272","171","171","169","169","12","1","-1","-1","-19","-14","-10","-8","736","802","709","730"
"73.650","177","51","30","81","0","3948","-1.7770","2","-1.0250","169","-17","-0","6160","3","74","5","40","5","5","11","7","-33","-2","0","130","19","-1","-1","-1","-1","-2","-2","306","515","290","370","251","170","167","168","168","10","1","-1","-1","-20","-11","-11","-7","732","794","718","738"
"73.700","175","47","28","75","0","3951","-1.5590","2","-1.1720","166","-23","-0","7725","3","74","6","39","5","4","11","5","-31","-2","1","130","19","-1","-1","-1","-1","-2","-2","306","497","237","368","212","167","160","170","166","2","0","-1","-1","-19","-9","-11","-6","736","800","721","741"
"73.750","171","46","28","74","0","3953","-1.2850","2","-1.2410","164","-27","-0","6246","3","74","7","40","5","4","8","3","-20","-1","0","130","19","-1","-1","-1","-1","-2","-3","306","533","210","317","214","166","158","161","160","-6","-0","-1","-1","-21","-8","-10","-6","729","797","728","743"
"73.800","170","44","25","70","0","3955","-1.7540","2","-1.4230","162","-26","-0","7076","3","74","8","42","5","4","9","4","-16","-1","4","130","19","-1","-2","-1","-1","-2","-3","306","544","158","336","221","163","151","157","155","-11","-1","-1","-1","-21","-6","-10","-6","735","798","728","746"
"73.850","168","44","26","70","0","3957","-1.3460","2","-1.5300","158","-23","-0","6485","3","74","8","44","5","4","9","3","-16","-1","2","130","19","-1","-2","-1","-1","-3","-4","306","512","148","356","170","160","150","157","154","-10","-1","-1","-1","-20","-5","-11","-5","727","801","729","746"
"73.900","168","39","22","62","0","3960","-1.5090","2","-1.5890","156","-22","-0","6641","3","74","9","44","5","4","9","1","-16","-1","3","130","19","-1","-1","-1","-1","-3","-4","306","500","180","336","121","156","142","153","149","-11","-1","-1","-1","-20","-7","-10","-3","725","797","730","744"
"73.950","165","37","21","58","0","3962","-1.1540","2","-1.6310","153","-27","-0","6275","3","74","9","45","5","4","6","-1","-11","-1","3","130","19","-0","-1","-1","-1","-3","-4","306","528","184","317","123","155","146","152","145","-15","-1","-1","-1","-21","-7","-10","-3","728","796","730","742"
"74.000","161","34","20","54","0","3964","-1.2960","2","-1.5310","152","-25","-0","6416","3","74","9","45","5","4","7","-0","-9","-1","5","130","19","-0","-2","-1","-1","-3","-4","306","511","132","341","143","153","140","149","143","-15","-1","-1","-1","-20","-5","-11","-4","724","802","733","743"
"74.050","157","37","22","59","0","3966","-1.2280","2","-1.6180","149","-17","-0","6301","3","74","9","45","5","4","8","0","-12","-1","9","130","19","-0","-2","-1","-1","-3","-4","306","512","140","356","148","150","127","148","145","-11","-1","-1","-1","-20","-5","-11","-4","719","786","730","743"
"74.100","154","37","22","59","0","3968","-1.3140","2","-1.6900","147","-17","-0","6126","3","74","10","45","5","4","8","0","-13","-1","2","130","19","-0","-1","-1","-1","-3","-4","306","535","176","358","158","148","121","144","141","-8","-1","-1","-1","-21","-6","-11","-5","717","797","729","739"
"74.150","153","32","17","49","0","3970","-1.2130","2","-1.5150","144","-15","-0","6193","3","74","10","45","5","4","8","1","-11","-1","4","130","19","-0","-2","-1","-1","-3","-4","306","492","148","344","168","145","128","143","141","-6","-0","-1","-1","-19","-5","-11","-5","715","788","730","739"
"74.200","151","29","18","47","0","3972","-1.0910","2","-1.3930","142","-14","-0","5963","3","74","10","45","4","4","7","0","-15","-1","7","130","19","-0","-1","-1","-1","-3","-3","306","459","143","290","162","143","126","141","139","-2","-0","-1","-1","-18","-5","-9","-5","712","794","731","738"
"74.250","150","28","16","44","0","3974","-1.0820","2","-1.5470","140","-19","-0","5972","3","74","11","45","5","4","6","-1","-33","-2","8","130","19","-0","-1","-1","-1","-4","-3","306","482","146","297","159","141","133","137","137","2","0","-1","-1","-19","-5","-9","-5","710","791","731","739"
"74.300","148","27","15","43","0","3976","-0.9570","2","-1.6960","138","-24","-0","5898","3","74","11","46","5","4","7","-1","-45","-3","9","130","19","-0","-2","-1","-1","-4","-3","306","507","110","348","159","140","132","138","136","6","0","-1","-1","-20","-4","-11","-5","709","783","729","737"
"74.350","146","22","13","35","0","3978","-0.9700","2","-1.8520","137","-30","-0","5874","3","74","12","46","5","4","8","-0","-53","-3","10","130","19","-0","-2","-1","-1","-4","-4","306","505","93","361","146","138","122","136","134","7","1","-1","-1","-20","-3","-11","-4","707","778","727","735"
"74.400","144","18","10","28","0","3980","-0.7970","2","-1.9460","135","-33","-0","5744","3","74","13","45","5","4","8","-1","-55","-3","13","130","19","-0","-2","-0","-0","-4","-4","306","490","92","380","120","137","122","135","132","5","0","-0","-0","-19","-3","-12","-3","706","768","724","735"
"74.450","141","13","6","18","0","3982","-0.6110","2","-1.9360","134","-35","-0","6244","3","74","13","44","4","3","9","-1","-57","-3","16","130","19","-0","-1","-0","-0","-4","-4","306","456","70","412","117","136","124","135","131","4","0","-0","-0","-18","-2","-13","-3","706","767","721","734"
"74.500","138","8","4","12","0","3984","-0.1240","2","-1.9310","133","-35","-0","5606","3","75","14","44","4","3","9","-1","-58","-3","15","130","19","-0","-0","-0","-0","-4","-4","306","448","46","419","132","134","120","138","136","4","0","-0","-0","-18","-1","-13","-4","704","759","721","731"
"74.550","137","8","3","11","0","3986","-0.1600","2","-2.0860","133","-37","-0","6022","3","75","15","42","4","3","9","-1","-57","-3","11","130","19","0","1","-0","-0","-4","-4","306","490","39","426","149","135","120","135","135","3","0","0","-0","-20","-1","-14","-4","694","758","717","726"
"74.600","138","6","3","9","0","3987","-0.1900","2","-2.1980","133","-36","-0","5857","3","75","14","42","4","3","10","-0","-54","-3","10","130","19","0","0","-0","-0","-4","-4","306","516","44","467","160","135","122","134","134","3","0","0","-0","-21","-1","-15","-5","694","756","714","722"
"74.650","139","6","3","8","0","3989","-0.2220","2","-2.0900","133","-28","-0","5736","3","75","14","42","4","3","13","1","-54","-3","8","130","19","-0","-0","-0","-0","-5","-4","306","480","45","477","157","134","123","134","134","8","1","-0","-0","-19","-1","-15","-5","694","753","708","716"
"74.700","140","5","3","8","0","3991","-0.3090","2","-2.0830","131","-26","-0","5756","3","75","14","42","4","3","12","0","-62","-4","3","130","19","-0","-0","-0","-0","-6","-4","306","466","50","422","138","132","120","133","132","15","1","-0","-0","-19","-1","-13","-4","692","747","701","715"
"74.750","141","7","3","10","0","3993","-0.2770","2","-2.0930","130","-31","0","5692","3","75","14","43","4","3","9","-1","-73","-4","0","130","19","-0","-0","-0","-0","-6","-5","306","472","51","388","120","132","122","132","132","17","1","-0","-0","-19","-2","-12","-3","694","745","699","715"
"74.800","140","7","3","10","0","3995","-0.3400","2","-2.0210","130","-34","-0","5638","3","75","14","43","4","3","8","-2","-76","-4","0","130","19","-0","-1","-0","-0","-6","-4","306","449","46","398","116","132","122","131","130","17","1","-0","-0","-18","-1","-13","-3","687","740","697","712"
"74.850","139","6","2","9","0","3997","-0.3910","2","-2.2050","129","-36","-0","5524","3","75","16","43","4","3","9","-2","-76","-4","9","130","19","-0","-1","-0","-0","-6","-4","306","493","63","426","122","131","120","131","128","14","1","-0","-0","-20","-2","-14","-3","693","743","692","712"
"74.900","138","3","2","5","0","3998","-0.2970","2","-2.4840","129","-40","-0","5312","3","75","17","43","5","4","11","-2","-72","-4","10","130","19","0","0","-0","-0","-5","-4","306","532","86","488","137","131","122","131","127","10","1","0","-0","-21","-3","-15","-4","686","744","692","708"
"74.950","137","1","0","2","0","4000","-0.5350","2","-2.1630","129","-37","-0","5682","3","75","18","45","4","3","14","-1","-72","-4","19","130","19","0","0","-0","-0","-5","-4","306","449","81","536","119","131","124","129","125","11","1","0","-0","-18","-3","-17","-3","686","742","689","707"
"75.000","136","2","0","2","0","4002","-0.2110","2","-1.7920","127","-32","-0","6311","3","75","19","44","3","2","13","-1","-78","-5","24","130","19","0","0","-0","-0","-5","-4","306","387","59","444","104","128","123","134","129","16","1","0","-0","-15","-2","-14","-3","684","734","689","707"
"75.050","137","0","0","1","0","4004","0.1620","2","-1.8950","126","-39","-0","5797","3","75","22","43","3","2","5","-3","-81","-5","23","130","19","0","0","0","0","-6","-5","307","407","42","335","113","128","122","132","135","14","1","0","0","-16","-1","-10","-3","682","737","685","705"
"75.100","139","0","-0","0","0","4006","0.1920","2","-1.9940","126","-44","-0","5579","3","75","22","44","3","2","7","-3","-78","-5","30","130","19","0","0","0","0","-5","-4","309","404","23","418","146","128","123","134","135","9","1","0","0","-16","-0","-13","-4","682","734","685","705"
"75.150","141","-0","0","-0","0","4007","-0.0500","2","-1.9210","126","-37","-0","5682","3","75","19","46","3","2","13","-1","-76","-4","31","130","19","0","0","0","0","-5","-4","310","392","25","512","136","128","122","130","130","10","1","0","0","-16","-0","-16","-4","682","733","681","704"
"75.200","141","0","0","0","0","4009","0.0920","2","-1.8640","126","-35","-0","5786","3","75","19","43","3","2","11","-2","-71","-4","30","130","19","0","0","0","0","-5","-4","312","427","29","413","114","128","122","132","132","6","1","0","0","-17","-1","-13","-3","679","733","679","699"
"75.250","141","0","0","0","0","4011","0.2320","2","-2.2740","126","-45","-0","5753","3","75","20","38","4","3","5","-2","-42","-2","28","130","19","0","0","1","1","-5","-6","313","473","44","363","149","128","122","132","132","-11","-1","0","1","-19","-1","-11","-4","678","731","677","699"
"75.300","141","0","0","0","0","4013","0.1300","2","-2.3690","127","-45","-0","5682","3","75","20","39","4","3","14","1","-15","-1","29","130","19","0","0","0","0","-4","-6","315","514","46","533","200","129","124","132","132","-28","-3","0","0","-21","-1","-17","-6","684","728","674","697"
"75.350","140","0","0","0","0","4014","0.0980","2","-2.0910","128","-26","-0","5644","3","75","19","42","4","3","18","4","6","0","31","130","19","0","0","0","0","-4","-6","315","466","27","618","200","129","123","131","131","-29","-3","0","0","-19","-1","-20","-6","680","727","673","695"
"75.400","138","0","0","0","0","4016","0.0870","2","-1.8110","127","-15","-0","5687","3","75","19","40","3","2","14","2","6","0","32","130","19","0","0","0","0","-5","-6","315","383","31","456","142","127","122","130","130","-20","-2","0","0","-15","-1","-14","-4","678","733","670","695"
"75.450","137","0","0","0","0","4018","0.2160","2","-1.7830","126","-16","-0","5744","3","75","21","38","3","2","3","-2","-2","-0","33","130","19","0","0","1","1","-6","-7","315","371","59","308","130","127","122","131","131","-14","-1","0","1","-15","-2","-10","-4","676","734","670","693"
"75.500","137","-0","0","-0","0","4020","0.2900","2","-1.9560","127","-21","-0","5656","3","76","21","39","3","2","7","-2","-17","-1","42","130","19","0","0","1","1","-5","-6","316","423","64","406","157","128","125","132","131","-7","-1","0","1","-17","-2","-13","-5","680","729","667","693"
"75.550","138","-0","0","-0","0","4022","0.2110","2","-1.9760","128","-17","-0","5665","3","76","18","42","4","3","14","0","-49","-3","54","130","19","0","0","0","0","-6","-5","316","455","37","549","190","129","126","131","131","10","1","0","0","-18","-1","-17","-6","677","727","667","692"
"75.600","138","0","0","0","0","4023","0.1810","2","-2.0130","128","-13","-0","5689","3","76","18","41","3","2","15","3","-74","-4","59","130","19","0","0","0","0","-8","-5","316","433","28","507","196","128","125","130","130","30","3","0","0","-17","-1","-16","-6","680","724","665","689"
"75.650","139","0","0","0","0","4025","0.2740","2","-2.1520","127","-22","-0","5723","3","76","18","38","4","3","10","2","-97","-6","72","130","19","0","0","1","1","-8","-5","316","446","50","420","171","128","125","131","131","37","3","0","1","-18","-1","-13","-5","678","724","664","693"
"75.700","137","0","0","0","0","4027","0.3230","2","-2.0600","128","-32","-0","5797","3","76","18","38","3","3","10","0","-94","-5","73","130","19","0","0","1","1","-7","-5","316","412","48","446","177","130","126","133","132","30","3","0","1","-16","-1","-14","-5","674","729","661","690"
"75.750","136","-0","0","-0","0","4029","0.2860","2","-1.7480","129","-32","-0","5771","3","76","18","40","3","2","12","1","-77","-4","82","130","19","0","0","1","1","-5","-4","317","353","24","482","187","130","126","133","133","21","2","0","1","-14","-0","-15","-6","680","726","660","689"
"75.800","137","0","0","0","0","4030","0.3430","2","-1.8410","129","-31","-0","5907","3","76","18","40","3","2","11","0","-66","-4","85","130","19","0","0","1","1","-5","-4","317","377","45","449","170","130","125","134","134","13","1","0","1","-15","-1","-14","-5","674","725","659","688"
"75.850","140","0","0","0","0","4032","0.5880","2","-1.9230","130","-35","-0","5928","3","76","19","38","3","2","10","0","-47","-3","85","130","19","0","0","1","1","-4","-4","318","417","55","453","179","132","127","137","137","2","0","0","1","-17","-2","-14","-5","674","725","658","687"
"75.900","140","0","0","0","0","4034","0.5450","2","-1.8110","131","-33","-0","5911","3","76","18","38","3","2","12","2","-37","-2","86","130","19","0","0","1","1","-3","-4","320","410","42","488","196","133","128","136","136","-4","-0","0","1","-16","-1","-15","-6","671","723","657","686"
"75.950","141","0","0","0","0","4036","0.5520","2","-1.8190","132","-24","-0","5984","3","76","18","38","3","2","12","3","-40","-2","90","130","19","0","0","1","1","-4","-4","320","401","30","490","203","133","128","137","137","2","0","0","1","-15","-1","-15","-6","670","722","658","685"
"76.000","142","0","0","0","0","4038","0.5940","2","-1.9430","133","-23","-0","6054","3","76","18","37","3","2","13","3","-49","-3","94","130","19","0","0","1","1","-5","-4","320","420","36","491","195","134","128","138","138","8","1","0","1","-16","-1","-15","-6","677","725","657","686"
"76.050","140","0","0","0","0","4040","0.7030","2","-1.9420","134","-27","-0","6094","3","76","18","36","3","2","13","3","-52","-3","94","130","19","0","0","1","1","-5","-4","322","415","41","494","193","135","130","140","140","9","1","0","1","-16","-1","-16","-6","672","722","657","684"
"76.100","140","0","0","0","0","4042","0.6480","2","-1.8780","135","-28","-0","6174","3","76","18","36","3","2","13","3","-48","-3","94","130","19","0","0","1","1","-4","-4","323","386","41","496","208","136","131","140","140","7","1","0","1","-15","-1","-16","-6","673","723","656","683"
"76.150","140","0","0","0","0","4043","0.7310","2","-1.8500","136","-28","-0","6258","3","76","17","36","3","2","13","2","-44","-3","92","130","19","0","0","1","1","-4","-4","324","395","45","498","227","138","133","142","143","5","0","0","1","-15","-1","-16","-7","672","722","656","683"
"76.200","143","0","0","0","0","4045","0.8080","2","-1.8420","138","-27","-0","6225","3","76","17","35","3","2","14","4","-46","-3","92","130","19","0","0","1","1","-4","-3","326","411","31","507","250","139","134","144","144","6","0","0","1","-16","-1","-16","-8","668","716","655","681"
"76.250","148","0","0","0","0","4047","0.7570","2","-1.8770","139","-25","-0","6340","3","76","17","34","3","2","14","4","-49","-3","93","130","19","0","0","1","1","-4","-4","328","411","25","502","238","140","134","145","145","8","1","0","1","-16","-0","-16","-7","668","717","652","681"
"76.300","151","-0","-0","-0","0","4049","0.8150","2","-1.9470","140","-28","-0","6397","3","76","17","34","3","2","14","3","-46","-3","94","130","19","0","0","1","1","-4","-4","330","418","46","504","223","142","136","147","147","6","0","0","1","-16","-1","-16","-7","669","720","653","680"
"76.350","153","0","0","0","0","4051","0.8090","2","-1.8670","142","-28","-0","6431","3","76","16","33","3","2","14","4","-39","-2","100","130","19","0","0","1","1","-4","-3","331","417","44","522","244","143","139","148","148","2","0","0","1","-16","-1","-16","-7","669","718","652","678"
"76.400","155","0","0","0","0","4053","0.8250","2","-1.8470","143","-26","-0","6522","3","76","16","32","3","2","14","5","-36","-2","100","130","19","0","0","1","1","-3","-3","333","423","34","520","254","145","139","149","150","2","0","0","1","-16","-1","-16","-8","669","722","653","678"
"76.450","157","0","0","0","0","4055","0.8580","2","-1.9090","145","-24","0","6579","3","76","16","32","3","2","15","5","-36","-2","100","130","19","0","0","1","1","-4","-3","335","437","44","532","264","146","141","151","151","3","0","0","1","-16","-1","-17","-8","671","721","651","677"
"76.500","157","0","0","0","0","4057","0.8350","2","-1.8560","146","-22","-0","6617","3","77","16","32","3","2","16","6","-35","-2","100","130","19","0","0","1","1","-4","-3","336","424","45","537","275","148","143","152","152","4","0","0","1","-16","-1","-17","-8","669","718","649","678"
"76.550","160","0","0","0","0","4059","0.8220","2","-1.7870","148","-21","-0","6685","3","77","16","31","3","2","15","6","-33","-2","100","130","19","0","0","1","1","-4","-3","336","416","54","512","270","149","144","153","153","4","0","0","1","-16","-1","-16","-8","667","720","648","678"
"76.600","161","-0","0","-0","0","4061","0.8440","2","-1.7030","149","-21","0","6746","3","77","16","31","3","3","14","6","-30","-2","100","130","19","0","0","1","1","-3","-3","336","436","76","508","273","150","147","155","155","2","0","0","1","-16","-2","-16","-8","665","718","649","677"
"76.650","165","-0","0","0","0","4063","0.8510","2","-1.6130","151","-19","-0","6804","3","77","17","31","4","3","15","6","-25","-1","100","130","19","0","0","1","1","-3","-3","336","420","85","526","287","152","149","156","156","1","0","0","1","-16","-3","-16","-9","668","717","648","676"
"76.700","164","-0","0","-0","0","4066","0.8110","2","-1.5410","152","-17","-0","6852","3","77","16","31","4","3","15","7","-23","-1","100","130","19","0","0","1","1","-3","-3","336","410","94","525","303","153","150","157","157","1","0","0","1","-15","-3","-16","-9","662","717","645","675"
"76.750","168","1","2","3","0","4068","0.8330","2","-1.4450","154","-15","0","6903","3","77","14","32","4","3","15","8","-20","-1","87","130","19","0","0","1","1","-3","-3","336","410","109","519","311","155","152","158","158","1","0","0","1","-15","-4","-16","-9","662","716","647","675"
"76.800","166","14","8","21","0","4070","0.5470","1","-1.2730","155","-13","-0","6877","3","77","12","33","4","3","15","8","-16","-1","0","130","19","0","1","0","0","-2","-2","336","367","112","505","314","155","152","159","159","-0","0","1","0","-14","-4","-16","-10","662","715","645","675"
"76.850","165","41","26","66","0","4072","-1.0190","1","-1.0320","154","-9","-0","5732","3","77","10","36","4","4","13","7","-8","-0","0","130","19","-0","-1","-0","-0","-2","-2","336","422","196","391","240","154","150","150","150","-3","-0","-0","-0","-16","-7","-12","-7","668","721","644","672"
"76.900","163","54","32","87","0","4074","-2.0100","2","-0.7980","152","-9","0","6608","3","77","9","38","5","5","9","5","-1","-0","0","130","19","-1","-1","-1","-1","-2","-2","336","496","311","295","217","152","149","146","144","-7","-1","-1","-1","-19","-12","-9","-6","684","726","648","676"
"76.950","162","56","35","91","0","4076","-1.8530","2","-0.5230","148","-5","-0","6030","3","77","6","41","5","5","7","5","9","1","0","130","19","-1","-1","-1","-1","-1","-2","336","467","322","262","239","148","147","145","144","-10","-1","-1","-1","-18","-12","-8","-7","703","755","665","689"
"77.000","161","58","35","92","0","4078","-2.1220","2","-0.3070","144","-1","0","6154","3","77","5","43","5","4","6","4","13","1","0","130","19","-1","-1","-1","-1","-1","-2","336","409","313","232","234","144","140","140","140","-10","-1","-1","-1","-16","-12","-7","-7","714","767","679","700"
"77.050","158","60","36","96","0","4080","-1.8790","2","-0.1330","140","4","-0","5708","3","77","6","45","5","5","4","3","16","1","0","130","19","-1","-1","-1","-1","-0","-1","336","400","367","223","236","140","140","137","137","-6","-1","-1","-1","-15","-14","-7","-7","719","780","695","715"
"77.100","156","60","36","95","-0","4082","-2.0040","2","0.0590","138","7","0","5709","3","77","7","46","5","5","4","4","16","1","0","130","19","-1","-1","-1","-1","0","0","336","368","366","231","254","137","138","134","134","-1","-0","-1","-1","-14","-14","-7","-8","722","784","702","723"
"77.150","151","59","36","95","-0","4084","-1.9350","2","0.2140","134","10","0","7239","2","77","8","46","4","5","4","5","15","1","0","130","19","-1","-1","-1","-1","1","0","336","316","364","203","246","132","134","131","132","2","0","-1","-1","-12","-14","-6","-8","726","790","713","731"
"77.200","148","56","34","89","-0","4086","-1.6010","2","0.3900","132","11","0","7161","2","77","8","47","4","5","3","3","14","1","0","130","19","-1","-1","-1","-1","1","1","336","297","389","191","235","129","132","130","132","-1","-0","-1","-1","-11","-15","-6","-7","730","800","715","735"
"77.250","144","53","32","85","-0","4088","-1.5920","2","0.4540","129","10","0","6133","2","77","9","47","4","4","3","4","13","1","0","130","19","-1","-1","-1","-1","1","1","336","265","384","207","244","126","129","127","128","-1","-0","-1","-1","-10","-15","-6","-8","731","797","717","743"
"77.300","141","55","34","89","-0","4089","-2.0050","2","0.5430","126","10","0","6848","2","77","10","48","4","5","2","4","14","1","0","130","19","-1","-1","-1","-1","1","1","336","273","412","192","229","122","126","121","122","-1","-0","-1","-1","-10","-16","-6","-7","733","799","718","745"
"77.350","136","59","35","94","-0","4091","-1.7290","2","0.6720","123","13","0","6322","2","77","9","49","4","5","2","3","19","1","0","130","19","-1","-1","-1","-1","1","1","336","278","417","165","231","120","123","119","122","-1","-0","-1","-1","-11","-16","-5","-7","743","799","722","748"
"77.400","132","53","33","86","-0","4093","-1.8160","2","0.7430","120","14","0","6097","2","77","10","49","4","4","1","4","23","1","0","130","19","-2","-1","-1","-1","2","2","336","233","398","144","237","116","120","114","116","-1","-0","-1","-1","-9","-16","-4","-7","740","807","724","747"
"77.450","129","54","32","85","-0","4095","-1.6900","2","0.9000","116","18","-0","6103","2","77","9","50","4","4","-0","3","28","2","0","130","19","-2","-1","-1","-1","2","2","336","228","418","134","235","111","117","112","115","-1","-0","-1","-1","-9","-16","-4","-7","740","806","725","749"
"77.500","126","49","30","79","-0","4096","-1.5670","2","1.0280","114","21","0","5691","2","78","10","50","4","5","-1","4","31","2","0","130","19","-2","-1","-1","-1","2","2","336","216","425","142","261","111","116","108","112","-2","-0","-1","-1","-8","-17","-4","-8","741","802","726","749"
"77.550","122","49","28","77","-0","4098","-1.6740","2","1.1050","112","21","-0","6002","2","78","10","50","4","4","-0","5","37","2","0","130","19","-2","-1","-1","-1","2","2","336","194","427","128","279","106","113","106","111","-1","-0","-1","-1","-7","-17","-4","-9","747","806","726","756"
"77.600","120","42","26","68","-0","4099","-1.3560","2","1.2970","109","23","0","5520","2","78","10","50","4","4","-1","5","42","2","0","130","19","-2","-1","-1","-1","3","3","336","196","440","105","294","100","110","104","110","0","0","-1","-1","-7","-17","-3","-9","743","805","724","750"
"77.650","116","45","27","72","-0","4101","-1.4690","2","1.3470","107","27","-0","5605","2","78","10","50","4","4","-2","6","50","3","0","130","19","-2","-1","-1","-1","3","3","336","179","435","103","309","101","108","101","106","-0","-0","-1","-1","-7","-17","-3","-10","739","801","726","753"
"77.700","113","34","20","54","-0","4102","-1.2590","2","1.4030","105","29","-0","5290","2","78","10","50","4","4","-2","5","52","3","0","130","19","-2","-1","-1","-1","3","3","336","155","430","96","301","95","106","97","106","-2","-0","-1","-1","-6","-17","-3","-10","738","808","724","753"
"77.750","110","33","18","51","-0","4104","-1.2170","2","1.4710","103","31","-0","5466","2","78","11","50","4","4","-2","5","50","3","0","130","19","-2","-1","-1","-1","3","4","336","140","435","106","316","94","104","96","102","-3","-0","-1","-1","-5","-17","-3","-10","736","799","722","753"
"77.800","109","24","13","36","-0","4105","-0.9320","2","1.4870","101","29","-0","5246","2","78","11","50","3","4","-2","6","51","3","0","130","19","-2","-0","-1","-1","3","3","336","125","429","117","332","93","102","96","102","-2","-0","-1","-1","-5","-17","-3","-11","733","800","719","755"
"77.850","108","23","14","37","-0","4107","-0.8960","2","1.5650","99","28","-0","5323","2","78","11","50","3","4","-2","6","61","4","0","130","19","-1","-0","-1","-1","4","4","336","118","425","110","338","92","101","96","99","2","0","-1","-1","-4","-17","-3","-11","726","787","720","753"
"77.900","106","22","13","35","-0","4108","-0.8280","2","1.6710","98","30","-0","5097","2","78","11","49","3","4","-2","6","71","4","0","130","19","-1","-0","-1","-1","4","4","336","114","431","104","341","92","99","95","99","5","1","-1","-1","-4","-17","-3","-11","725","784","714","746"
"77.950","103","22","12","34","-0","4109","-0.8630","2","1.7320","96","35","-0","5140","2","78","11","49","3","4","-2","6","86","5","0","130","19","-2","-0","-1","-1","5","4","336","99","432","92","346","90","98","93","97","6","1","-1","-1","-4","-17","-3","-11","723","787","713","746"
"78.000","103","19","11","29","-0","4111","-0.8440","2","1.7970","95","39","-0","4985","2","78","11","50","3","4","-3","6","94","6","0","130","19","-2","-0","-1","-1","5","4","336","90","428","81","354","86","97","91","96","7","1","-1","-1","-3","-17","-2","-11","723","773","709","744"
"78.050","105","18","9","27","-0","4112","-0.7890","2","1.9160","93","44","-0","4984","2","78","11","50","3","4","-3","6","103","6","0","130","19","-2","-0","-1","-1","5","4","336","88","448","74","355","84","95","90","94","6","1","-1","-1","-3","-17","-2","-11","719","782","708","742"
"78.100","106","13","8","21","-0","4113","-0.7130","2","1.9670","92","47","-0","4843","2","78","11","50","3","4","-4","6","104","6","0","130","19","-2","-0","-1","-1","5","4","336","76","454","68","362","83","95","88","94","3","0","-0","-1","-3","-18","-2","-12","717","766","708","742"
"78.150","105","14","7","21","-0","4115","-0.6460","2","1.9850","91","49","0","4935","2","78","8","50","3","4","-4","7","105","6","0","130","19","-2","-0","-1","-1","5","5","336","65","443","72","367","82","94","87","93","1","0","-0","-1","-2","-17","-2","-12","720","777","704","736"
"78.200","103","11","6","17","-0","4116","-0.6450","2","2.0420","90","50","-0","4694","2","78","9","50","3","4","-4","7","105","6","0","130","19","-2","-0","-0","-0","5","5","336","63","451","71","371","80","93","86","92","-1","-0","-0","-0","-2","-18","-2","-12","718","762","703","735"
"78.250","99","10","5","15","-0","4117","-0.5890","2","2.0820","89","50","-0","4784","2","78","10","50","3","4","-4","7","105","6","0","130","19","-2","-0","-0","-0","5","5","336","57","459","76","387","79","92","86","91","-2","-0","-0","-0","-2","-18","-2","-12","712","772","699","733"
"78.300","97","8","4","11","-0","4118","-0.5670","2","2.1200","88","50","0","4651","2","78","11","50","3","4","-3","8","106","6","0","130","19","-2","-0","-0","-0","5","5","336","53","456","78","393","79","91","85","90","-2","-0","-0","-0","-2","-18","-2","-13","712","758","701","733"
"78.350","94","7","4","11","-0","4120","-0.5380","2","2.1230","87","50","-0","4680","2","78","11","50","3","4","-4","8","110","6","0","130","19","-2","-0","-0","-0","5","5","336","53","442","68","397","78","89","84","88","-1","-0","-0","-0","-2","-17","-2","-13","710","767","697","730"
"78.400","93","7","4","10","-0","4121","-0.5000","2","2.0790","86","50","-0","4583","2","78","11","50","3","4","-4","8","111","6","0","130","19","-1","-0","-0","-0","5","5","336","56","433","59","398","78","88","84","88","-1","-0","-0","-0","-2","-17","-2","-13","708","753","694","722"
"78.450","92","5","2","7","-0","4122","-0.4930","2","2.1610","85","51","-0","4552","2","78","15","49","3","4","-4","8","112","7","0","130","19","0","0","-1","-1","5","5","336","56","441","79","410","78","88","83","87","-1","-0","0","-1","-2","-17","-2","-13","714","764","695","727"
"78.500","91","5","3","8","-0","4123","-0.4240","2","2.0600","84","51","-0","4525","2","79","15","49","3","4","-4","8","115","7","0","130","19","-2","-0","-0","-0","5","5","336","39","452","79","383","78","87","82","86","0","0","-0","-0","-1","-18","-2","-12","706","749","690","721"
"78.550","89","3","1","5","-0","4125","-0.4340","2","2.0460","83","48","0","4454","2","79","15","49","3","4","-3","7","125","7","0","130","19","0","0","-1","-1","5","5","336","25","431","107","378","77","86","81","85","4","1","0","-1","-1","-17","-3","-12","707","762","689","723"
"78.600","88","3","1","4","-0","4126","-0.4160","2","2.0350","83","47","-0","4463","2","79","16","49","2","4","-3","7","130","8","0","130","19","0","0","-1","-1","6","5","336","24","441","100","388","75","85","81","84","8","1","0","-1","-1","-17","-3","-13","705","748","687","718"
"78.650","87","2","0","3","-0","4127","-0.3550","2","2.0380","82","46","-0","4398","2","79","17","49","3","4","-4","7","130","8","2","130","19","0","0","-1","-1","6","5","336","27","453","106","380","74","84","80","84","9","1","0","-1","-1","-18","-3","-12","704","757","686","715"
"78.700","86","1","-0","1","-0","4128","-0.3850","2","2.0780","81","46","-0","4352","2","79","17","48","2","4","-2","6","129","8","8","130","19","0","0","-1","-1","7","5","336","28","424","109","367","74","83","80","82","9","1","0","-1","-1","-16","-3","-12","706","748","683","713"
"78.750","85","0","0","0","-0","4129","-0.2930","2","1.8500","81","43","-0","4378","2","79","17","48","2","3","-4","7","129","8","14","130","19","0","0","-0","-0","7","5","336","21","399","89","373","75","83","79","82","10","1","0","-0","-1","-16","-3","-12","703","752","685","712"
"78.800","85","0","0","1","-0","4130","-0.2160","2","1.8960","80","42","-0","4718","2","79","18","48","2","3","-4","6","130","8","19","130","19","0","0","-0","-0","7","5","336","33","382","95","380","76","82","78","82","11","2","0","-0","-1","-15","-3","-12","707","748","681","711"
"78.850","84","0","0","0","-0","4132","0.1600","2","1.9960","79","43","-0","4577","2","79","17","48","2","3","-3","7","129","8","21","130","19","0","0","0","0","7","5","336","37","383","103","400","76","81","81","84","10","1","0","0","-1","-15","-3","-13","700","748","679","708"
"78.900","84","0","0","0","-0","4133","0.1090","2","1.8310","79","44","-0","4695","2","79","17","48","2","3","-3","8","126","7","20","130","19","0","0","0","0","6","5","337","22","380","114","406","76","82","84","85","8","1","0","0","-1","-15","-4","-13","702","746","676","711"
"78.950","83","0","0","0","-0","4134","0.2650","2","2.0380","80","43","-0","4347","2","79","20","47","2","2","-2","7","122","7","21","130","19","0","0","0","0","6","5","338","58","365","115","412","77","82","83","83","7","1","0","0","-2","-14","-4","-13","698","746","677","707"
"79.000","84","0","0","0","-0","4135","0.0090","2","1.8890","80","43","-0","4576","2","79","22","46","2","3","-3","9","118","7","21","130","19","0","0","0","0","5","5","340","59","338","72","463","77","82","83","83","6","1","0","0","-2","-13","-2","-15","700","746","676","707"
"79.050","86","0","0","0","-0","4136","0.1440","1","1.2160","80","39","-0","4765","2","79","22","48","1","2","-4","10","116","7","22","130","19","0","0","0","0","5","4","341","31","233","54","431","78","82","85","85","10","1","0","0","-1","-9","-2","-14","697","746","675","705"
"79.100","85","0","-0","0","-0","4137","0.2140","1","1.2380","80","30","-0","4493","2","79","22","49","-2","-1","-3","4","124","7","24","130","19","0","0","0","0","7","4","342","46","161","110","325","78","82","86","85","18","2","0","0","-2","-6","-3","-10","699","746","673","707"
"79.150","83","-0","0","-0","-0","4138","0.0360","2","1.5180","80","31","-0","4486","2","79","25","50","-1","0","-4","4","118","7","35","130","19","0","0","0","0","7","4","343","38","313","104","303","78","82","83","83","16","2","0","0","-1","-12","-3","-10","695","745","673","703"
"79.200","82","1","1","2","-0","4139","0.2120","1","1.4780","80","43","-0","4802","2","79","26","50","2","3","-5","4","95","6","43","130","19","0","0","1","1","4","4","344","26","397","72","292","78","82","85","85","0","0","0","1","-1","-15","-2","-9","698","745","671","705"
"79.250","82","1","-0","0","-0","4141","0.3950","1","1.3900","81","47","-0","4802","2","79","25","50","-0","0","-3","1","79","5","53","130","19","0","0","1","1","4","6","346","19","261","128","282","78","84","88","88","-10","-1","0","1","-1","-10","-4","-9","694","745","670","700"
"79.300","81","0","1","1","-0","4142","0.2030","2","1.5050","82","40","-0","4695","2","79","24","50","-1","-0","-3","5","80","5","58","130","19","0","0","1","1","4","5","347","19","272","127","371","78","84","87","87","-8","-1","0","1","-1","-10","-4","-12","698","745","669","701"
"79.350","82","0","-0","0","-0","4143","0.3530","2","1.7160","82","37","-0","4836","2","79","24","48","1","2","-3","9","68","4","74","130","19","0","0","1","1","4","5","348","17","370","114","432","78","84","88","87","-7","-1","0","1","-0","-14","-3","-14","696","744","670","699"
"79.400","83","-0","-0","-0","-0","4144","0.5810","2","1.7650","83","36","-0","4690","2","79","24","47","1","2","-0","8","57","3","77","130","19","0","0","1","1","5","6","350","12","353","158","385","78","85","89","89","-9","-1","0","1","-0","-13","-5","-12","699","744","667","702"
"79.450","85","-0","-0","-0","-0","4145","0.4100","2","1.6790","84","32","-0","4853","2","79","23","45","1","2","-1","6","53","3","83","130","19","0","0","1","1","5","6","352","27","352","150","363","78","85","88","88","-10","-1","0","1","-1","-13","-5","-12","698","742","669","698"
"79.500","86","-0","-0","-0","-0","4146","0.5810","2","1.6460","85","31","-0","4902","2","80","22","44","1","2","-1","7","51","3","87","130","19","0","0","1","1","5","6","353","30","361","158","383","81","86","89","89","-9","-1","0","1","-1","-14","-5","-12","701","743","667","699"
"79.550","89","0","0","0","-0","4148","0.6160","2","1.4890","86","24","-0","4794","2","80","21","44","1","2","1","8","40","2","92","130","19","0","0","1","1","5","6","354","25","328","198","406","83","87","90","90","-7","-1","0","1","-1","-12","-6","-13","697","741","662","699"
"79.600","92","-0","0","0","-0","4149","0.5800","1","1.2160","87","18","-0","4880","2","80","21","44","1","2","2","8","30","2","90","130","19","0","0","1","1","4","5","355","64","322","220","387","84","88","89","89","-5","-1","0","1","-2","-12","-7","-12","700","745","663","697"
"79.650","94","-0","-0","-0","-0","4150","0.6680","1","0.8190","88","10","-0","4926","2","80","21","43","2","2","3","7","3","0","90","130","19","0","0","1","1","3","4","355","123","287","259","342","85","88","90","90","-8","-1","0","1","-5","-11","-8","-11","693","740","662","699"
"79.700","95","0","0","0","-0","4151","0.6280","1","0.1380","89","3","-0","4948","2","80","20","42","2","2","5","5","-22","-1","89","130","19","0","0","1","1","1","1","355","180","205","300","299","88","89","91","91","-0","-0","0","1","-7","-8","-10","-9","691","735","662","697"
"79.750","95","0","0","0","0","4153","0.6360","1","-0.5500","89","-13","-0","5046","2","80","19","42","2","2","6","4","-70","-4","76","130","19","0","0","1","1","-3","-1","355","251","135","347","253","90","90","92","92","13","2","0","1","-10","-5","-11","-8","692","740","662","694"
"79.800","97","1","0","1","0","4154","0.5810","1","-1.1460","90","-25","-0","5095","2","80","19","42","2","2","8","2","-98","-6","61","130","19","0","0","1","1","-5","-2","355","324","86","390","221","92","90","93","93","17","2","0","1","-13","-3","-12","-7","689","733","660","693"
"79.850","99","1","1","2","0","4155","0.4820","2","-1.5040","91","-38","-0","5128","2","80","20","42","2","2","9","2","-117","-7","52","130","19","0","0","1","1","-5","-3","356","366","59","412","199","93","90","94","94","16","2","0","1","-14","-2","-13","-6","694","738","662","694"
"79.900","100","2","1","3","0","4156","0.3970","2","-1.6590","93","-42","-0","5267","2","80","20","42","3","2","9","1","-116","-7","26","130","19","0","0","1","1","-5","-3","357","377","52","428","189","95","90","96","96","13","2","0","1","-15","-2","-14","-6","689","738","661","694"
"79.950","100","1","1","2","0","4158","0.2280","2","-1.5570","93","-41","-0","5193","2","80","19","43","2","2","10","1","-112","-7","32","130","19","0","0","1","1","-5","-3","358","352","39","417","175","95","90","96","96","13","2","0","1","-14","-1","-13","-5","689","731","659","692"
"80.000","103","1","1","1","0","4159","0.2830","2","-1.4710","94","-38","-0","5308","2","80","19","43","2","1","9","0","-111","-6","28","130","19","0","0","1","1","-5","-3","359","336","25","389","171","96","90","97","97","15","2","0","1","-13","-1","-12","-5","693","737","661","692"
"80.050","103","1","0","2","0","4160","0.3260","2","-1.6820","94","-39","-0","5285","2","80","19","43","2","1","8","0","-107","-6","22","130","19","0","0","1","1","-5","-4","360","392","32","363","177","96","90","98","98","13","2","0","1","-15","-1","-12","-5","685","736","658","692"
"80.100","103","1","0","1","0","4162","0.3130","2","-1.7220","94","-43","-0","5393","2","80","19","44","3","2","7","-0","-102","-6","21","130","19","0","0","1","1","-5","-4","362","424","30","370","169","97","91","98","98","9","1","0","1","-17","-1","-12","-5","688","739","659","689"
"80.150","102","1","0","1","0","4163","0.3200","2","-1.7690","96","-43","-0","5336","2","80","18","44","3","2","8","0","-104","-6","0","130","19","0","0","1","1","-5","-4","363","393","26","414","168","98","92","99","99","9","1","0","1","-15","-1","-13","-5","686","735","659","691"
"80.200","102","2","1","2","0","4164","0.0110","2","-1.8360","96","-39","-0","5230","2","80","17","44","3","2","10","-0","-109","-6","3","130","19","0","0","0","0","-5","-4","364","394","39","447","156","98","92","98","98","13","2","0","0","-16","-1","-14","-5","691","731","659","689"
"80.250","104","1","1","2","0","4166","-0.0890","2","-1.9480","96","-38","-0","5138","2","80","18","44","3","2","10","-1","-106","-6","8","130","19","0","0","-0","-0","-6","-4","364","417","63","447","131","98","92","97","97","14","2","0","-0","-16","-2","-14","-4","690","739","657","689"
"80.300","104","2","1","3","0","4167","-0.1740","2","-1.9460","96","-40","-0","5028","2","80","19","44","3","2","10","-1","-101","-6","16","130","19","0","0","-0","-0","-5","-4","364","416","61","421","130","97","93","97","95","11","1","0","-0","-16","-2","-13","-4","686","734","655","692"
"80.350","104","1","1","1","0","4168","-0.1410","2","-1.6450","95","-41","-0","5812","2","80","20","44","3","2","8","-2","-100","-6","23","130","19","0","0","0","0","-5","-4","364","370","37","370","132","97","92","98","95","9","1","0","0","-15","-1","-12","-4","686","731","657","686"
"80.400","103","0","-0","0","0","4170","0.4090","2","-1.5210","95","-39","-0","5231","2","80","22","45","2","1","7","-1","-103","-6","26","130","19","0","0","1","1","-5","-4","364","332","19","365","155","97","92","100","99","11","1","0","1","-13","-0","-12","-5","682","733","655","692"
"80.450","103","0","0","0","0","4171","0.2750","2","-1.7870","95","-38","0","5376","2","80","26","45","3","2","7","-1","-98","-6","32","130","19","0","0","1","1","-5","-4","366","379","49","416","150","97","91","99","99","9","1","0","1","-15","-2","-13","-5","689","731","653","689"
"80.500","105","0","0","1","0","4172","0.2300","2","-1.6920","96","-41","-0","5521","2","81","27","46","4","3","12","-3","-85","-5","35","130","19","0","0","1","1","-4","-4","367","350","89","467","90","98","93","100","100","4","0","0","1","-14","-3","-15","-3","680","736","656","687"
"80.550","107","-0","0","0","0","4174","0.3650","1","-1.2770","96","-36","-0","5687","2","81","25","47","1","0","10","-3","-75","-4","38","130","19","0","0","1","1","-4","-3","368","222","54","429","135","98","94","103","103","3","0","0","1","-9","-2","-14","-4","683","732","655","687"
"80.600","107","0","0","0","0","4175","0.2720","1","-1.3630","96","-31","-0","5448","2","81","25","46","-0","-1","7","-1","-80","-5","40","130","19","0","0","1","1","-4","-4","370","244","39","339","194","98","93","102","102","5","1","0","1","-10","-1","-11","-6","687","730","652","687"
"80.650","108","0","0","0","0","4176","0.4090","2","-1.5800","97","-40","-0","5512","2","81","25","45","4","3","5","-1","-63","-4","41","130","19","0","0","1","1","-4","-4","372","428","67","334","143","99","94","101","101","-5","-1","0","1","-17","-2","-11","-4","679","734","654","685"
"80.700","108","0","0","0","0","4178","0.5040","2","-1.7330","98","-44","-0","5904","2","81","22","44","3","3","7","-2","-44","-3","50","130","19","0","0","1","1","-4","-5","373","411","55","418","184","100","95","105","105","-15","-2","0","1","-16","-2","-13","-6","684","725","651","685"
"80.750","110","0","0","0","0","4179","0.4440","2","-1.6410","99","-29","-0","5449","2","81","19","44","2","1","13","3","-46","-3","56","130","19","0","0","1","1","-3","-4","375","339","36","493","209","101","96","104","104","-8","-1","0","1","-13","-1","-16","-6","682","728","652","684"
"80.800","110","0","0","0","0","4181","0.4650","2","-1.5960","100","-23","-0","5733","2","81","19","42","2","1","12","1","-57","-3","64","130","19","0","0","1","1","-4","-4","375","399","32","441","182","101","96","103","103","3","0","0","1","-16","-1","-14","-6","686","729","654","683"
"80.850","110","0","-0","0","0","4182","0.6950","2","-1.7770","100","-28","-0","5824","2","81","22","39","3","2","8","1","-67","-4","76","130","19","0","0","1","1","-5","-4","376","382","34","394","212","101","97","106","106","6","1","0","1","-15","-1","-13","-7","681","728","653","685"
"80.900","110","-0","-0","-0","0","4183","0.6830","2","-1.6820","101","-30","-0","5806","2","81","21","40","3","2","10","1","-71","-4","73","130","19","0","0","1","1","-5","-4","378","361","32","454","213","102","99","107","107","7","1","0","1","-14","-1","-14","-7","678","732","649","681"
"80.950","114","-0","0","-0","0","4185","0.7050","2","-1.5350","102","-28","-0","5790","2","81","20","41","2","1","11","2","-75","-4","74","130","19","0","0","1","1","-5","-4","379","348","22","455","209","104","99","108","108","10","1","0","1","-13","-1","-14","-7","684","728","650","683"
"81.000","116","0","0","0","0","4186","0.6210","2","-1.6150","103","-27","-0","5918","2","81","20","40","2","1","10","3","-77","-4","75","130","19","0","0","1","1","-5","-4","381","349","33","423","211","105","99","108","108","12","1","0","1","-14","-1","-13","-7","679","723","648","683"
"81.050","121","0","0","0","0","4188","0.7060","2","-1.6600","104","-31","-0","6005","2","81","21","39","3","2","10","2","-72","-4","77","130","19","0","0","1","1","-4","-3","382","384","50","438","206","106","101","110","110","9","1","0","1","-15","-2","-14","-6","676","727","648","682"
"81.100","121","0","-0","0","0","4189","0.7650","2","-1.5540","106","-33","-0","6066","2","81","20","39","2","2","11","2","-66","-4","77","130","19","0","0","1","1","-4","-3","384","356","49","448","210","108","103","112","112","6","1","0","1","-14","-2","-14","-7","679","727","650","681"
"81.150","122","0","0","0","0","4191","0.7400","2","-1.5180","107","-30","-0","6156","2","81","20","39","2","1","11","3","-65","-4","78","130","19","0","0","1","1","-4","-3","385","323","50","453","202","109","104","112","112","5","1","0","1","-12","-2","-14","-6","681","726","649","681"
"81.200","120","0","-0","0","0","4192","0.8330","2","-1.5710","109","-30","-0","6301","2","81","20","38","2","2","11","2","-64","-4","79","130","19","0","0","1","1","-4","-3","387","350","48","467","206","110","106","114","114","6","1","0","1","-14","-2","-15","-6","677","729","647","682"
"81.250","118","0","0","0","0","4194","0.8980","2","-1.5740","110","-30","-0","6286","2","81","20","38","2","2","11","3","-62","-4","82","130","19","0","0","1","1","-4","-3","388","351","27","469","246","112","107","116","116","6","1","0","1","-14","-1","-15","-8","680","728","648","681"
"81.300","116","-0","0","-0","0","4195","0.8760","2","-1.4760","112","-27","-0","6395","2","81","21","38","2","1","12","4","-60","-3","85","130","19","0","0","1","1","-4","-3","390","331","19","452","248","113","108","117","117","6","1","0","1","-13","-0","-14","-8","675","724","647","682"
"81.350","117","0","0","0","0","4197","0.9670","2","-1.4530","113","-26","0","6606","2","81","21","37","2","1","11","4","-51","-3","88","130","19","0","0","1","1","-3","-3","391","330","42","449","238","114","109","120","120","5","1","0","1","-13","-1","-14","-7","673","720","647","679"
"81.400","119","-0","0","-0","0","4198","1.0520","2","-1.3830","115","-26","-0","6635","2","81","20","37","2","1","11","4","-46","-3","89","130","19","0","0","2","2","-3","-3","394","325","49","460","253","116","112","122","122","3","0","0","2","-12","-2","-14","-8","676","727","648","677"
"81.450","125","-0","0","-0","0","4200","1.0090","2","-1.2880","117","-22","-0","6706","2","81","18","36","2","1","12","4","-46","-3","97","130","19","0","0","1","1","-3","-3","395","298","45","469","260","118","114","123","123","5","0","0","1","-11","-1","-15","-8","676","724","646","677"
"81.500","129","0","0","0","0","4202","1.0480","2","-1.3580","118","-22","-0","6829","2","82","17","36","2","1","12","4","-47","-3","100","130","19","0","0","2","2","-3","-3","397","306","74","478","238","120","116","125","125","6","1","0","2","-12","-3","-15","-7","671","720","646","678"
"81.550","134","0","0","0","0","4203","1.0710","2","-1.3580","121","-25","-0","7027","2","82","16","34","2","1","13","3","-49","-3","100","130","19","0","0","2","2","-3","-3","399","320","97","486","225","122","119","128","128","6","1","0","2","-12","-3","-15","-7","672","718","647","678"
"81.600","136","0","0","0","0","4205","1.0490","2","-1.2590","123","-26","-0","7105","2","82","15","33","1","1","13","4","-51","-3","100","130","19","0","0","2","2","-3","-3","402","267","97","493","231","124","121","130","130","6","1","0","2","-10","-3","-15","-7","675","726","646","679"
"81.650","139","-0","0","-0","0","4207","0.9700","2","-1.3180","124","-27","-0","7305","2","82","15","31","2","1","15","3","-49","-3","100","130","19","0","0","1","1","-3","-3","404","297","101","496","222","126","123","132","132","3","0","0","1","-11","-4","-16","-7","674","725","643","677"
"81.700","141","-0","0","-0","0","4209","1.0980","2","-1.5350","126","-32","-0","7499","2","82","16","31","3","2","13","4","-41","-2","100","130","19","0","0","1","1","-3","-3","408","401","87","510","259","128","125","136","136","-4","-0","0","1","-15","-3","-16","-8","670","722","644","676"
"81.750","142","1","-0","0","0","4210","1.1780","2","-1.6710","128","-30","0","7313","2","82","22","32","3","2","15","8","-32","-2","100","130","19","0","0","1","1","-3","-3","411","428","41","548","317","130","126","138","138","-7","-1","0","1","-16","-1","-17","-10","669","721","643","676"
"81.800","141","0","0","0","0","4212","1.0130","2","-1.4320","131","-21","-0","7430","2","82","25","34","3","2","16","9","-28","-2","100","130","19","0","0","1","1","-2","-3","414","445","18","545","354","132","126","136","136","-3","-0","0","1","-17","-0","-17","-11","674","720","645","675"
"81.850","143","-0","0","-0","0","4214","1.0190","2","-1.1770","134","-8","-0","7542","2","82","31","38","3","2","14","11","-16","-1","100","130","19","0","0","1","1","-3","-3","414","389","33","443","401","135","126","139","138","3","0","0","1","-15","-1","-14","-13","675","718","646","676"
"81.900","145","0","0","0","0","4216","1.0400","1","-1.0480","135","-2","-0","7563","2","82","33","41","2","2","11","11","-11","-1","100","130","19","0","0","1","1","-3","-3","414","292","112","372","385","135","129","140","140","7","1","0","1","-11","-4","-11","-12","672","722","644","675"
"81.950","148","0","-0","0","0","4218","1.0430","1","-0.7070","136","-3","-0","7863","2","82","36","45","3","2","11","8","-18","-1","100","130","19","0","0","2","2","-3","-2","414","258","150","393","350","136","135","142","142","9","1","0","2","-10","-5","-12","-11","672","722","644","675"
"82.000","151","0","0","0","0","4220","1.1250","1","-0.6540","137","-7","-0","7697","2","82","36","46","2","2","11","10","-28","-2","100","130","19","0","0","1","1","-2","-1","416","259","127","424","380","138","137","144","144","11","1","0","1","-10","-4","-13","-12","667","720","644","675"
"82.050","155","0","-0","0","0","4222","0.9720","1","-0.7490","139","-14","-0","7884","2","82","33","47","2","2","13","10","-33","-2","100","130","19","0","0","1","1","-2","-1","416","300","143","460","370","140","138","144","144","9","1","0","1","-11","-5","-14","-12","669","718","643","675"
"82.100","158","-0","0","-0","0","4223","1.0100","1","-0.8100","142","-16","-0","8009","2","82","30","46","3","2","13","9","-26","-2","100","130","19","0","0","1","1","-2","-1","416","305","164","471","354","142","140","147","147","4","0","0","1","-11","-6","-15","-11","670","715","642","675"
"82.150","158","-0","0","0","0","4225","0.9430","1","-0.7570","144","-13","-0","8071","2","82","23","44","2","2","14","8","-18","-1","100","130","19","0","0","1","1","-1","-1","416","259","178","471","337","144","142","148","148","2","0","0","1","-10","-6","-15","-10","668","717","642","676"
"82.200","159","-0","0","-0","0","4227","0.9560","1","-0.6460","147","-10","-0","8178","2","82","20","43","2","2","14","7","-15","-1","100","130","19","0","0","1","1","-1","-1","416","234","223","486","299","147","144","151","151","1","0","0","1","-9","-8","-15","-9","670","716","643","671"
"82.250","163","0","0","0","0","4230","1.0240","1","-0.7000","149","-10","-0","8320","2","82","16","42","3","3","15","7","-14","-1","100","130","19","0","0","1","1","-1","-1","416","266","267","520","300","149","147","153","153","1","0","0","1","-10","-10","-16","-9","668","717","643","673"
"82.300","165","0","0","0","0","4232","0.0740","1","-0.8270","149","-12","0","6653","2","82","15","40","4","3","15","8","-17","-1","100","130","19","0","0","0","0","-1","-1","416","357","245","491","313","149","148","146","146","1","0","0","0","-14","-9","-15","-10","668","715","641","670"
"82.350","166","0","0","0","0","4234","-0.0930","1","-1.0060","148","-15","0","6914","3","82","13","36","4","4","11","8","-22","-1","100","130","19","0","0","0","0","-2","-2","416","418","178","439","315","149","148","152","149","2","0","0","0","-16","-6","-13","-10","667","716","642","672"
"82.400","167","0","0","0","0","4236","0.8980","1","-1.0110","149","-15","-0","6508","3","82","13","34","4","3","13","7","-26","-2","100","130","19","0","0","1","1","-2","-2","418","386","105","456","339","150","148","158","159","6","0","0","1","-15","-3","-14","-10","668","717","640","671"
"82.450","168","0","0","0","0","4238","0.7170","1","-1.0820","150","-14","0","6821","3","82","13","32","3","2","12","10","-33","-2","100","130","19","0","0","1","1","-3","-2","419","346","91","454","368","151","148","155","155","9","1","0","1","-13","-3","-14","-11","666","714","642","671"
"82.500","168","1","0","1","0","4240","0.8210","1","-1.1500","152","-16","-0","6838","3","83","14","30","3","3","14","9","-33","-2","100","130","19","0","0","1","1","-3","-2","419","374","109","472","348","152","150","156","156","9","1","0","1","-14","-4","-14","-11","663","715","641","670"
"82.550","166","0","0","0","0","4242","0.8610","1","-1.2040","153","-19","-0","6894","3","83","15","28","3","3","15","8","-30","-2","100","130","19","0","0","1","1","-2","-2","419","416","117","506","331","154","152","159","159","7","0","0","1","-16","-4","-16","-10","666","714","640","671"
"82.600","167","0","0","0","0","4244","0.8180","2","-1.3140","155","-19","0","6980","3","83","15","28","4","3","14","9","-31","-2","100","130","19","0","0","1","1","-3","-2","419","407","105","507","346","156","153","159","159","6","0","0","1","-15","-3","-16","-11","662","717","640","669"
"82.650","168","0","0","0","0","4246","0.7400","2","-1.3550","156","-17","0","6968","3","83","16","29","4","3","16","9","-32","-2","100","130","19","0","0","1","1","-3","-2","419","402","95","510","349","157","154","160","160","8","1","0","1","-15","-3","-16","-11","666","714","640","669"
"82.700","170","0","0","0","0","4249","0.7700","2","-1.3270","157","-17","-0","7040","3","83","16","30","4","3","15","9","-33","-2","100","130","19","0","0","1","1","-3","-2","419","393","96","503","319","158","156","162","162","9","1","0","1","-15","-3","-15","-10","662","716","641","669"
"82.750","174","0","0","0","0","4251","0.7210","2","-1.3140","158","-19","0","7089","3","83","16","30","3","2","14","8","-36","-2","100","130","19","0","0","1","1","-3","-2","419","363","87","468","287","159","157","164","164","10","1","0","1","-14","-3","-14","-9","664","714","639","669"
"82.800","176","0","0","0","0","4253","0.7080","2","-1.4220","160","-21","0","7270","3","83","16","29","3","3","13","6","-38","-2","100","130","19","0","0","1","1","-3","-3","419","390","93","451","272","161","158","165","165","9","1","0","1","-15","-3","-14","-8","660","715","641","668"
"82.850","177","0","0","0","0","4255","0.8210","2","-1.6200","161","-26","0","7216","3","83","15","29","4","3","13","6","-36","-2","100","130","19","0","0","1","1","-3","-3","420","448","103","516","293","162","160","167","168","6","0","0","1","-17","-3","-16","-9","663","712","640","668"
"82.900","178","-0","0","-0","0","4257","0.6940","2","-1.7740","163","-25","-0","7308","3","83","15","29","4","3","17","8","-36","-2","100","130","19","0","0","1","1","-3","-3","420","464","88","605","330","164","161","168","167","6","0","0","1","-18","-3","-19","-10","659","715","638","667"
"82.950","178","0","0","0","0","4260","0.6530","2","-1.8580","164","-21","0","7319","3","83","14","27","4","3","18","10","-36","-2","100","130","19","0","0","1","1","-3","-3","420","474","84","592","323","165","162","168","168","8","1","0","1","-18","-2","-18","-10","659","714","640","666"
"83.000","177","-0","0","-0","0","4262","0.7480","2","-1.8720","165","-22","-0","7427","3","83","14","26","4","3","16","8","-36","-2","100","130","19","0","0","1","1","-3","-3","420","488","98","540","305","166","163","170","170","9","1","0","1","-19","-3","-17","-9","661","713","638","667"
"83.050","175","0","0","0","0","4264","0.7060","2","-1.7850","166","-23","-0","7438","3","83","13","25","4","3","17","8","-37","-2","100","130","19","0","0","1","1","-3","-3","420","458","88","563","309","168","164","171","171","9","1","0","1","-17","-3","-17","-9","661","708","637","666"
"83.100","177","1","0","1","0","4267","0.6590","2","-1.8600","168","-22","0","7521","3","83","13","26","4","3","18","8","-38","-2","100","130","19","0","0","1","1","-3","-3","420","472","92","590","317","169","165","172","172","10","1","0","1","-18","-3","-18","-10","659","709","640","667"
"83.150","177","0","0","0","0","4269","0.7570","2","-1.9420","169","-23","-0","7538","3","83","13","26","5","4","18","9","-36","-2","100","130","19","0","0","1","1","-3","-3","420","514","109","601","333","170","167","173","173","9","1","0","1","-20","-3","-18","-10","660","709","638","665"
"83.200","180","1","0","1","0","4271","0.6670","2","-1.8670","170","-22","0","7593","3","83","13","25","4","3","19","10","-36","-2","100","130","19","0","0","1","1","-3","-3","420","488","95","600","336","171","168","174","174","9","1","0","1","-19","-3","-18","-10","661","707","639","664"
"83.250","182","0","0","0","0","4274","0.6850","2","-1.8220","171","-22","-0","7654","3","83","12","25","4","3","17","9","-36","-2","100","130","19","0","0","1","1","-3","-3","420","476","98","564","314","172","169","176","176","10","1","0","1","-18","-3","-17","-9","660","710","637","664"
"83.300","183","0","0","0","0","4276","0.7360","2","-1.8070","172","-22","0","7717","3","83","12","26","4","3","17","8","-36","-2","100","130","19","0","0","1","1","-3","-3","420","468","97","556","311","174","171","177","178","10","1","0","1","-18","-3","-17","-9","658","709","637","664"
"83.350","183","0","0","0","0","4279","0.6860","2","-1.8250","174","-22","0","7800","3","83","12","26","4","3","17","9","-38","-2","100","130","19","0","0","1","1","-3","-3","420","455","86","581","312","174","171","178","178","11","1","0","1","-17","-2","-18","-9","659","709","637","663"
"83.400","185","0","0","0","0","4281","0.7320","2","-1.9490","175","-24","0","7859","3","83","12","25","4","3","17","8","-39","-2","100","130","19","0","0","1","1","-3","-3","420","502","114","593","296","176","172","180","180","11","1","0","1","-19","-4","-18","-9","659","708","637","664"
"83.450","186","0","0","0","0","4283","0.7810","2","-2.0750","176","-27","-0","7885","3","83","12","24","5","4","18","8","-38","-2","100","130","19","0","0","1","1","-3","-3","420","540","122","632","318","178","174","182","182","9","1","0","1","-20","-4","-19","-9","656","709","636","663"
"83.500","186","0","0","1","0","4286","0.6770","2","-2.0890","178","-25","-0","7905","3","84","12","24","5","4","20","10","-38","-2","100","130","19","0","0","1","1","-3","-3","420","515","88","661","354","179","175","182","182","10","1","0","1","-19","-2","-20","-11","657","710","636","664"
"83.550","185","0","0","0","0","4288","0.6840","2","-2.1050","178","-22","0","7978","3","84","12","24","5","4","20","10","-38","-2","100","130","19","0","0","1","1","-4","-3","420","494","76","617","334","179","176","183","183","12","1","0","1","-19","-2","-19","-10","654","704","635","660"
"83.600","187","0","0","0","0","4291","0.7630","2","-2.1080","180","-24","-0","8046","3","84","12","24","5","4","18","9","-37","-2","100","130","19","0","0","1","1","-4","-3","420","490","86","588","313","181","178","185","185","11","1","0","1","-18","-2","-18","-9","654","705","637","662"
"83.650","192","0","0","1","0","4293","0.6890","2","-2.0200","181","-24","0","8101","3","84","12","24","5","3","19","9","-38","-2","100","130","19","0","0","1","1","-4","-3","420","479","78","602","319","182","179","186","186","12","1","0","1","-18","-2","-18","-9","656","707","632","662"
"83.700","192","0","0","0","0","4296","0.6710","2","-2.0990","182","-24","-0","8164","3","84","12","24","5","3","19","9","-41","-2","100","130","19","0","0","1","1","-4","-3","420","516","79","602","316","183","179","187","187","14","1","0","1","-19","-2","-18","-9","656","706","632","661"
"83.750","193","0","0","0","0","4298","0.7300","2","-2.2240","183","-27","0","8213","3","84","12","24","5","4","19","9","-43","-3","100","130","19","0","0","1","1","-4","-3","420","560","84","620","313","185","181","188","188","14","1","0","1","-21","-2","-19","-9","656","707","632","660"
"83.800","192","-0","0","-0","0","4301","0.6580","2","-2.2570","184","-27","0","8248","3","84","11","24","5","4","19","9","-44","-3","100","130","19","0","0","1","1","-4","-3","420","546","70","633","315","186","181","189","190","14","1","0","1","-21","-2","-19","-9","655","706","632","659"
"83.850","195","1","0","1","0","4304","0.6600","2","-2.3340","185","-27","0","8293","3","84","10","23","5","4","19","9","-43","-3","100","130","19","0","0","1","1","-4","-3","420","547","73","617","313","187","182","191","191","13","1","0","1","-21","-2","-19","-9","656","706","635","659"
"83.900","196","-0","0","-0","0","4306","0.7160","3","-2.4530","187","-29","-0","8374","3","84","9","23","5","4","19","9","-41","-2","100","130","19","0","0","1","1","-4","-3","420","589","94","652","315","188","184","192","192","11","1","0","1","-23","-3","-20","-9","655","706","634","659"
"83.950","198","-0","0","0","0","4309","0.0160","3","-2.5460","188","-27","0","7015","4","84","9","22","5","4","21","10","-37","-2","100","130","19","0","0","0","0","-4","-3","420","647","123","680","312","189","185","184","184","10","1","0","0","-25","-4","-21","-9","639","704","633","659"
"84.000","196","0","0","1","0","4311","0.1940","3","-2.5620","188","-25","0","6785","4","84","9","23","6","4","21","9","-36","-2","100","130","19","0","0","0","0","-4","-3","420","655","143","670","320","189","186","194","193","10","1","0","0","-25","-5","-21","-9","651","704","632","658"
"84.050","198","-0","0","0","0","4314","0.4800","2","-2.3580","188","-23","-0","6766","4","84","9","23","5","4","21","10","-37","-2","100","130","19","0","0","1","1","-4","-3","420","572","111","658","320","189","186","193","193","12","1","0","1","-22","-3","-20","-9","653","705","632","657"
"84.100","201","-0","0","-0","0","4317","0.4530","2","-2.1970","188","-22","-0","6854","4","84","10","23","5","4","19","9","-40","-2","100","130","19","0","0","1","1","-4","-3","420","517","88","609","289","189","186","193","193","15","1","0","1","-20","-2","-19","-8","652","705","631","657"
"84.150","204","0","-0","0","0","4319","0.6060","2","-2.2940","189","-26","0","6872","4","84","12","24","5","4","18","8","-40","-2","100","130","19","0","0","1","1","-4","-3","420","544","106","603","287","190","187","194","194","14","1","0","1","-21","-3","-18","-8","648","701","631","658"
"84.200","202","-0","0","-0","0","4322","0.5290","2","-2.4290","190","-28","0","6856","4","84","14","24","5","4","20","9","-39","-2","100","130","19","0","0","1","1","-4","-3","420","567","125","681","299","192","188","194","194","11","1","0","1","-22","-4","-21","-9","648","700","631","658"
"84.250","201","0","-0","0","0","4325","0.5070","2","-2.4080","191","-28","0","6895","4","84","15","25","5","4","22","8","-37","-2","100","130","19","0","0","1","1","-4","-3","420","560","146","729","271","192","188","195","195","9","1","0","1","-21","-5","-22","-8","650","702","631","656"
"84.300","202","-0","-0","-0","0","4327","0.4940","2","-2.3830","192","-27","0","6920","4","84","15","25","5","4","21","8","-37","-2","100","130","19","0","0","1","1","-4","-3","420","539","136","700","260","193","188","197","197","10","1","0","1","-20","-4","-22","-7","648","702","631","656"
"84.350","199","0","0","0","0","4330","0.4670","2","-2.3680","192","-27","-0","6997","4","84","15","24","5","4","21","7","-38","-2","100","130","19","0","0","1","1","-4","-3","420","531","104","672","279","194","189","198","198","10","1","0","1","-20","-3","-21","-8","649","698","630","655"
"84.400","200","0","0","0","0","4333","0.4840","2","-2.4270","193","-27","0","6962","4","84","15","24","5","4","20","8","-37","-2","100","130","19","0","0","1","1","-4","-3","420","553","96","665","281","194","189","197","197","9","1","0","1","-21","-3","-20","-8","649","698","630","655"
"84.450","201","-0","0","0","0","4335","0.5390","3","-2.4710","194","-26","-0","6964","4","84","13","24","5","4","21","8","-33","-2","100","130","19","0","0","1","1","-4","-3","420","591","102","678","294","195","190","198","198","8","0","0","1","-22","-3","-21","-8","648","700","629","655"
"84.500","204","-0","0","-0","0","4338","0.4620","3","-2.4790","195","-24","0","6957","4","85","12","23","5","4","21","10","-31","-2","100","130","19","0","0","1","1","-4","-3","420","603","100","683","320","196","191","199","199","8","0","0","1","-23","-3","-21","-9","647","700","629","655"
"84.550","204","0","0","0","0","4341","0.4720","3","-2.4660","195","-21","-0","7012","4","85","10","22","5","4","21","10","-31","-2","100","130","19","0","0","1","1","-4","-3","420","596","109","653","329","196","193","199","199","10","1","0","1","-23","-3","-20","-10","647","702","629","655"
"84.600","205","1","0","1","0","4343","0.5100","2","-2.3710","196","-21","0","7020","4","85","9","22","5","4","20","10","-32","-2","100","130","19","0","0","1","1","-4","-3","420","598","126","642","332","197","194","200","200","12","1","0","1","-23","-4","-20","-10","649","697","627","655"
"84.650","205","-0","0","-0","0","4346","0.4410","2","-2.2930","197","-22","0","7041","4","85","8","22","5","4","21","10","-36","-2","100","130","19","0","0","1","1","-4","-3","420","581","118","655","328","198","195","200","200","14","1","0","1","-22","-4","-20","-10","644","698","628","654"
"84.700","206","-0","0","-0","0","4349","0.4470","2","-2.3070","197","-23","0","7079","4","85","8","22","5","4","20","10","-38","-2","100","130","19","0","0","1","1","-4","-3","420","602","121","644","314","198","195","201","201","15","1","0","1","-23","-4","-20","-9","644","698","628","654"
"84.750","208","0","0","0","0","4352","0.4980","2","-2.3720","198","-26","-0","7142","4","85","8","22","5","4","20","9","-38","-2","100","130","19","0","0","1","1","-4","-3","420","612","131","643","319","199","196","202","202","13","1","0","1","-23","-4","-20","-9","646","700","627","653"
"84.800","210","0","0","0","0","4354","0.4240","2","-2.3250","199","-26","0","7119","4","85","8","22","5","4","21","10","-37","-2","100","130","19","0","0","1","1","-4","-3","420","590","113","667","322","200","197","203","202","12","1","0","1","-22","-3","-20","-9","646","695","627","652"
"84.850","214","0","0","0","0","4357","0.4450","2","-2.3930","199","-26","0","7176","4","85","8","22","5","4","20","9","-36","-2","100","130","19","0","0","1","1","-4","-3","420","618","117","651","309","200","197","204","204","11","1","0","1","-23","-3","-20","-9","642","696","626","652"
"84.900","215","0","0","0","0","4360","0.5080","3","-2.4900","200","-26","0","7200","4","85","8","21","5","4","20","10","-34","-2","100","130","19","0","0","1","1","-4","-3","420","642","128","670","325","202","198","204","204","10","1","0","1","-24","-4","-21","-9","642","696","627","652"
"84.950","213","0","0","0","0","4363","0.4230","3","-2.4730","201","-24","0","7196","4","85","8","21","5","4","22","11","-34","-2","100","130","19","0","0","1","1","-4","-3","420","626","120","704","333","202","199","204","204","11","1","0","1","-24","-4","-22","-10","644","692","626","651"
"85.000","211","0","-0","0","0","4366","0.4930","2","-2.4500","201","-23","0","7236","4","85","8","21","5","4","21","10","-34","-2","100","130","19","0","0","1","1","-4","-3","420","618","125","678","322","202","199","206","206","12","1","0","1","-23","-4","-21","-9","644","693","625","651"
"85.050","206","0","0","0","0","4368","0.4900","2","-2.4100","202","-23","0","7263","4","85","8","20","5","4","21","10","-34","-2","100","130","19","0","0","1","1","-4","-3","420","617","119","661","331","203","200","206","206","12","1","0","1","-23","-4","-20","-10","641","696","625","651"
"85.100","204","0","0","0","0","4371","0.5160","2","-2.3870","203","-23","0","7259","4","85","8","20","5","4","21","11","-34","-2","100","130","19","0","0","1","1","-4","-3","420","615","113","678","348","204","201","207","207","12","1","0","1","-23","-3","-21","-10","643","693","624","650"
"85.150","208","0","0","1","0","4374","0.5170","2","-2.3980","204","-22","0","7285","4","85","8","21","5","4","22","12","-33","-2","100","130","19","0","0","1","1","-4","-3","420","626","122","683","362","205","202","207","207","13","1","0","1","-24","-4","-21","-11","644","693","624","650"
"85.200","211","-0","0","0","0","4377","0.4550","2","-2.3520","204","-22","0","7318","4","85","9","21","5","4","22","12","-34","-2","100","130","19","0","0","1","1","-4","-3","420","618","120","662","346","205","202","208","208","13","1","0","1","-23","-4","-20","-10","644","693","622","650"
"85.250","214","-0","0","-0","0","4380","0.5340","2","-2.3230","205","-24","-0","7381","4","85","9","20","5","4","20","10","-33","-2","100","130","19","0","0","1","1","-4","-3","420","602","132","640","323","206","203","209","209","12","1","0","1","-23","-4","-20","-9","640","694","624","649"
"85.300","214","0","0","0","0","4383","0.5380","2","-2.3130","206","-25","0","7387","4","85","8","20","5","4","20","11","-33","-2","100","130","19","0","0","1","1","-3","-3","420","615","134","664","348","207","204","210","210","11","1","0","1","-23","-4","-20","-10","641","691","624","649"
"85.350","213","0","0","0","0","4386","0.4580","2","-2.3360","207","-22","0","7405","4","85","9","20","5","4","22","12","-32","-2","100","130","19","0","0","1","1","-3","-3","420","636","119","686","376","208","204","210","210","11","1","0","1","-24","-3","-21","-11","634","691","623","649"
"85.400","213","-0","0","-0","0","4388","0.5400","2","-2.4350","208","-22","0","7434","4","85","9","21","5","4","21","12","-30","-2","100","130","19","0","0","1","1","-4","-3","420","638","152","677","366","208","205","211","211","11","1","0","1","-24","-5","-21","-11","641","691","623","649"
"85.450","212","-0","0","0","0","4391","0.4990","2","-2.2690","208","-20","0","7477","4","85","9","22","5","4","22","12","-28","-2","100","130","19","0","0","1","1","-3","-3","420","575","151","686","368","209","207","212","212","11","1","0","1","-22","-5","-21","-11","640","688","621","648"
"85.500","212","0","0","0","0","4394","0.3900","2","-1.9940","208","-18","0","7500","4","86","9","22","5","4","21","12","-28","-2","100","130","19","0","0","1","1","-3","-3","420","510","114","627","332","209","207","212","212","11","1","0","1","-19","-3","-19","-10","638","689","621","647"
"85.550","211","0","-0","0","0","4397","0.5620","2","-2.0050","209","-21","0","7537","4","86","10","22","5","4","17","8","-27","-2","100","130","19","0","0","1","1","-3","-3","420","517","141","553","283","210","208","214","214","9","0","0","1","-19","-4","-17","-8","637","691","621","647"
"85.600","212","0","0","0","0","4400","0.5570","2","-1.9680","210","-22","-0","7535","4","86","10","23","5","4","18","9","-24","-1","100","130","19","0","0","1","1","-3","-3","420","523","134","628","328","212","209","215","215","5","0","0","1","-19","-4","-19","-9","637","689","621","647"
"85.650","212","1","0","1","0","4403","0.3460","2","-1.9390","211","-16","0","7543","4","86","10","24","5","4","22","12","-21","-1","100","130","19","0","0","1","1","-3","-3","420","519","123","652","337","211","209","214","214","5","0","0","1","-19","-4","-20","-10","639","688","622","647"
"85.700","216","-0","0","-0","0","4406","0.5860","2","-1.9330","212","-16","0","7636","4","86","9","23","5","4","18","9","-18","-1","100","130","19","0","0","1","1","-3","-3","420","537","171","582","307","212","211","216","216","4","0","0","1","-20","-5","-18","-9","639","688","621","646"
"85.750","217","0","-0","0","0","4409","0.5060","2","-1.7790","213","-16","0","7599","4","86","9","21","5","4","18","10","-15","-1","100","130","19","0","0","1","1","-3","-2","420","536","168","602","343","214","211","216","216","2","0","0","1","-20","-5","-18","-10","638","685","619","645"
"85.800","216","0","0","0","0","4412","0.4400","2","-1.7250","213","-13","0","7636","4","86","9","21","5","4","20","11","-15","-1","100","130","19","0","0","1","1","-3","-2","420","526","174","645","379","214","212","217","217","3","0","0","1","-20","-6","-20","-11","637","686","619","645"
"85.850","216","0","0","0","0","4415","0.5190","2","-1.7310","214","-12","0","7628","4","86","9","21","5","5","20","13","-15","-1","100","130","19","0","0","1","1","-2","-2","420","557","219","643","399","215","214","217","217","5","0","0","1","-21","-7","-19","-12","638","687","619","643"
"85.900","218","0","0","0","0","4418","0.4540","2","-1.5610","215","-12","0","7675","4","86","10","21","5","4","20","13","-15","-1","100","130","19","0","0","1","1","-2","-2","420","533","220","620","405","216","214","218","218","5","0","0","1","-20","-7","-19","-12","634","684","620","646"
"85.950","222","0","0","0","0","4421","0.4450","1","-1.4110","216","-12","0","7696","4","86","9","21","5","4","19","13","-16","-1","100","130","19","0","0","1","1","-2","-2","420","492","215","585","373","216","215","219","219","5","0","0","1","-18","-7","-17","-11","636","686","619","645"
"86.000","222","0","0","0","0","4424","0.4860","1","-1.3590","216","-13","0","7729","4","86","9","21","5","4","18","11","-16","-1","100","130","19","0","0","1","1","-2","-2","420","492","194","564","370","217","216","220","220","5","0","0","1","-18","-6","-17","-11","636","687","618","643"
"86.050","225","0","0","0","0","4427","0.4280","1","-1.4100","217","-13","0","7753","4","86","9","21","5","4","18","12","-15","-1","100","130","19","0","0","1","1","-2","-2","420","468","202","585","377","218","216","220","220","3","0","0","1","-17","-7","-17","-11","632","681","618","643"
"86.100","225","0","0","0","0","4430","0.4700","2","-1.4340","218","-14","-0","7790","4","86","8","21","5","5","20","12","-13","-1","100","130","19","0","0","1","1","-2","-2","420","518","248","604","386","219","217","222","221","1","0","0","1","-19","-9","-18","-11","634","684","618","644"
"86.150","224","0","0","0","0","4433","0.4350","1","-1.3140","219","-10","0","7821","4","86","7","20","5","4","20","14","-9","-0","100","130","19","0","0","1","1","-2","-2","420","504","231","642","421","220","218","222","222","-0","0","0","1","-19","-8","-19","-13","632","680","617","643"
"86.200","221","-0","0","0","0","4436","0.4070","1","-1.1660","219","-8","0","7851","4","86","6","19","5","4","20","13","-7","-0","100","130","19","0","0","1","1","-2","-2","420","438","231","596","405","220","219","222","222","0","0","0","1","-16","-8","-18","-12","633","682","618","641"
"86.250","220","-0","0","0","0","4439","0.5110","1","-0.9430","220","-7","0","7868","4","86","5","18","5","5","17","12","-5","-0","100","130","19","0","0","1","1","-1","-1","420","462","273","542","414","221","220","224","224","-0","-0","0","1","-17","-10","-16","-12","632","682","615","642"
"86.300","224","0","0","0","0","4442","0.4310","1","-0.7890","221","-5","1","7887","4","86","5","17","5","5","18","15","-4","-0","100","130","19","0","0","1","1","-1","-1","420","444","285","580","465","222","221","224","224","-0","-0","0","1","-16","-10","-17","-14","631","680","617","642"
"86.350","226","0","0","0","0","4445","0.3580","1","-0.6950","222","-3","23","7882","4","86","5","19","5","5","20","15","-5","-0","100","130","19","0","0","1","1","-1","-1","420","427","297","566","427","222","222","225","225","1","0","0","1","-15","-11","-17","-13","633","683","616","641"
"86.400","229","-0","-0","-0","0","4448","0.5330","1","-0.5450","223","-4","63","7954","4","86","6","20","5","5","16","13","-3","-0","100","130","19","0","0","1","1","-1","-1","420","495","312","508","412","223","223","226","226","0","0","0","1","-18","-11","-15","-12","632","681","616","641"
"86.450","229","0","-0","-0","0","4451","0.4370","1","-0.5040","224","-4","100","7975","4","86","7","22","5","5","16","15","-1","-0","100","130","19","0","0","1","1","-1","-1","420","505","320","496","451","224","224","227","227","-1","-0","0","1","-19","-11","-14","-13","631","680","615","640"
"86.500","228","0","-0","0","0","4454","0.3940","1","-0.4350","224","-3","100","8031","4","87","7","24","5","5","16","14","-1","-0","100","130","19","0","0","1","1","-1","-1","420","478","332","493","428","224","224","227","227","-2","-0","0","1","-17","-12","-14","-13","631","680","616","641"
"86.550","228","0","-0","-0","0","4457","0.4900","1","-0.3320","225","-1","100","8087","4","87","8","25","5","5","14","12","2","0","100","130","19","0","0","1","1","-1","-1","420","459","332","486","398","225","225","229","229","-2","-0","0","1","-17","-12","-14","-12","631","679","614","638"
"86.600","228","-0","0","0","0","4461","0.3920","0","-0.2150","227","1","100","8048","4","87","8","26","5","5","15","12","3","0","100","130","19","0","0","1","1","-0","-0","420","431","335","452","392","227","226","228","228","-2","-0","0","1","-16","-12","-13","-11","630","679","615","640"
"86.650","229","0","0","0","0","4464","0.5360","1","-0.0110","227","3","100","8077","4","87","8","27","5","5","13","12","3","0","100","130","19","0","0","1","1","-0","-0","420","422","374","439","430","227","227","231","231","-1","-0","0","1","-15","-14","-13","-13","628","678","615","639"
"86.700","227","0","-0","0","-0","4467","0.4070","0","0.1580","228","5","100","8122","4","87","8","27","5","5","15","14","3","0","100","130","19","0","0","1","1","0","0","420","364","409","477","484","227","228","230","230","-1","-0","0","1","-13","-15","-14","-14","629","678","614","639"
"86.750","224","0","0","0","-0","4470","0.4190","1","0.3040","229","5","100","8151","4","87","8","27","5","5","15","15","3","0","100","130","19","0","0","1","1","0","0","420","326","440","440","468","228","229","231","231","-2","-0","0","1","-11","-16","-13","-14","626","674","614","639"
"86.800","226","-0","0","0","-0","4473","0.4890","1","0.3970","230","5","100","8199","4","87","8","27","5","5","13","14","3","0","100","130","19","0","0","1","1","1","1","420","320","424","410","460","229","230","233","233","-3","-0","0","1","-11","-16","-12","-14","627","676","613","638"
"86.850","229","0","0","0","-0","4476","0.3710","1","0.4280","230","5","100","8207","4","87","8","26","5","5","14","14","1","0","100","130","19","0","0","1","1","1","1","420","318","397","396","448","230","230","233","233","-3","-0","0","1","-11","-14","-11","-13","626","674","613","638"
"86.900","229","0","0","0","-0","4480","0.5140","1","0.4740","231","5","100","8280","4","87","8","26","5","5","11","12","0","0","100","130","19","0","0","1","1","1","1","420","349","426","400","453","231","232","235","235","-4","-0","0","1","-13","-16","-11","-13","628","673","613","638"
"86.950","231","-0","0","0","-0","4483","0.4200","1","0.4360","232","3","100","8272","4","87","8","26","5","5","14","15","-1","-0","100","130","19","0","0","1","1","1","1","420","355","432","447","500","232","232","234","234","-4","-0","0","1","-13","-16","-13","-15","625","675","611","638"
"87.000","235","-0","0","-0","-0","4486","0.3900","1","0.3630","233","2","100","8274","4","87","7","26","5","5","14","15","-1","-0","100","130","19","0","0","1","1","0","1","420","358","427","440","475","233","233","235","235","-4","-0","0","1","-13","-16","-13","-14","626","672","614","637"
"87.050","241","0","0","0","-0","4489","0.4500","1","0.2760","234","1","100","8336","4","87","7","25","5","5","14","13","-1","-0","100","130","19","0","0","1","1","0","1","420","392","428","420","440","234","234","237","237","-3","-0","0","1","-14","-16","-12","-13","624","675","611","637"
"87.100","240","-0","0","-0","-0","4493","0.4130","0","0.1760","235","1","100","8344","4","87","7","25","5","5","13","14","-2","-0","100","130","19","0","0","1","1","0","0","420","400","416","443","462","234","235","237","237","-3","-0","0","1","-15","-15","-13","-14","624","672","613","635"
"87.150","240","0","0","0","-0","4496","0.3840","0","0.1290","235","1","100","8396","4","87","7","25","5","5","15","15","-2","-0","100","130","19","0","0","1","1","0","0","420","407","413","464","473","235","235","238","238","-2","-0","0","1","-15","-15","-13","-14","626","673","611","637"
"87.200","242","-0","0","0","-0","4499","0.4150","0","0.1270","236","1","100","8388","4","87","6","25","5","5","15","14","-1","-0","100","130","19","0","0","1","1","0","0","420","414","435","456","457","236","236","239","238","-2","-0","0","1","-15","-16","-13","-14","623","671","610","637"
"87.250","242","0","0","0","-0","4502","0.4180","0","0.1380","237","2","100","8434","4","87","6","25","5","5","14","14","1","0","100","130","19","0","0","1","1","0","0","420","402","429","445","444","237","237","240","240","-1","-0","0","1","-15","-16","-13","-13","623","674","610","635"
"87.300","243","0","0","0","-0","4506","-0.1710","0","0.1560","238","2","100","7272","4","87","5","25","5","5","14","14","1","0","100","130","19","0","0","0","0","0","0","420","417","426","428","430","237","238","232","232","-1","-0","0","0","-15","-16","-12","-13","622","671","609","635"
"87.350","243","0","0","0","-0","4509","0.0410","0","0.1570","237","2","100","7145","5","87","6","25","5","5","13","13","0","0","100","130","19","0","0","0","0","0","0","420","446","463","428","435","237","237","241","241","-2","-0","0","0","-16","-17","-12","-13","622","673","609","635"
"87.400","243","0","0","0","-0","4512","0.2930","0","0.1650","238","2","100","7110","5","87","6","25","5","5","14","14","-0","-0","100","130","19","0","0","1","1","0","0","420","430","446","468","478","238","238","240","240","-2","-0","0","1","-16","-16","-13","-14","623","672","610","636"
"87.450","241","0","0","0","-0","4516","0.2780","0","0.1690","238","2","100","7126","5","87","6","26","5","5","16","15","0","0","100","130","19","0","0","1","1","0","0","420","403","418","475","485","238","238","240","240","-2","-0","0","1","-15","-15","-14","-14","622","672","609","634"
"87.500","240","0","0","0","-0","4519","0.3480","0","0.1370","239","1","100","7164","5","88","6","26","5","5","14","14","-0","-0","100","130","19","0","0","1","1","0","0","420","398","416","439","444","239","239","241","241","-2","-0","0","1","-14","-15","-12","-13","621","668","609","633"
"87.550","241","0","0","0","-0","4522","0.3230","0","0.1340","239","2","100","7184","5","88","6","25","5","5","14","13","-1","-0","100","130","19","0","0","1","1","0","0","420","363","386","411","409","239","239","242","242","-2","-0","0","1","-13","-14","-12","-12","621","671","607","633"
"87.600","240","0","0","0","-0","4525","0.3090","0","0.1450","240","2","100","7238","5","88","6","25","5","5","12","11","-1","-0","100","130","19","0","0","1","1","0","0","420","380","410","396","391","240","240","243","243","-3","-0","0","1","-14","-15","-11","-11","620","667","607","633"
"87.650","241","0","0","0","-0","4529","0.4430","0","0.1830","241","2","100","7229","5","88","5","25","5","5","13","12","-0","-0","100","130","19","0","0","1","1","0","0","420","429","460","458","462","241","241","243","243","-3","-0","0","1","-16","-17","-13","-14","620","666","607","632"
"87.700","239","0","0","0","-0","4532","0.2480","0","0.2030","242","2","100","7245","5","88","5","25","5","5","17","18","-1","-0","100","130","19","0","0","1","1","0","0","420","423","446","533","540","241","242","243","243","-3","-0","0","1","-15","-16","-15","-16","619","666","607","632"
"87.750","241","0","0","0","-0","4535","0.3110","0","0.1570","242","1","100","7261","5","88","5","25","5","5","17","17","-1","-0","100","130","19","0","0","1","1","0","0","420","432","435","488","498","242","242","244","244","-2","-0","0","1","-16","-16","-14","-15","618","664","607","632"
"87.800","242","0","0","0","-0","4539","0.3260","0","0.1100","243","1","100","7290","5","88","5","24","5","5","14","14","-1","-0","100","130","19","0","0","1","1","0","0","420","438","420","429","434","243","243","245","245","-2","-0","0","1","-16","-15","-12","-13","620","666","608","631"
"87.850","244","-0","0","0","-0","4542","0.2860","0","0.0890","243","1","100","7319","5","88","5","23","5","5","14","13","-1","-0","100","130","19","0","0","1","1","0","0","420","409","402","430","432","243","243","246","246","-2","-0","0","1","-15","-14","-12","-13","617","664","607","631"
"87.900","241","0","0","0","-0","4546","0.3120","0","0.0830","244","1","100","7322","5","88","5","24","5","5","14","14","-1","-0","100","130","19","0","0","1","1","0","0","420","416","433","457","458","244","244","246","246","-2","-0","0","1","-15","-16","-13","-13","619","665","604","630"
"87.950","241","-0","0","-0","-0","4549","0.3090","0","0.1110","244","1","100","7329","5","88","5","25","5","5","16","15","-0","-0","100","130","19","0","0","1","1","0","0","420","425","456","493","492","244","244","246","246","-2","-0","0","1","-16","-17","-14","-15","617","664","605","631"
"88.000","241","0","-0","-0","-0","4552","0.2660","0","0.1150","245","2","100","7337","5","88","5","24","5","5","16","16","-0","-0","100","130","19","0","0","1","1","0","0","420","406","460","482","483","245","245","247","247","-2","-0","0","1","-15","-17","-14","-14","616","662","604","630"
"88.050","248","0","0","0","-0","4556","0.2960","0","0.1290","246","2","100","7363","5","88","4","24","5","5","15","14","-0","-0","100","130","19","0","0","1","1","0","0","420","412","458","456","462","246","246","247","248","-2","-0","0","1","-15","-17","-13","-14","616","663","603","630"
"88.100","250","0","0","0","-0","4559","0.2550","0","0.1270","246","1","100","7356","5","88","5","23","5","5","15","15","-1","-0","100","130","19","0","0","1","1","0","0","420","412","456","460","461","246","246","248","248","-2","-0","0","1","-15","-17","-13","-13","617","663","604","629"
"88.150","255","0","0","0","-0","4563","0.3020","0","0.1260","247","1","100","7387","5","88","5","23","6","5","15","14","-1","-0","100","130","19","0","0","1","1","0","0","420","423","476","478","471","246","247","248","248","-2","-0","0","1","-15","-17","-14","-14","615","661","603","630"
"88.200","251","0","0","0","-0","4566","0.2430","0","0.1150","247","1","100","7395","5","88","5","23","5","5","16","15","-1","-0","100","130","19","0","0","1","1","0","0","420","426","481","498","489","247","247","249","249","-2","-0","0","1","-15","-18","-14","-14","617","664","603","629"
"88.250","248","0","0","0","-0","4569","0.3020","0","0.1050","248","1","100","7421","5","88","5","24","6","5","16","16","-1","-0","100","130","19","0","0","1","1","0","0","420","423","456","494","491","248","248","249","250","-2","-0","0","1","-15","-17","-14","-14","616","662","603","628"
"88.300","244","0","0","1","-0","4573","0.2630","0","0.1110","248","1","100","7450","5","88","5","23","5","5","16","15","-1","-0","100","130","19","0","0","1","1","0","0","420","402","436","461","468","248","248","250","250","-2","-0","0","1","-14","-16","-13","-14","616","663","602","627"
"88.350","240","0","0","0","-0","4576","0.3290","0","0.1020","249","1","100","7462","5","88","6","23","5","5","14","14","-1","-0","100","130","19","0","0","1","1","0","0","420","392","431","442","447","249","249","251","251","-2","-0","0","1","-14","-16","-13","-13","616","662","602","627"
"88.400","238","0","0","0","-0","4580","0.3210","0","0.0990","249","1","100","7476","5","88","6","24","5","5","15","15","-1","-0","100","130","19","0","0","1","1","0","0","420","409","424","474","477","249","249","252","252","-2","-0","0","1","-15","-15","-14","-14","614","661","601","627"
"88.450","235","-0","0","-0","-0","4583","0.2980","0","0.0780","250","1","100","7497","5","88","6","25","5","5","16","15","-1","-0","100","130","19","0","0","1","1","0","0","420","403","428","482","477","250","250","252","252","-2","-0","0","1","-14","-15","-14","-14","615","662","603","627"
"88.500","237","0","0","0","-0","4587","0.3560","0","0.0820","250","1","100","7534","5","89","6","25","5","5","15","14","-1","-0","100","130","19","0","0","1","1","0","0","420","390","435","451","448","250","250","253","253","-2","-0","0","1","-14","-16","-13","-13","612","657","600","627"
"88.550","237","0","0","0","-0","4587","0.3560","0","0.0820","250","1","100","7534","5","89","6","25","5","5","15","14","-1","-0","100","130","19","0","0","1","1","0","0","420","390","435","451","448","250","250","253","253","-2","-0","0","1","-14","-16","-13","-13","612","657","600","627"
